ISO-10303-21;
HEADER;
FILE_DESCRIPTION(('FreeCAD Model'),'2;1');
FILE_NAME('Open CASCADE Shape Model','2026-09-08T21:37:47',('FreeCAD'),(
    'FreeCAD'),'Open CASCADE STEP processor 7.9','FreeCAD','Unknown');
FILE_SCHEMA(('AUTOMOTIVE_DESIGN { 1 0 10303 214 1 1 1 1 }'));
ENDSEC;
DATA;
#1 = APPLICATION_PROTOCOL_DEFINITION('international standard',
  'automotive_design',2000,#2);
#2 = APPLICATION_CONTEXT(
  'core data for automotive mechanical design processes');
#3 = SHAPE_DEFINITION_REPRESENTATION(#4,#10);
#4 = PRODUCT_DEFINITION_SHAPE('','',#5);
#5 = PRODUCT_DEFINITION('design','',#6,#9);
#6 = PRODUCT_DEFINITION_FORMATION('','',#7);
#7 = PRODUCT('Open CASCADE STEP translator 7.9 1',
  'Open CASCADE STEP translator 7.9 1','',(#8));
#8 = PRODUCT_CONTEXT('',#2,'mechanical');
#9 = PRODUCT_DEFINITION_CONTEXT('part definition',#2,'design');
#10 = SHAPE_REPRESENTATION('',(#11,#15,#3821,#7237),#11025);
#11 = AXIS2_PLACEMENT_3D('',#12,#13,#14);
#12 = CARTESIAN_POINT('',(0.,0.,0.));
#13 = DIRECTION('',(0.,0.,1.));
#14 = DIRECTION('',(1.,0.,-0.));
#15 = MANIFOLD_SOLID_BREP('',#16);
#16 = CLOSED_SHELL('',(#17,#80,#105,#168,#193,#233,#266,#299,#332,#365,
    #382,#399,#474,#505,#522,#553,#570,#817,#835,#853,#886,#911,#936,
    #961,#986,#1004,#1035,#1053,#1084,#1113,#1138,#1160,#1182,#1206,
    #1230,#1283,#1336,#1371,#1406,#1423,#1455,#1479,#1504,#1536,#1560,
    #1584,#1602,#1627,#1638,#1649,#1661,#1681,#1701,#1721,#1741,#1752,
    #1763,#1780,#1805,#1830,#1840,#1857,#1874,#1884,#1901,#1918,#1935,
    #1960,#2013,#2038,#2055,#2080,#2133,#2158,#2181,#2192,#2209,#2283,
    #2351,#2404,#2429,#2454,#2507,#2539,#2606,#2674,#2699,#2737,#2771,
    #2809,#2833,#2894,#2961,#2986,#3011,#3078,#3139,#3172,#3202,#3236,
    #3274,#3298,#3323,#3353,#3387,#3411,#3441,#3471,#3505,#3535,#3559,
    #3605,#3650,#3696,#3741,#3759,#3777,#3799));
#17 = ADVANCED_FACE('',(#18),#75,.T.);
#18 = FACE_BOUND('',#19,.T.);
#19 = EDGE_LOOP('',(#20,#30,#39,#60,#68));
#20 = ORIENTED_EDGE('',*,*,#21,.F.);
#21 = EDGE_CURVE('',#22,#24,#26,.T.);
#22 = VERTEX_POINT('',#23);
#23 = CARTESIAN_POINT('',(22.,22.,10.));
#24 = VERTEX_POINT('',#25);
#25 = CARTESIAN_POINT('',(24.,22.,10.));
#26 = LINE('',#27,#28);
#27 = CARTESIAN_POINT('',(-26.,22.,10.));
#28 = VECTOR('',#29,1.);
#29 = DIRECTION('',(1.,0.,0.));
#30 = ORIENTED_EDGE('',*,*,#31,.T.);
#31 = EDGE_CURVE('',#22,#32,#34,.T.);
#32 = VERTEX_POINT('',#33);
#33 = CARTESIAN_POINT('',(22.,21.732050807569,11.));
#34 = CIRCLE('',#35,2.);
#35 = AXIS2_PLACEMENT_3D('',#36,#37,#38);
#36 = CARTESIAN_POINT('',(22.,20.,10.));
#37 = DIRECTION('',(1.,0.,0.));
#38 = DIRECTION('',(0.,1.,0.));
#39 = ORIENTED_EDGE('',*,*,#40,.T.);
#40 = EDGE_CURVE('',#32,#41,#43,.T.);
#41 = VERTEX_POINT('',#42);
#42 = CARTESIAN_POINT('',(21.,20.,12.));
#43 = B_SPLINE_CURVE_WITH_KNOTS('',8,(#44,#45,#46,#47,#48,#49,#50,#51,
    #52,#53,#54,#55,#56,#57,#58,#59),.UNSPECIFIED.,.F.,.F.,(9,7,9),(0.,
    0.221769718916,1.),.UNSPECIFIED.);
#44 = CARTESIAN_POINT('',(22.,21.732050807569,11.));
#45 = CARTESIAN_POINT('',(22.,21.698365682986,11.058344347237));
#46 = CARTESIAN_POINT('',(21.996109654512,21.662542443626,
    11.115204787385));
#47 = CARTESIAN_POINT('',(21.988675205969,21.624745707239,
    11.170354819617));
#48 = CARTESIAN_POINT('',(21.97803062981,21.585163192318,11.223608959716
    ));
#49 = CARTESIAN_POINT('',(21.9645013078,21.544001565418,11.274816418429)
  );
#50 = CARTESIAN_POINT('',(21.948406748537,21.501483382736,
    11.323856628568));
#51 = CARTESIAN_POINT('',(21.930062355152,21.457845125942,
    11.370636620883));
#52 = CARTESIAN_POINT('',(21.838606609739,21.257146879619,
    11.571086114204));
#53 = CARTESIAN_POINT('',(21.742403953918,21.087672980114,
    11.700993367775));
#54 = CARTESIAN_POINT('',(21.631262902465,20.910647707944,
    11.804736157677));
#55 = CARTESIAN_POINT('',(21.511428876618,20.730325900191,
    11.884365391847));
#56 = CARTESIAN_POINT('',(21.386989868634,20.54909238493,11.942207235186
    ));
#57 = CARTESIAN_POINT('',(21.259993502904,20.367689981611,
    11.980386674737));
#58 = CARTESIAN_POINT('',(21.131010319726,20.18527594325,11.999999621171
    ));
#59 = CARTESIAN_POINT('',(21.,20.,12.));
#60 = ORIENTED_EDGE('',*,*,#61,.T.);
#61 = EDGE_CURVE('',#41,#62,#64,.T.);
#62 = VERTEX_POINT('',#63);
#63 = CARTESIAN_POINT('',(24.,20.,12.));
#64 = LINE('',#65,#66);
#65 = CARTESIAN_POINT('',(-26.,20.,12.));
#66 = VECTOR('',#67,1.);
#67 = DIRECTION('',(1.,0.,0.));
#68 = ORIENTED_EDGE('',*,*,#69,.F.);
#69 = EDGE_CURVE('',#24,#62,#70,.T.);
#70 = CIRCLE('',#71,2.);
#71 = AXIS2_PLACEMENT_3D('',#72,#73,#74);
#72 = CARTESIAN_POINT('',(24.,20.,10.));
#73 = DIRECTION('',(1.,0.,-6.123233995737E-17));
#74 = DIRECTION('',(6.123233995737E-17,0.,1.));
#75 = CYLINDRICAL_SURFACE('',#76,2.);
#76 = AXIS2_PLACEMENT_3D('',#77,#78,#79);
#77 = CARTESIAN_POINT('',(-26.,20.,10.));
#78 = DIRECTION('',(1.,0.,0.));
#79 = DIRECTION('',(0.,1.,0.));
#80 = ADVANCED_FACE('',(#81),#100,.T.);
#81 = FACE_BOUND('',#82,.T.);
#82 = EDGE_LOOP('',(#83,#92,#93));
#83 = ORIENTED_EDGE('',*,*,#84,.F.);
#84 = EDGE_CURVE('',#24,#85,#87,.T.);
#85 = VERTEX_POINT('',#86);
#86 = CARTESIAN_POINT('',(26.,20.,10.));
#87 = CIRCLE('',#88,2.);
#88 = AXIS2_PLACEMENT_3D('',#89,#90,#91);
#89 = CARTESIAN_POINT('',(24.,20.,10.));
#90 = DIRECTION('',(0.,0.,-1.));
#91 = DIRECTION('',(1.,0.,0.));
#92 = ORIENTED_EDGE('',*,*,#69,.T.);
#93 = ORIENTED_EDGE('',*,*,#94,.F.);
#94 = EDGE_CURVE('',#85,#62,#95,.T.);
#95 = CIRCLE('',#96,2.);
#96 = AXIS2_PLACEMENT_3D('',#97,#98,#99);
#97 = CARTESIAN_POINT('',(24.,20.,10.));
#98 = DIRECTION('',(0.,-1.,0.));
#99 = DIRECTION('',(1.,0.,0.));
#100 = SPHERICAL_SURFACE('',#101,2.);
#101 = AXIS2_PLACEMENT_3D('',#102,#103,#104);
#102 = CARTESIAN_POINT('',(24.,20.,10.));
#103 = DIRECTION('',(0.,-1.,0.));
#104 = DIRECTION('',(1.,0.,0.));
#105 = ADVANCED_FACE('',(#106),#163,.T.);
#106 = FACE_BOUND('',#107,.T.);
#107 = EDGE_LOOP('',(#108,#118,#127,#135,#156));
#108 = ORIENTED_EDGE('',*,*,#109,.F.);
#109 = EDGE_CURVE('',#110,#112,#114,.T.);
#110 = VERTEX_POINT('',#111);
#111 = CARTESIAN_POINT('',(-24.,22.,10.));
#112 = VERTEX_POINT('',#113);
#113 = CARTESIAN_POINT('',(-22.,22.,10.));
#114 = LINE('',#115,#116);
#115 = CARTESIAN_POINT('',(-26.,22.,10.));
#116 = VECTOR('',#117,1.);
#117 = DIRECTION('',(1.,0.,0.));
#118 = ORIENTED_EDGE('',*,*,#119,.T.);
#119 = EDGE_CURVE('',#110,#120,#122,.T.);
#120 = VERTEX_POINT('',#121);
#121 = CARTESIAN_POINT('',(-24.,20.,12.));
#122 = CIRCLE('',#123,2.);
#123 = AXIS2_PLACEMENT_3D('',#124,#125,#126);
#124 = CARTESIAN_POINT('',(-24.,20.,10.));
#125 = DIRECTION('',(1.,0.,6.123233995737E-17));
#126 = DIRECTION('',(-6.123233995737E-17,0.,1.));
#127 = ORIENTED_EDGE('',*,*,#128,.T.);
#128 = EDGE_CURVE('',#120,#129,#131,.T.);
#129 = VERTEX_POINT('',#130);
#130 = CARTESIAN_POINT('',(-21.,20.,12.));
#131 = LINE('',#132,#133);
#132 = CARTESIAN_POINT('',(-26.,20.,12.));
#133 = VECTOR('',#134,1.);
#134 = DIRECTION('',(1.,0.,0.));
#135 = ORIENTED_EDGE('',*,*,#136,.F.);
#136 = EDGE_CURVE('',#137,#129,#139,.T.);
#137 = VERTEX_POINT('',#138);
#138 = CARTESIAN_POINT('',(-22.,21.732050807569,11.));
#139 = B_SPLINE_CURVE_WITH_KNOTS('',8,(#140,#141,#142,#143,#144,#145,
    #146,#147,#148,#149,#150,#151,#152,#153,#154,#155),.UNSPECIFIED.,.F.
  ,.F.,(9,7,9),(0.,0.221769718853,1.),.UNSPECIFIED.);
#140 = CARTESIAN_POINT('',(-22.,21.732050807569,11.));
#141 = CARTESIAN_POINT('',(-22.,21.698365682975,11.058344347255));
#142 = CARTESIAN_POINT('',(-21.9961096545,21.66254244362,11.115204787392
    ));
#143 = CARTESIAN_POINT('',(-21.98867520596,21.624745707244,
    11.170354819608));
#144 = CARTESIAN_POINT('',(-21.97803062981,21.58516319233,11.2236089597)
  );
#145 = CARTESIAN_POINT('',(-21.9645013078,21.544001565427,
    11.274816418419));
#146 = CARTESIAN_POINT('',(-21.94840674853,21.501483382732,
    11.323856628575));
#147 = CARTESIAN_POINT('',(-21.93006235514,21.457845125925,11.3706366209
    ));
#148 = CARTESIAN_POINT('',(-21.83860660974,21.25714687962,
    11.571086114203));
#149 = CARTESIAN_POINT('',(-21.74240395391,21.087672980114,
    11.700993367774));
#150 = CARTESIAN_POINT('',(-21.63126290246,20.910647707944,
    11.804736157681));
#151 = CARTESIAN_POINT('',(-21.51142887661,20.730325900186,
    11.884365391844));
#152 = CARTESIAN_POINT('',(-21.38698986863,20.549092384933,
    11.942207235187));
#153 = CARTESIAN_POINT('',(-21.2599935029,20.367689981615,
    11.980386674736));
#154 = CARTESIAN_POINT('',(-21.13101031972,20.185275943246,
    11.999999621171));
#155 = CARTESIAN_POINT('',(-21.,20.,12.));
#156 = ORIENTED_EDGE('',*,*,#157,.F.);
#157 = EDGE_CURVE('',#112,#137,#158,.T.);
#158 = CIRCLE('',#159,2.);
#159 = AXIS2_PLACEMENT_3D('',#160,#161,#162);
#160 = CARTESIAN_POINT('',(-22.,20.,10.));
#161 = DIRECTION('',(1.,0.,0.));
#162 = DIRECTION('',(0.,1.,0.));
#163 = CYLINDRICAL_SURFACE('',#164,2.);
#164 = AXIS2_PLACEMENT_3D('',#165,#166,#167);
#165 = CARTESIAN_POINT('',(-26.,20.,10.));
#166 = DIRECTION('',(1.,0.,0.));
#167 = DIRECTION('',(0.,1.,0.));
#168 = ADVANCED_FACE('',(#169),#188,.T.);
#169 = FACE_BOUND('',#170,.F.);
#170 = EDGE_LOOP('',(#171,#180,#181));
#171 = ORIENTED_EDGE('',*,*,#172,.F.);
#172 = EDGE_CURVE('',#110,#173,#175,.T.);
#173 = VERTEX_POINT('',#174);
#174 = CARTESIAN_POINT('',(-26.,20.,10.));
#175 = CIRCLE('',#176,2.);
#176 = AXIS2_PLACEMENT_3D('',#177,#178,#179);
#177 = CARTESIAN_POINT('',(-24.,20.,10.));
#178 = DIRECTION('',(0.,0.,1.));
#179 = DIRECTION('',(-1.,0.,0.));
#180 = ORIENTED_EDGE('',*,*,#119,.T.);
#181 = ORIENTED_EDGE('',*,*,#182,.F.);
#182 = EDGE_CURVE('',#173,#120,#183,.T.);
#183 = CIRCLE('',#184,2.);
#184 = AXIS2_PLACEMENT_3D('',#185,#186,#187);
#185 = CARTESIAN_POINT('',(-24.,20.,10.));
#186 = DIRECTION('',(0.,1.,-0.));
#187 = DIRECTION('',(-1.,0.,0.));
#188 = SPHERICAL_SURFACE('',#189,2.);
#189 = AXIS2_PLACEMENT_3D('',#190,#191,#192);
#190 = CARTESIAN_POINT('',(-24.,20.,10.));
#191 = DIRECTION('',(0.,-1.,0.));
#192 = DIRECTION('',(-1.,0.,0.));
#193 = ADVANCED_FACE('',(#194),#228,.F.);
#194 = FACE_BOUND('',#195,.F.);
#195 = EDGE_LOOP('',(#196,#206,#214,#222));
#196 = ORIENTED_EDGE('',*,*,#197,.F.);
#197 = EDGE_CURVE('',#198,#200,#202,.T.);
#198 = VERTEX_POINT('',#199);
#199 = CARTESIAN_POINT('',(-45.,2.,-29.));
#200 = VERTEX_POINT('',#201);
#201 = CARTESIAN_POINT('',(-45.,2.,107.));
#202 = LINE('',#203,#204);
#203 = CARTESIAN_POINT('',(-45.,2.,-31.));
#204 = VECTOR('',#205,1.);
#205 = DIRECTION('',(0.,0.,1.));
#206 = ORIENTED_EDGE('',*,*,#207,.T.);
#207 = EDGE_CURVE('',#198,#208,#210,.T.);
#208 = VERTEX_POINT('',#209);
#209 = CARTESIAN_POINT('',(-45.,6.,-29.));
#210 = LINE('',#211,#212);
#211 = CARTESIAN_POINT('',(-45.,0.,-29.));
#212 = VECTOR('',#213,1.);
#213 = DIRECTION('',(0.,1.,0.));
#214 = ORIENTED_EDGE('',*,*,#215,.T.);
#215 = EDGE_CURVE('',#208,#216,#218,.T.);
#216 = VERTEX_POINT('',#217);
#217 = CARTESIAN_POINT('',(-45.,6.,107.));
#218 = LINE('',#219,#220);
#219 = CARTESIAN_POINT('',(-45.,6.,-31.));
#220 = VECTOR('',#221,1.);
#221 = DIRECTION('',(0.,0.,1.));
#222 = ORIENTED_EDGE('',*,*,#223,.F.);
#223 = EDGE_CURVE('',#200,#216,#224,.T.);
#224 = LINE('',#225,#226);
#225 = CARTESIAN_POINT('',(-45.,0.,107.));
#226 = VECTOR('',#227,1.);
#227 = DIRECTION('',(0.,1.,0.));
#228 = PLANE('',#229);
#229 = AXIS2_PLACEMENT_3D('',#230,#231,#232);
#230 = CARTESIAN_POINT('',(-45.,0.,-31.));
#231 = DIRECTION('',(1.,0.,0.));
#232 = DIRECTION('',(0.,0.,1.));
#233 = ADVANCED_FACE('',(#234),#261,.T.);
#234 = FACE_BOUND('',#235,.T.);
#235 = EDGE_LOOP('',(#236,#237,#246,#254));
#236 = ORIENTED_EDGE('',*,*,#197,.F.);
#237 = ORIENTED_EDGE('',*,*,#238,.T.);
#238 = EDGE_CURVE('',#198,#239,#241,.T.);
#239 = VERTEX_POINT('',#240);
#240 = CARTESIAN_POINT('',(-43.,-4.440892098501E-16,-29.));
#241 = CIRCLE('',#242,2.);
#242 = AXIS2_PLACEMENT_3D('',#243,#244,#245);
#243 = CARTESIAN_POINT('',(-43.,2.,-29.));
#244 = DIRECTION('',(0.,0.,1.));
#245 = DIRECTION('',(-1.,0.,0.));
#246 = ORIENTED_EDGE('',*,*,#247,.T.);
#247 = EDGE_CURVE('',#239,#248,#250,.T.);
#248 = VERTEX_POINT('',#249);
#249 = CARTESIAN_POINT('',(-43.,-4.440892098501E-16,107.));
#250 = LINE('',#251,#252);
#251 = CARTESIAN_POINT('',(-43.,-4.440892098501E-16,-31.));
#252 = VECTOR('',#253,1.);
#253 = DIRECTION('',(0.,0.,1.));
#254 = ORIENTED_EDGE('',*,*,#255,.F.);
#255 = EDGE_CURVE('',#200,#248,#256,.T.);
#256 = CIRCLE('',#257,2.);
#257 = AXIS2_PLACEMENT_3D('',#258,#259,#260);
#258 = CARTESIAN_POINT('',(-43.,2.,107.));
#259 = DIRECTION('',(0.,0.,1.));
#260 = DIRECTION('',(-1.,0.,0.));
#261 = CYLINDRICAL_SURFACE('',#262,2.);
#262 = AXIS2_PLACEMENT_3D('',#263,#264,#265);
#263 = CARTESIAN_POINT('',(-43.,2.,-31.));
#264 = DIRECTION('',(0.,0.,1.));
#265 = DIRECTION('',(-1.,0.,0.));
#266 = ADVANCED_FACE('',(#267),#294,.T.);
#267 = FACE_BOUND('',#268,.F.);
#268 = EDGE_LOOP('',(#269,#278,#286,#293));
#269 = ORIENTED_EDGE('',*,*,#270,.F.);
#270 = EDGE_CURVE('',#271,#198,#273,.T.);
#271 = VERTEX_POINT('',#272);
#272 = CARTESIAN_POINT('',(-43.,2.,-31.));
#273 = CIRCLE('',#274,2.);
#274 = AXIS2_PLACEMENT_3D('',#275,#276,#277);
#275 = CARTESIAN_POINT('',(-43.,2.,-29.));
#276 = DIRECTION('',(0.,1.,-0.));
#277 = DIRECTION('',(-1.,0.,0.));
#278 = ORIENTED_EDGE('',*,*,#279,.T.);
#279 = EDGE_CURVE('',#271,#280,#282,.T.);
#280 = VERTEX_POINT('',#281);
#281 = CARTESIAN_POINT('',(-43.,6.,-31.));
#282 = LINE('',#283,#284);
#283 = CARTESIAN_POINT('',(-43.,0.,-31.));
#284 = VECTOR('',#285,1.);
#285 = DIRECTION('',(0.,1.,0.));
#286 = ORIENTED_EDGE('',*,*,#287,.T.);
#287 = EDGE_CURVE('',#280,#208,#288,.T.);
#288 = CIRCLE('',#289,2.);
#289 = AXIS2_PLACEMENT_3D('',#290,#291,#292);
#290 = CARTESIAN_POINT('',(-43.,6.,-29.));
#291 = DIRECTION('',(0.,1.,-0.));
#292 = DIRECTION('',(-1.,0.,0.));
#293 = ORIENTED_EDGE('',*,*,#207,.F.);
#294 = CYLINDRICAL_SURFACE('',#295,2.);
#295 = AXIS2_PLACEMENT_3D('',#296,#297,#298);
#296 = CARTESIAN_POINT('',(-43.,0.,-29.));
#297 = DIRECTION('',(0.,1.,0.));
#298 = DIRECTION('',(-1.,0.,0.));
#299 = ADVANCED_FACE('',(#300),#327,.T.);
#300 = FACE_BOUND('',#301,.T.);
#301 = EDGE_LOOP('',(#302,#311,#319,#326));
#302 = ORIENTED_EDGE('',*,*,#303,.F.);
#303 = EDGE_CURVE('',#304,#200,#306,.T.);
#304 = VERTEX_POINT('',#305);
#305 = CARTESIAN_POINT('',(-43.,2.,109.));
#306 = CIRCLE('',#307,2.);
#307 = AXIS2_PLACEMENT_3D('',#308,#309,#310);
#308 = CARTESIAN_POINT('',(-43.,2.,107.));
#309 = DIRECTION('',(0.,-1.,0.));
#310 = DIRECTION('',(-1.,0.,0.));
#311 = ORIENTED_EDGE('',*,*,#312,.T.);
#312 = EDGE_CURVE('',#304,#313,#315,.T.);
#313 = VERTEX_POINT('',#314);
#314 = CARTESIAN_POINT('',(-43.,6.,109.));
#315 = LINE('',#316,#317);
#316 = CARTESIAN_POINT('',(-43.,0.,109.));
#317 = VECTOR('',#318,1.);
#318 = DIRECTION('',(0.,1.,0.));
#319 = ORIENTED_EDGE('',*,*,#320,.F.);
#320 = EDGE_CURVE('',#216,#313,#321,.T.);
#321 = CIRCLE('',#322,2.);
#322 = AXIS2_PLACEMENT_3D('',#323,#324,#325);
#323 = CARTESIAN_POINT('',(-43.,6.,107.));
#324 = DIRECTION('',(0.,1.,-0.));
#325 = DIRECTION('',(-1.,0.,0.));
#326 = ORIENTED_EDGE('',*,*,#223,.F.);
#327 = CYLINDRICAL_SURFACE('',#328,2.);
#328 = AXIS2_PLACEMENT_3D('',#329,#330,#331);
#329 = CARTESIAN_POINT('',(-43.,0.,107.));
#330 = DIRECTION('',(0.,1.,0.));
#331 = DIRECTION('',(-1.,0.,0.));
#332 = ADVANCED_FACE('',(#333),#360,.T.);
#333 = FACE_BOUND('',#334,.F.);
#334 = EDGE_LOOP('',(#335,#336,#345,#353));
#335 = ORIENTED_EDGE('',*,*,#215,.F.);
#336 = ORIENTED_EDGE('',*,*,#337,.T.);
#337 = EDGE_CURVE('',#208,#338,#340,.T.);
#338 = VERTEX_POINT('',#339);
#339 = CARTESIAN_POINT('',(-43.,8.,-29.));
#340 = CIRCLE('',#341,2.);
#341 = AXIS2_PLACEMENT_3D('',#342,#343,#344);
#342 = CARTESIAN_POINT('',(-43.,6.,-29.));
#343 = DIRECTION('',(0.,0.,-1.));
#344 = DIRECTION('',(-1.,0.,0.));
#345 = ORIENTED_EDGE('',*,*,#346,.T.);
#346 = EDGE_CURVE('',#338,#347,#349,.T.);
#347 = VERTEX_POINT('',#348);
#348 = CARTESIAN_POINT('',(-43.,8.,107.));
#349 = LINE('',#350,#351);
#350 = CARTESIAN_POINT('',(-43.,8.,-31.));
#351 = VECTOR('',#352,1.);
#352 = DIRECTION('',(0.,0.,1.));
#353 = ORIENTED_EDGE('',*,*,#354,.T.);
#354 = EDGE_CURVE('',#347,#216,#355,.T.);
#355 = CIRCLE('',#356,2.);
#356 = AXIS2_PLACEMENT_3D('',#357,#358,#359);
#357 = CARTESIAN_POINT('',(-43.,6.,107.));
#358 = DIRECTION('',(0.,0.,1.));
#359 = DIRECTION('',(-1.,0.,0.));
#360 = CYLINDRICAL_SURFACE('',#361,2.);
#361 = AXIS2_PLACEMENT_3D('',#362,#363,#364);
#362 = CARTESIAN_POINT('',(-43.,6.,-31.));
#363 = DIRECTION('',(0.,0.,1.));
#364 = DIRECTION('',(-1.,0.,0.));
#365 = ADVANCED_FACE('',(#366),#377,.T.);
#366 = FACE_BOUND('',#367,.T.);
#367 = EDGE_LOOP('',(#368,#369,#376));
#368 = ORIENTED_EDGE('',*,*,#270,.F.);
#369 = ORIENTED_EDGE('',*,*,#370,.T.);
#370 = EDGE_CURVE('',#271,#239,#371,.T.);
#371 = CIRCLE('',#372,2.);
#372 = AXIS2_PLACEMENT_3D('',#373,#374,#375);
#373 = CARTESIAN_POINT('',(-43.,2.,-29.));
#374 = DIRECTION('',(-1.,6.123233995737E-17,0.));
#375 = DIRECTION('',(-6.123233995737E-17,-1.,0.));
#376 = ORIENTED_EDGE('',*,*,#238,.F.);
#377 = SPHERICAL_SURFACE('',#378,2.);
#378 = AXIS2_PLACEMENT_3D('',#379,#380,#381);
#379 = CARTESIAN_POINT('',(-43.,2.,-29.));
#380 = DIRECTION('',(0.,0.,1.));
#381 = DIRECTION('',(-1.,0.,0.));
#382 = ADVANCED_FACE('',(#383),#394,.T.);
#383 = FACE_BOUND('',#384,.F.);
#384 = EDGE_LOOP('',(#385,#386,#393));
#385 = ORIENTED_EDGE('',*,*,#303,.F.);
#386 = ORIENTED_EDGE('',*,*,#387,.T.);
#387 = EDGE_CURVE('',#304,#248,#388,.T.);
#388 = CIRCLE('',#389,2.);
#389 = AXIS2_PLACEMENT_3D('',#390,#391,#392);
#390 = CARTESIAN_POINT('',(-43.,2.,107.));
#391 = DIRECTION('',(1.,-6.123233995737E-17,0.));
#392 = DIRECTION('',(-6.123233995737E-17,-1.,0.));
#393 = ORIENTED_EDGE('',*,*,#255,.F.);
#394 = SPHERICAL_SURFACE('',#395,2.);
#395 = AXIS2_PLACEMENT_3D('',#396,#397,#398);
#396 = CARTESIAN_POINT('',(-43.,2.,107.));
#397 = DIRECTION('',(-0.,-0.,-1.));
#398 = DIRECTION('',(-1.,0.,0.));
#399 = ADVANCED_FACE('',(#400,#425,#436,#447,#458),#469,.F.);
#400 = FACE_BOUND('',#401,.F.);
#401 = EDGE_LOOP('',(#402,#403,#411,#419));
#402 = ORIENTED_EDGE('',*,*,#247,.T.);
#403 = ORIENTED_EDGE('',*,*,#404,.T.);
#404 = EDGE_CURVE('',#248,#405,#407,.T.);
#405 = VERTEX_POINT('',#406);
#406 = CARTESIAN_POINT('',(43.,-4.440892098501E-16,107.));
#407 = LINE('',#408,#409);
#408 = CARTESIAN_POINT('',(-45.,-4.440892098501E-16,107.));
#409 = VECTOR('',#410,1.);
#410 = DIRECTION('',(1.,0.,0.));
#411 = ORIENTED_EDGE('',*,*,#412,.F.);
#412 = EDGE_CURVE('',#413,#405,#415,.T.);
#413 = VERTEX_POINT('',#414);
#414 = CARTESIAN_POINT('',(43.,-4.440892098501E-16,-29.));
#415 = LINE('',#416,#417);
#416 = CARTESIAN_POINT('',(43.,-4.440892098501E-16,-31.));
#417 = VECTOR('',#418,1.);
#418 = DIRECTION('',(0.,0.,1.));
#419 = ORIENTED_EDGE('',*,*,#420,.F.);
#420 = EDGE_CURVE('',#239,#413,#421,.T.);
#421 = LINE('',#422,#423);
#422 = CARTESIAN_POINT('',(-45.,-4.440892098501E-16,-29.));
#423 = VECTOR('',#424,1.);
#424 = DIRECTION('',(1.,0.,0.));
#425 = FACE_BOUND('',#426,.F.);
#426 = EDGE_LOOP('',(#427));
#427 = ORIENTED_EDGE('',*,*,#428,.F.);
#428 = EDGE_CURVE('',#429,#429,#431,.T.);
#429 = VERTEX_POINT('',#430);
#430 = CARTESIAN_POINT('',(-30.,0.,-13.6));
#431 = CIRCLE('',#432,2.4);
#432 = AXIS2_PLACEMENT_3D('',#433,#434,#435);
#433 = CARTESIAN_POINT('',(-30.,0.,-16.));
#434 = DIRECTION('',(0.,1.,0.));
#435 = DIRECTION('',(0.,0.,1.));
#436 = FACE_BOUND('',#437,.F.);
#437 = EDGE_LOOP('',(#438));
#438 = ORIENTED_EDGE('',*,*,#439,.F.);
#439 = EDGE_CURVE('',#440,#440,#442,.T.);
#440 = VERTEX_POINT('',#441);
#441 = CARTESIAN_POINT('',(-30.,0.,96.4));
#442 = CIRCLE('',#443,2.4);
#443 = AXIS2_PLACEMENT_3D('',#444,#445,#446);
#444 = CARTESIAN_POINT('',(-30.,0.,94.));
#445 = DIRECTION('',(0.,1.,0.));
#446 = DIRECTION('',(0.,0.,1.));
#447 = FACE_BOUND('',#448,.F.);
#448 = EDGE_LOOP('',(#449));
#449 = ORIENTED_EDGE('',*,*,#450,.F.);
#450 = EDGE_CURVE('',#451,#451,#453,.T.);
#451 = VERTEX_POINT('',#452);
#452 = CARTESIAN_POINT('',(30.,0.,-13.6));
#453 = CIRCLE('',#454,2.4);
#454 = AXIS2_PLACEMENT_3D('',#455,#456,#457);
#455 = CARTESIAN_POINT('',(30.,0.,-16.));
#456 = DIRECTION('',(0.,1.,0.));
#457 = DIRECTION('',(0.,0.,1.));
#458 = FACE_BOUND('',#459,.F.);
#459 = EDGE_LOOP('',(#460));
#460 = ORIENTED_EDGE('',*,*,#461,.F.);
#461 = EDGE_CURVE('',#462,#462,#464,.T.);
#462 = VERTEX_POINT('',#463);
#463 = CARTESIAN_POINT('',(30.,0.,96.4));
#464 = CIRCLE('',#465,2.4);
#465 = AXIS2_PLACEMENT_3D('',#466,#467,#468);
#466 = CARTESIAN_POINT('',(30.,0.,94.));
#467 = DIRECTION('',(0.,1.,0.));
#468 = DIRECTION('',(0.,0.,1.));
#469 = PLANE('',#470);
#470 = AXIS2_PLACEMENT_3D('',#471,#472,#473);
#471 = CARTESIAN_POINT('',(-45.,0.,-31.));
#472 = DIRECTION('',(0.,1.,0.));
#473 = DIRECTION('',(0.,0.,1.));
#474 = ADVANCED_FACE('',(#475),#500,.F.);
#475 = FACE_BOUND('',#476,.F.);
#476 = EDGE_LOOP('',(#477,#478,#486,#494));
#477 = ORIENTED_EDGE('',*,*,#279,.F.);
#478 = ORIENTED_EDGE('',*,*,#479,.T.);
#479 = EDGE_CURVE('',#271,#480,#482,.T.);
#480 = VERTEX_POINT('',#481);
#481 = CARTESIAN_POINT('',(43.,2.,-31.));
#482 = LINE('',#483,#484);
#483 = CARTESIAN_POINT('',(-45.,2.,-31.));
#484 = VECTOR('',#485,1.);
#485 = DIRECTION('',(1.,0.,0.));
#486 = ORIENTED_EDGE('',*,*,#487,.T.);
#487 = EDGE_CURVE('',#480,#488,#490,.T.);
#488 = VERTEX_POINT('',#489);
#489 = CARTESIAN_POINT('',(43.,6.,-31.));
#490 = LINE('',#491,#492);
#491 = CARTESIAN_POINT('',(43.,0.,-31.));
#492 = VECTOR('',#493,1.);
#493 = DIRECTION('',(0.,1.,0.));
#494 = ORIENTED_EDGE('',*,*,#495,.F.);
#495 = EDGE_CURVE('',#280,#488,#496,.T.);
#496 = LINE('',#497,#498);
#497 = CARTESIAN_POINT('',(-45.,6.,-31.));
#498 = VECTOR('',#499,1.);
#499 = DIRECTION('',(1.,0.,0.));
#500 = PLANE('',#501);
#501 = AXIS2_PLACEMENT_3D('',#502,#503,#504);
#502 = CARTESIAN_POINT('',(-45.,0.,-31.));
#503 = DIRECTION('',(0.,0.,1.));
#504 = DIRECTION('',(1.,0.,0.));
#505 = ADVANCED_FACE('',(#506),#517,.T.);
#506 = FACE_BOUND('',#507,.F.);
#507 = EDGE_LOOP('',(#508,#509,#516));
#508 = ORIENTED_EDGE('',*,*,#287,.F.);
#509 = ORIENTED_EDGE('',*,*,#510,.T.);
#510 = EDGE_CURVE('',#280,#338,#511,.T.);
#511 = CIRCLE('',#512,2.);
#512 = AXIS2_PLACEMENT_3D('',#513,#514,#515);
#513 = CARTESIAN_POINT('',(-43.,6.,-29.));
#514 = DIRECTION('',(1.,6.123233995737E-17,-0.));
#515 = DIRECTION('',(-6.123233995737E-17,1.,0.));
#516 = ORIENTED_EDGE('',*,*,#337,.F.);
#517 = SPHERICAL_SURFACE('',#518,2.);
#518 = AXIS2_PLACEMENT_3D('',#519,#520,#521);
#519 = CARTESIAN_POINT('',(-43.,6.,-29.));
#520 = DIRECTION('',(0.,0.,1.));
#521 = DIRECTION('',(-1.,0.,0.));
#522 = ADVANCED_FACE('',(#523),#548,.T.);
#523 = FACE_BOUND('',#524,.T.);
#524 = EDGE_LOOP('',(#525,#526,#534,#542));
#525 = ORIENTED_EDGE('',*,*,#312,.F.);
#526 = ORIENTED_EDGE('',*,*,#527,.T.);
#527 = EDGE_CURVE('',#304,#528,#530,.T.);
#528 = VERTEX_POINT('',#529);
#529 = CARTESIAN_POINT('',(43.,2.,109.));
#530 = LINE('',#531,#532);
#531 = CARTESIAN_POINT('',(-45.,2.,109.));
#532 = VECTOR('',#533,1.);
#533 = DIRECTION('',(1.,0.,0.));
#534 = ORIENTED_EDGE('',*,*,#535,.T.);
#535 = EDGE_CURVE('',#528,#536,#538,.T.);
#536 = VERTEX_POINT('',#537);
#537 = CARTESIAN_POINT('',(43.,6.,109.));
#538 = LINE('',#539,#540);
#539 = CARTESIAN_POINT('',(43.,0.,109.));
#540 = VECTOR('',#541,1.);
#541 = DIRECTION('',(0.,1.,0.));
#542 = ORIENTED_EDGE('',*,*,#543,.F.);
#543 = EDGE_CURVE('',#313,#536,#544,.T.);
#544 = LINE('',#545,#546);
#545 = CARTESIAN_POINT('',(-45.,6.,109.));
#546 = VECTOR('',#547,1.);
#547 = DIRECTION('',(1.,0.,0.));
#548 = PLANE('',#549);
#549 = AXIS2_PLACEMENT_3D('',#550,#551,#552);
#550 = CARTESIAN_POINT('',(-45.,0.,109.));
#551 = DIRECTION('',(0.,0.,1.));
#552 = DIRECTION('',(1.,0.,0.));
#553 = ADVANCED_FACE('',(#554),#565,.T.);
#554 = FACE_BOUND('',#555,.F.);
#555 = EDGE_LOOP('',(#556,#557,#564));
#556 = ORIENTED_EDGE('',*,*,#354,.F.);
#557 = ORIENTED_EDGE('',*,*,#558,.T.);
#558 = EDGE_CURVE('',#347,#313,#559,.T.);
#559 = CIRCLE('',#560,2.);
#560 = AXIS2_PLACEMENT_3D('',#561,#562,#563);
#561 = CARTESIAN_POINT('',(-43.,6.,107.));
#562 = DIRECTION('',(1.,0.,6.123233995737E-17));
#563 = DIRECTION('',(-6.123233995737E-17,0.,1.));
#564 = ORIENTED_EDGE('',*,*,#320,.F.);
#565 = SPHERICAL_SURFACE('',#566,2.);
#566 = AXIS2_PLACEMENT_3D('',#567,#568,#569);
#567 = CARTESIAN_POINT('',(-43.,6.,107.));
#568 = DIRECTION('',(0.,-1.,0.));
#569 = DIRECTION('',(-1.,0.,0.));
#570 = ADVANCED_FACE('',(#571,#596,#607,#731,#801),#812,.T.);
#571 = FACE_BOUND('',#572,.T.);
#572 = EDGE_LOOP('',(#573,#574,#582,#590));
#573 = ORIENTED_EDGE('',*,*,#346,.T.);
#574 = ORIENTED_EDGE('',*,*,#575,.T.);
#575 = EDGE_CURVE('',#347,#576,#578,.T.);
#576 = VERTEX_POINT('',#577);
#577 = CARTESIAN_POINT('',(43.,8.,107.));
#578 = LINE('',#579,#580);
#579 = CARTESIAN_POINT('',(-45.,8.,107.));
#580 = VECTOR('',#581,1.);
#581 = DIRECTION('',(1.,0.,0.));
#582 = ORIENTED_EDGE('',*,*,#583,.F.);
#583 = EDGE_CURVE('',#584,#576,#586,.T.);
#584 = VERTEX_POINT('',#585);
#585 = CARTESIAN_POINT('',(43.,8.,-29.));
#586 = LINE('',#587,#588);
#587 = CARTESIAN_POINT('',(43.,8.,-31.));
#588 = VECTOR('',#589,1.);
#589 = DIRECTION('',(0.,0.,1.));
#590 = ORIENTED_EDGE('',*,*,#591,.F.);
#591 = EDGE_CURVE('',#338,#584,#592,.T.);
#592 = LINE('',#593,#594);
#593 = CARTESIAN_POINT('',(-45.,8.,-29.));
#594 = VECTOR('',#595,1.);
#595 = DIRECTION('',(1.,0.,0.));
#596 = FACE_BOUND('',#597,.T.);
#597 = EDGE_LOOP('',(#598));
#598 = ORIENTED_EDGE('',*,*,#599,.F.);
#599 = EDGE_CURVE('',#600,#600,#602,.T.);
#600 = VERTEX_POINT('',#601);
#601 = CARTESIAN_POINT('',(-30.,8.,99.5));
#602 = CIRCLE('',#603,5.5);
#603 = AXIS2_PLACEMENT_3D('',#604,#605,#606);
#604 = CARTESIAN_POINT('',(-30.,8.,94.));
#605 = DIRECTION('',(0.,1.,0.));
#606 = DIRECTION('',(0.,0.,1.));
#607 = FACE_BOUND('',#608,.T.);
#608 = EDGE_LOOP('',(#609,#619,#628,#636,#645,#654,#663,#672,#680,#689,
    #698,#707,#716,#724));
#609 = ORIENTED_EDGE('',*,*,#610,.F.);
#610 = EDGE_CURVE('',#611,#613,#615,.T.);
#611 = VERTEX_POINT('',#612);
#612 = CARTESIAN_POINT('',(-24.,8.,12.));
#613 = VERTEX_POINT('',#614);
#614 = CARTESIAN_POINT('',(24.,8.,12.));
#615 = LINE('',#616,#617);
#616 = CARTESIAN_POINT('',(-35.5,8.,12.));
#617 = VECTOR('',#618,1.);
#618 = DIRECTION('',(1.,0.,0.));
#619 = ORIENTED_EDGE('',*,*,#620,.F.);
#620 = EDGE_CURVE('',#621,#611,#623,.T.);
#621 = VERTEX_POINT('',#622);
#622 = CARTESIAN_POINT('',(-26.,8.,10.));
#623 = CIRCLE('',#624,2.);
#624 = AXIS2_PLACEMENT_3D('',#625,#626,#627);
#625 = CARTESIAN_POINT('',(-24.,8.,10.));
#626 = DIRECTION('',(0.,1.,-0.));
#627 = DIRECTION('',(-1.,0.,0.));
#628 = ORIENTED_EDGE('',*,*,#629,.T.);
#629 = EDGE_CURVE('',#621,#630,#632,.T.);
#630 = VERTEX_POINT('',#631);
#631 = CARTESIAN_POINT('',(-26.,8.,-12.));
#632 = LINE('',#633,#634);
#633 = CARTESIAN_POINT('',(-26.,8.,-22.5));
#634 = VECTOR('',#635,1.);
#635 = DIRECTION('',(0.,0.,-1.));
#636 = ORIENTED_EDGE('',*,*,#637,.F.);
#637 = EDGE_CURVE('',#638,#630,#640,.T.);
#638 = VERTEX_POINT('',#639);
#639 = CARTESIAN_POINT('',(-25.9854844589,8.,-12.24052331164));
#640 = CIRCLE('',#641,2.);
#641 = AXIS2_PLACEMENT_3D('',#642,#643,#644);
#642 = CARTESIAN_POINT('',(-24.,8.,-12.));
#643 = DIRECTION('',(0.,1.,-0.));
#644 = DIRECTION('',(-1.,0.,0.));
#645 = ORIENTED_EDGE('',*,*,#646,.F.);
#646 = EDGE_CURVE('',#647,#638,#649,.T.);
#647 = VERTEX_POINT('',#648);
#648 = CARTESIAN_POINT('',(-30.,8.,-10.5));
#649 = CIRCLE('',#650,5.5);
#650 = AXIS2_PLACEMENT_3D('',#651,#652,#653);
#651 = CARTESIAN_POINT('',(-30.,8.,-16.));
#652 = DIRECTION('',(0.,1.,0.));
#653 = DIRECTION('',(0.,0.,1.));
#654 = ORIENTED_EDGE('',*,*,#655,.F.);
#655 = EDGE_CURVE('',#656,#647,#658,.T.);
#656 = VERTEX_POINT('',#657);
#657 = CARTESIAN_POINT('',(-24.98566938724,8.,-13.74024591912));
#658 = CIRCLE('',#659,5.5);
#659 = AXIS2_PLACEMENT_3D('',#660,#661,#662);
#660 = CARTESIAN_POINT('',(-30.,8.,-16.));
#661 = DIRECTION('',(0.,1.,0.));
#662 = DIRECTION('',(0.,0.,1.));
#663 = ORIENTED_EDGE('',*,*,#664,.F.);
#664 = EDGE_CURVE('',#665,#656,#667,.T.);
#665 = VERTEX_POINT('',#666);
#666 = CARTESIAN_POINT('',(-24.,8.,-14.));
#667 = CIRCLE('',#668,2.);
#668 = AXIS2_PLACEMENT_3D('',#669,#670,#671);
#669 = CARTESIAN_POINT('',(-24.,8.,-12.));
#670 = DIRECTION('',(0.,1.,-0.));
#671 = DIRECTION('',(-1.,0.,0.));
#672 = ORIENTED_EDGE('',*,*,#673,.T.);
#673 = EDGE_CURVE('',#665,#674,#676,.T.);
#674 = VERTEX_POINT('',#675);
#675 = CARTESIAN_POINT('',(24.,8.,-14.));
#676 = LINE('',#677,#678);
#677 = CARTESIAN_POINT('',(-35.5,8.,-14.));
#678 = VECTOR('',#679,1.);
#679 = DIRECTION('',(1.,0.,0.));
#680 = ORIENTED_EDGE('',*,*,#681,.F.);
#681 = EDGE_CURVE('',#682,#674,#684,.T.);
#682 = VERTEX_POINT('',#683);
#683 = CARTESIAN_POINT('',(24.985669387248,8.,-13.74024591912));
#684 = CIRCLE('',#685,2.);
#685 = AXIS2_PLACEMENT_3D('',#686,#687,#688);
#686 = CARTESIAN_POINT('',(24.,8.,-12.));
#687 = DIRECTION('',(-0.,1.,0.));
#688 = DIRECTION('',(1.,0.,0.));
#689 = ORIENTED_EDGE('',*,*,#690,.F.);
#690 = EDGE_CURVE('',#691,#682,#693,.T.);
#691 = VERTEX_POINT('',#692);
#692 = CARTESIAN_POINT('',(30.,8.,-10.5));
#693 = CIRCLE('',#694,5.5);
#694 = AXIS2_PLACEMENT_3D('',#695,#696,#697);
#695 = CARTESIAN_POINT('',(30.,8.,-16.));
#696 = DIRECTION('',(0.,1.,0.));
#697 = DIRECTION('',(0.,0.,1.));
#698 = ORIENTED_EDGE('',*,*,#699,.F.);
#699 = EDGE_CURVE('',#700,#691,#702,.T.);
#700 = VERTEX_POINT('',#701);
#701 = CARTESIAN_POINT('',(25.985484458906,8.,-12.24052331164));
#702 = CIRCLE('',#703,5.5);
#703 = AXIS2_PLACEMENT_3D('',#704,#705,#706);
#704 = CARTESIAN_POINT('',(30.,8.,-16.));
#705 = DIRECTION('',(0.,1.,0.));
#706 = DIRECTION('',(0.,0.,1.));
#707 = ORIENTED_EDGE('',*,*,#708,.F.);
#708 = EDGE_CURVE('',#709,#700,#711,.T.);
#709 = VERTEX_POINT('',#710);
#710 = CARTESIAN_POINT('',(26.,8.,-12.));
#711 = CIRCLE('',#712,2.);
#712 = AXIS2_PLACEMENT_3D('',#713,#714,#715);
#713 = CARTESIAN_POINT('',(24.,8.,-12.));
#714 = DIRECTION('',(-0.,1.,0.));
#715 = DIRECTION('',(1.,0.,0.));
#716 = ORIENTED_EDGE('',*,*,#717,.F.);
#717 = EDGE_CURVE('',#718,#709,#720,.T.);
#718 = VERTEX_POINT('',#719);
#719 = CARTESIAN_POINT('',(26.,8.,10.));
#720 = LINE('',#721,#722);
#721 = CARTESIAN_POINT('',(26.,8.,-22.5));
#722 = VECTOR('',#723,1.);
#723 = DIRECTION('',(0.,0.,-1.));
#724 = ORIENTED_EDGE('',*,*,#725,.F.);
#725 = EDGE_CURVE('',#613,#718,#726,.T.);
#726 = CIRCLE('',#727,2.);
#727 = AXIS2_PLACEMENT_3D('',#728,#729,#730);
#728 = CARTESIAN_POINT('',(24.,8.,10.));
#729 = DIRECTION('',(-0.,1.,0.));
#730 = DIRECTION('',(1.,0.,0.));
#731 = FACE_BOUND('',#732,.T.);
#732 = EDGE_LOOP('',(#733,#743,#752,#760,#769,#777,#786,#794));
#733 = ORIENTED_EDGE('',*,*,#734,.T.);
#734 = EDGE_CURVE('',#735,#737,#739,.T.);
#735 = VERTEX_POINT('',#736);
#736 = CARTESIAN_POINT('',(-24.,8.,36.));
#737 = VERTEX_POINT('',#738);
#738 = CARTESIAN_POINT('',(24.,8.,36.));
#739 = LINE('',#740,#741);
#740 = CARTESIAN_POINT('',(-35.5,8.,36.));
#741 = VECTOR('',#742,1.);
#742 = DIRECTION('',(1.,0.,0.));
#743 = ORIENTED_EDGE('',*,*,#744,.F.);
#744 = EDGE_CURVE('',#745,#737,#747,.T.);
#745 = VERTEX_POINT('',#746);
#746 = CARTESIAN_POINT('',(26.,8.,38.));
#747 = CIRCLE('',#748,2.);
#748 = AXIS2_PLACEMENT_3D('',#749,#750,#751);
#749 = CARTESIAN_POINT('',(24.,8.,38.));
#750 = DIRECTION('',(-0.,1.,0.));
#751 = DIRECTION('',(1.,0.,0.));
#752 = ORIENTED_EDGE('',*,*,#753,.F.);
#753 = EDGE_CURVE('',#754,#745,#756,.T.);
#754 = VERTEX_POINT('',#755);
#755 = CARTESIAN_POINT('',(26.,8.,60.));
#756 = LINE('',#757,#758);
#757 = CARTESIAN_POINT('',(26.,8.,2.5));
#758 = VECTOR('',#759,1.);
#759 = DIRECTION('',(0.,0.,-1.));
#760 = ORIENTED_EDGE('',*,*,#761,.F.);
#761 = EDGE_CURVE('',#762,#754,#764,.T.);
#762 = VERTEX_POINT('',#763);
#763 = CARTESIAN_POINT('',(24.,8.,62.));
#764 = CIRCLE('',#765,2.);
#765 = AXIS2_PLACEMENT_3D('',#766,#767,#768);
#766 = CARTESIAN_POINT('',(24.,8.,60.));
#767 = DIRECTION('',(-0.,1.,0.));
#768 = DIRECTION('',(1.,0.,0.));
#769 = ORIENTED_EDGE('',*,*,#770,.F.);
#770 = EDGE_CURVE('',#771,#762,#773,.T.);
#771 = VERTEX_POINT('',#772);
#772 = CARTESIAN_POINT('',(-24.,8.,62.));
#773 = LINE('',#774,#775);
#774 = CARTESIAN_POINT('',(-35.5,8.,62.));
#775 = VECTOR('',#776,1.);
#776 = DIRECTION('',(1.,0.,0.));
#777 = ORIENTED_EDGE('',*,*,#778,.F.);
#778 = EDGE_CURVE('',#779,#771,#781,.T.);
#779 = VERTEX_POINT('',#780);
#780 = CARTESIAN_POINT('',(-26.,8.,60.));
#781 = CIRCLE('',#782,2.);
#782 = AXIS2_PLACEMENT_3D('',#783,#784,#785);
#783 = CARTESIAN_POINT('',(-24.,8.,60.));
#784 = DIRECTION('',(0.,1.,-0.));
#785 = DIRECTION('',(-1.,0.,0.));
#786 = ORIENTED_EDGE('',*,*,#787,.T.);
#787 = EDGE_CURVE('',#779,#788,#790,.T.);
#788 = VERTEX_POINT('',#789);
#789 = CARTESIAN_POINT('',(-26.,8.,38.));
#790 = LINE('',#791,#792);
#791 = CARTESIAN_POINT('',(-26.,8.,2.5));
#792 = VECTOR('',#793,1.);
#793 = DIRECTION('',(0.,0.,-1.));
#794 = ORIENTED_EDGE('',*,*,#795,.F.);
#795 = EDGE_CURVE('',#735,#788,#796,.T.);
#796 = CIRCLE('',#797,2.);
#797 = AXIS2_PLACEMENT_3D('',#798,#799,#800);
#798 = CARTESIAN_POINT('',(-24.,8.,38.));
#799 = DIRECTION('',(0.,1.,-0.));
#800 = DIRECTION('',(-1.,0.,0.));
#801 = FACE_BOUND('',#802,.T.);
#802 = EDGE_LOOP('',(#803));
#803 = ORIENTED_EDGE('',*,*,#804,.F.);
#804 = EDGE_CURVE('',#805,#805,#807,.T.);
#805 = VERTEX_POINT('',#806);
#806 = CARTESIAN_POINT('',(30.,8.,99.5));
#807 = CIRCLE('',#808,5.5);
#808 = AXIS2_PLACEMENT_3D('',#809,#810,#811);
#809 = CARTESIAN_POINT('',(30.,8.,94.));
#810 = DIRECTION('',(0.,1.,0.));
#811 = DIRECTION('',(0.,0.,1.));
#812 = PLANE('',#813);
#813 = AXIS2_PLACEMENT_3D('',#814,#815,#816);
#814 = CARTESIAN_POINT('',(-45.,8.,-31.));
#815 = DIRECTION('',(0.,1.,0.));
#816 = DIRECTION('',(0.,0.,1.));
#817 = ADVANCED_FACE('',(#818),#830,.T.);
#818 = FACE_BOUND('',#819,.T.);
#819 = EDGE_LOOP('',(#820,#821,#822,#829));
#820 = ORIENTED_EDGE('',*,*,#370,.F.);
#821 = ORIENTED_EDGE('',*,*,#479,.T.);
#822 = ORIENTED_EDGE('',*,*,#823,.T.);
#823 = EDGE_CURVE('',#480,#413,#824,.T.);
#824 = CIRCLE('',#825,2.);
#825 = AXIS2_PLACEMENT_3D('',#826,#827,#828);
#826 = CARTESIAN_POINT('',(43.,2.,-29.));
#827 = DIRECTION('',(-1.,-6.123233995737E-17,0.));
#828 = DIRECTION('',(6.123233995737E-17,-1.,0.));
#829 = ORIENTED_EDGE('',*,*,#420,.F.);
#830 = CYLINDRICAL_SURFACE('',#831,2.);
#831 = AXIS2_PLACEMENT_3D('',#832,#833,#834);
#832 = CARTESIAN_POINT('',(-45.,2.,-29.));
#833 = DIRECTION('',(1.,0.,0.));
#834 = DIRECTION('',(0.,-1.,0.));
#835 = ADVANCED_FACE('',(#836),#848,.T.);
#836 = FACE_BOUND('',#837,.F.);
#837 = EDGE_LOOP('',(#838,#839,#840,#847));
#838 = ORIENTED_EDGE('',*,*,#387,.F.);
#839 = ORIENTED_EDGE('',*,*,#527,.T.);
#840 = ORIENTED_EDGE('',*,*,#841,.T.);
#841 = EDGE_CURVE('',#528,#405,#842,.T.);
#842 = CIRCLE('',#843,2.);
#843 = AXIS2_PLACEMENT_3D('',#844,#845,#846);
#844 = CARTESIAN_POINT('',(43.,2.,107.));
#845 = DIRECTION('',(1.,6.123233995737E-17,0.));
#846 = DIRECTION('',(6.123233995737E-17,-1.,0.));
#847 = ORIENTED_EDGE('',*,*,#404,.F.);
#848 = CYLINDRICAL_SURFACE('',#849,2.);
#849 = AXIS2_PLACEMENT_3D('',#850,#851,#852);
#850 = CARTESIAN_POINT('',(-45.,2.,107.));
#851 = DIRECTION('',(1.,0.,0.));
#852 = DIRECTION('',(0.,-1.,0.));
#853 = ADVANCED_FACE('',(#854),#881,.T.);
#854 = FACE_BOUND('',#855,.F.);
#855 = EDGE_LOOP('',(#856,#866,#873,#874));
#856 = ORIENTED_EDGE('',*,*,#857,.F.);
#857 = EDGE_CURVE('',#858,#860,#862,.T.);
#858 = VERTEX_POINT('',#859);
#859 = CARTESIAN_POINT('',(45.,2.,-29.));
#860 = VERTEX_POINT('',#861);
#861 = CARTESIAN_POINT('',(45.,2.,107.));
#862 = LINE('',#863,#864);
#863 = CARTESIAN_POINT('',(45.,2.,-31.));
#864 = VECTOR('',#865,1.);
#865 = DIRECTION('',(0.,0.,1.));
#866 = ORIENTED_EDGE('',*,*,#867,.T.);
#867 = EDGE_CURVE('',#858,#413,#868,.T.);
#868 = CIRCLE('',#869,2.);
#869 = AXIS2_PLACEMENT_3D('',#870,#871,#872);
#870 = CARTESIAN_POINT('',(43.,2.,-29.));
#871 = DIRECTION('',(0.,0.,-1.));
#872 = DIRECTION('',(1.,0.,0.));
#873 = ORIENTED_EDGE('',*,*,#412,.T.);
#874 = ORIENTED_EDGE('',*,*,#875,.F.);
#875 = EDGE_CURVE('',#860,#405,#876,.T.);
#876 = CIRCLE('',#877,2.);
#877 = AXIS2_PLACEMENT_3D('',#878,#879,#880);
#878 = CARTESIAN_POINT('',(43.,2.,107.));
#879 = DIRECTION('',(0.,0.,-1.));
#880 = DIRECTION('',(1.,0.,0.));
#881 = CYLINDRICAL_SURFACE('',#882,2.);
#882 = AXIS2_PLACEMENT_3D('',#883,#884,#885);
#883 = CARTESIAN_POINT('',(43.,2.,-31.));
#884 = DIRECTION('',(0.,0.,1.));
#885 = DIRECTION('',(1.,0.,0.));
#886 = ADVANCED_FACE('',(#887),#906,.F.);
#887 = FACE_BOUND('',#888,.F.);
#888 = EDGE_LOOP('',(#889,#898,#904,#905));
#889 = ORIENTED_EDGE('',*,*,#890,.F.);
#890 = EDGE_CURVE('',#891,#891,#893,.T.);
#891 = VERTEX_POINT('',#892);
#892 = CARTESIAN_POINT('',(-30.,5.,-13.6));
#893 = CIRCLE('',#894,2.4);
#894 = AXIS2_PLACEMENT_3D('',#895,#896,#897);
#895 = CARTESIAN_POINT('',(-30.,5.,-16.));
#896 = DIRECTION('',(0.,1.,0.));
#897 = DIRECTION('',(0.,0.,1.));
#898 = ORIENTED_EDGE('',*,*,#899,.F.);
#899 = EDGE_CURVE('',#429,#891,#900,.T.);
#900 = LINE('',#901,#902);
#901 = CARTESIAN_POINT('',(-30.,-1.,-13.6));
#902 = VECTOR('',#903,1.);
#903 = DIRECTION('',(0.,1.,0.));
#904 = ORIENTED_EDGE('',*,*,#428,.T.);
#905 = ORIENTED_EDGE('',*,*,#899,.T.);
#906 = CYLINDRICAL_SURFACE('',#907,2.4);
#907 = AXIS2_PLACEMENT_3D('',#908,#909,#910);
#908 = CARTESIAN_POINT('',(-30.,-1.,-16.));
#909 = DIRECTION('',(0.,1.,0.));
#910 = DIRECTION('',(0.,0.,1.));
#911 = ADVANCED_FACE('',(#912),#931,.F.);
#912 = FACE_BOUND('',#913,.F.);
#913 = EDGE_LOOP('',(#914,#923,#929,#930));
#914 = ORIENTED_EDGE('',*,*,#915,.F.);
#915 = EDGE_CURVE('',#916,#916,#918,.T.);
#916 = VERTEX_POINT('',#917);
#917 = CARTESIAN_POINT('',(-30.,5.,96.4));
#918 = CIRCLE('',#919,2.4);
#919 = AXIS2_PLACEMENT_3D('',#920,#921,#922);
#920 = CARTESIAN_POINT('',(-30.,5.,94.));
#921 = DIRECTION('',(0.,1.,0.));
#922 = DIRECTION('',(0.,0.,1.));
#923 = ORIENTED_EDGE('',*,*,#924,.F.);
#924 = EDGE_CURVE('',#440,#916,#925,.T.);
#925 = LINE('',#926,#927);
#926 = CARTESIAN_POINT('',(-30.,-1.,96.4));
#927 = VECTOR('',#928,1.);
#928 = DIRECTION('',(0.,1.,0.));
#929 = ORIENTED_EDGE('',*,*,#439,.T.);
#930 = ORIENTED_EDGE('',*,*,#924,.T.);
#931 = CYLINDRICAL_SURFACE('',#932,2.4);
#932 = AXIS2_PLACEMENT_3D('',#933,#934,#935);
#933 = CARTESIAN_POINT('',(-30.,-1.,94.));
#934 = DIRECTION('',(0.,1.,0.));
#935 = DIRECTION('',(0.,0.,1.));
#936 = ADVANCED_FACE('',(#937),#956,.F.);
#937 = FACE_BOUND('',#938,.F.);
#938 = EDGE_LOOP('',(#939,#948,#954,#955));
#939 = ORIENTED_EDGE('',*,*,#940,.F.);
#940 = EDGE_CURVE('',#941,#941,#943,.T.);
#941 = VERTEX_POINT('',#942);
#942 = CARTESIAN_POINT('',(30.,5.,-13.6));
#943 = CIRCLE('',#944,2.4);
#944 = AXIS2_PLACEMENT_3D('',#945,#946,#947);
#945 = CARTESIAN_POINT('',(30.,5.,-16.));
#946 = DIRECTION('',(0.,1.,0.));
#947 = DIRECTION('',(0.,0.,1.));
#948 = ORIENTED_EDGE('',*,*,#949,.F.);
#949 = EDGE_CURVE('',#451,#941,#950,.T.);
#950 = LINE('',#951,#952);
#951 = CARTESIAN_POINT('',(30.,-1.,-13.6));
#952 = VECTOR('',#953,1.);
#953 = DIRECTION('',(0.,1.,0.));
#954 = ORIENTED_EDGE('',*,*,#450,.T.);
#955 = ORIENTED_EDGE('',*,*,#949,.T.);
#956 = CYLINDRICAL_SURFACE('',#957,2.4);
#957 = AXIS2_PLACEMENT_3D('',#958,#959,#960);
#958 = CARTESIAN_POINT('',(30.,-1.,-16.));
#959 = DIRECTION('',(0.,1.,0.));
#960 = DIRECTION('',(0.,0.,1.));
#961 = ADVANCED_FACE('',(#962),#981,.F.);
#962 = FACE_BOUND('',#963,.F.);
#963 = EDGE_LOOP('',(#964,#973,#979,#980));
#964 = ORIENTED_EDGE('',*,*,#965,.F.);
#965 = EDGE_CURVE('',#966,#966,#968,.T.);
#966 = VERTEX_POINT('',#967);
#967 = CARTESIAN_POINT('',(30.,5.,96.4));
#968 = CIRCLE('',#969,2.4);
#969 = AXIS2_PLACEMENT_3D('',#970,#971,#972);
#970 = CARTESIAN_POINT('',(30.,5.,94.));
#971 = DIRECTION('',(0.,1.,0.));
#972 = DIRECTION('',(0.,0.,1.));
#973 = ORIENTED_EDGE('',*,*,#974,.F.);
#974 = EDGE_CURVE('',#462,#966,#975,.T.);
#975 = LINE('',#976,#977);
#976 = CARTESIAN_POINT('',(30.,-1.,96.4));
#977 = VECTOR('',#978,1.);
#978 = DIRECTION('',(0.,1.,0.));
#979 = ORIENTED_EDGE('',*,*,#461,.T.);
#980 = ORIENTED_EDGE('',*,*,#974,.T.);
#981 = CYLINDRICAL_SURFACE('',#982,2.4);
#982 = AXIS2_PLACEMENT_3D('',#983,#984,#985);
#983 = CARTESIAN_POINT('',(30.,-1.,94.));
#984 = DIRECTION('',(0.,1.,0.));
#985 = DIRECTION('',(0.,0.,1.));
#986 = ADVANCED_FACE('',(#987),#999,.T.);
#987 = FACE_BOUND('',#988,.F.);
#988 = EDGE_LOOP('',(#989,#990,#991,#998));
#989 = ORIENTED_EDGE('',*,*,#510,.F.);
#990 = ORIENTED_EDGE('',*,*,#495,.T.);
#991 = ORIENTED_EDGE('',*,*,#992,.T.);
#992 = EDGE_CURVE('',#488,#584,#993,.T.);
#993 = CIRCLE('',#994,2.);
#994 = AXIS2_PLACEMENT_3D('',#995,#996,#997);
#995 = CARTESIAN_POINT('',(43.,6.,-29.));
#996 = DIRECTION('',(1.,-6.123233995737E-17,0.));
#997 = DIRECTION('',(6.123233995737E-17,1.,0.));
#998 = ORIENTED_EDGE('',*,*,#591,.F.);
#999 = CYLINDRICAL_SURFACE('',#1000,2.);
#1000 = AXIS2_PLACEMENT_3D('',#1001,#1002,#1003);
#1001 = CARTESIAN_POINT('',(-45.,6.,-29.));
#1002 = DIRECTION('',(1.,0.,0.));
#1003 = DIRECTION('',(0.,1.,0.));
#1004 = ADVANCED_FACE('',(#1005),#1030,.T.);
#1005 = FACE_BOUND('',#1006,.T.);
#1006 = EDGE_LOOP('',(#1007,#1014,#1015,#1024));
#1007 = ORIENTED_EDGE('',*,*,#1008,.F.);
#1008 = EDGE_CURVE('',#480,#858,#1009,.T.);
#1009 = CIRCLE('',#1010,2.);
#1010 = AXIS2_PLACEMENT_3D('',#1011,#1012,#1013);
#1011 = CARTESIAN_POINT('',(43.,2.,-29.));
#1012 = DIRECTION('',(0.,-1.,0.));
#1013 = DIRECTION('',(1.,0.,0.));
#1014 = ORIENTED_EDGE('',*,*,#487,.T.);
#1015 = ORIENTED_EDGE('',*,*,#1016,.T.);
#1016 = EDGE_CURVE('',#488,#1017,#1019,.T.);
#1017 = VERTEX_POINT('',#1018);
#1018 = CARTESIAN_POINT('',(45.,6.,-29.));
#1019 = CIRCLE('',#1020,2.);
#1020 = AXIS2_PLACEMENT_3D('',#1021,#1022,#1023);
#1021 = CARTESIAN_POINT('',(43.,6.,-29.));
#1022 = DIRECTION('',(0.,-1.,0.));
#1023 = DIRECTION('',(1.,0.,0.));
#1024 = ORIENTED_EDGE('',*,*,#1025,.F.);
#1025 = EDGE_CURVE('',#858,#1017,#1026,.T.);
#1026 = LINE('',#1027,#1028);
#1027 = CARTESIAN_POINT('',(45.,0.,-29.));
#1028 = VECTOR('',#1029,1.);
#1029 = DIRECTION('',(0.,1.,0.));
#1030 = CYLINDRICAL_SURFACE('',#1031,2.);
#1031 = AXIS2_PLACEMENT_3D('',#1032,#1033,#1034);
#1032 = CARTESIAN_POINT('',(43.,0.,-29.));
#1033 = DIRECTION('',(0.,1.,0.));
#1034 = DIRECTION('',(1.,0.,0.));
#1035 = ADVANCED_FACE('',(#1036),#1048,.T.);
#1036 = FACE_BOUND('',#1037,.T.);
#1037 = EDGE_LOOP('',(#1038,#1039,#1040,#1047));
#1038 = ORIENTED_EDGE('',*,*,#558,.T.);
#1039 = ORIENTED_EDGE('',*,*,#543,.T.);
#1040 = ORIENTED_EDGE('',*,*,#1041,.F.);
#1041 = EDGE_CURVE('',#576,#536,#1042,.T.);
#1042 = CIRCLE('',#1043,2.);
#1043 = AXIS2_PLACEMENT_3D('',#1044,#1045,#1046);
#1044 = CARTESIAN_POINT('',(43.,6.,107.));
#1045 = DIRECTION('',(1.,0.,-6.123233995737E-17));
#1046 = DIRECTION('',(6.123233995737E-17,0.,1.));
#1047 = ORIENTED_EDGE('',*,*,#575,.F.);
#1048 = CYLINDRICAL_SURFACE('',#1049,2.);
#1049 = AXIS2_PLACEMENT_3D('',#1050,#1051,#1052);
#1050 = CARTESIAN_POINT('',(-45.,6.,107.));
#1051 = DIRECTION('',(1.,0.,0.));
#1052 = DIRECTION('',(0.,1.,0.));
#1053 = ADVANCED_FACE('',(#1054),#1079,.T.);
#1054 = FACE_BOUND('',#1055,.F.);
#1055 = EDGE_LOOP('',(#1056,#1063,#1064,#1073));
#1056 = ORIENTED_EDGE('',*,*,#1057,.F.);
#1057 = EDGE_CURVE('',#528,#860,#1058,.T.);
#1058 = CIRCLE('',#1059,2.);
#1059 = AXIS2_PLACEMENT_3D('',#1060,#1061,#1062);
#1060 = CARTESIAN_POINT('',(43.,2.,107.));
#1061 = DIRECTION('',(-0.,1.,0.));
#1062 = DIRECTION('',(1.,0.,0.));
#1063 = ORIENTED_EDGE('',*,*,#535,.T.);
#1064 = ORIENTED_EDGE('',*,*,#1065,.F.);
#1065 = EDGE_CURVE('',#1066,#536,#1068,.T.);
#1066 = VERTEX_POINT('',#1067);
#1067 = CARTESIAN_POINT('',(45.,6.,107.));
#1068 = CIRCLE('',#1069,2.);
#1069 = AXIS2_PLACEMENT_3D('',#1070,#1071,#1072);
#1070 = CARTESIAN_POINT('',(43.,6.,107.));
#1071 = DIRECTION('',(0.,-1.,0.));
#1072 = DIRECTION('',(1.,0.,0.));
#1073 = ORIENTED_EDGE('',*,*,#1074,.F.);
#1074 = EDGE_CURVE('',#860,#1066,#1075,.T.);
#1075 = LINE('',#1076,#1077);
#1076 = CARTESIAN_POINT('',(45.,0.,107.));
#1077 = VECTOR('',#1078,1.);
#1078 = DIRECTION('',(0.,1.,0.));
#1079 = CYLINDRICAL_SURFACE('',#1080,2.);
#1080 = AXIS2_PLACEMENT_3D('',#1081,#1082,#1083);
#1081 = CARTESIAN_POINT('',(43.,0.,107.));
#1082 = DIRECTION('',(0.,1.,0.));
#1083 = DIRECTION('',(1.,0.,0.));
#1084 = ADVANCED_FACE('',(#1085),#1108,.T.);
#1085 = FACE_BOUND('',#1086,.T.);
#1086 = EDGE_LOOP('',(#1087,#1093,#1100,#1101));
#1087 = ORIENTED_EDGE('',*,*,#1088,.F.);
#1088 = EDGE_CURVE('',#1017,#1066,#1089,.T.);
#1089 = LINE('',#1090,#1091);
#1090 = CARTESIAN_POINT('',(45.,6.,-31.));
#1091 = VECTOR('',#1092,1.);
#1092 = DIRECTION('',(0.,0.,1.));
#1093 = ORIENTED_EDGE('',*,*,#1094,.T.);
#1094 = EDGE_CURVE('',#1017,#584,#1095,.T.);
#1095 = CIRCLE('',#1096,2.);
#1096 = AXIS2_PLACEMENT_3D('',#1097,#1098,#1099);
#1097 = CARTESIAN_POINT('',(43.,6.,-29.));
#1098 = DIRECTION('',(0.,0.,1.));
#1099 = DIRECTION('',(1.,0.,0.));
#1100 = ORIENTED_EDGE('',*,*,#583,.T.);
#1101 = ORIENTED_EDGE('',*,*,#1102,.T.);
#1102 = EDGE_CURVE('',#576,#1066,#1103,.T.);
#1103 = CIRCLE('',#1104,2.);
#1104 = AXIS2_PLACEMENT_3D('',#1105,#1106,#1107);
#1105 = CARTESIAN_POINT('',(43.,6.,107.));
#1106 = DIRECTION('',(0.,0.,-1.));
#1107 = DIRECTION('',(1.,0.,0.));
#1108 = CYLINDRICAL_SURFACE('',#1109,2.);
#1109 = AXIS2_PLACEMENT_3D('',#1110,#1111,#1112);
#1110 = CARTESIAN_POINT('',(43.,6.,-31.));
#1111 = DIRECTION('',(0.,0.,1.));
#1112 = DIRECTION('',(1.,0.,0.));
#1113 = ADVANCED_FACE('',(#1114),#1133,.F.);
#1114 = FACE_BOUND('',#1115,.F.);
#1115 = EDGE_LOOP('',(#1116,#1117,#1125,#1132));
#1116 = ORIENTED_EDGE('',*,*,#599,.F.);
#1117 = ORIENTED_EDGE('',*,*,#1118,.F.);
#1118 = EDGE_CURVE('',#1119,#600,#1121,.T.);
#1119 = VERTEX_POINT('',#1120);
#1120 = CARTESIAN_POINT('',(-30.,7.5,99.));
#1121 = LINE('',#1122,#1123);
#1122 = CARTESIAN_POINT('',(-30.,7.4,98.9));
#1123 = VECTOR('',#1124,1.);
#1124 = DIRECTION('',(-1.731912112471E-16,0.707106781187,0.707106781187)
  );
#1125 = ORIENTED_EDGE('',*,*,#1126,.T.);
#1126 = EDGE_CURVE('',#1119,#1119,#1127,.T.);
#1127 = CIRCLE('',#1128,5.);
#1128 = AXIS2_PLACEMENT_3D('',#1129,#1130,#1131);
#1129 = CARTESIAN_POINT('',(-30.,7.5,94.));
#1130 = DIRECTION('',(0.,1.,0.));
#1131 = DIRECTION('',(0.,0.,1.));
#1132 = ORIENTED_EDGE('',*,*,#1118,.T.);
#1133 = CONICAL_SURFACE('',#1134,4.9,0.785398163397);
#1134 = AXIS2_PLACEMENT_3D('',#1135,#1136,#1137);
#1135 = CARTESIAN_POINT('',(-30.,7.4,94.));
#1136 = DIRECTION('',(0.,1.,0.));
#1137 = DIRECTION('',(0.,0.,1.));
#1138 = ADVANCED_FACE('',(#1139),#1155,.T.);
#1139 = FACE_BOUND('',#1140,.T.);
#1140 = EDGE_LOOP('',(#1141,#1142,#1148,#1149));
#1141 = ORIENTED_EDGE('',*,*,#620,.T.);
#1142 = ORIENTED_EDGE('',*,*,#1143,.T.);
#1143 = EDGE_CURVE('',#611,#120,#1144,.T.);
#1144 = LINE('',#1145,#1146);
#1145 = CARTESIAN_POINT('',(-24.,4.,12.));
#1146 = VECTOR('',#1147,1.);
#1147 = DIRECTION('',(0.,1.,0.));
#1148 = ORIENTED_EDGE('',*,*,#182,.F.);
#1149 = ORIENTED_EDGE('',*,*,#1150,.F.);
#1150 = EDGE_CURVE('',#621,#173,#1151,.T.);
#1151 = LINE('',#1152,#1153);
#1152 = CARTESIAN_POINT('',(-26.,4.,10.));
#1153 = VECTOR('',#1154,1.);
#1154 = DIRECTION('',(0.,1.,0.));
#1155 = CYLINDRICAL_SURFACE('',#1156,2.);
#1156 = AXIS2_PLACEMENT_3D('',#1157,#1158,#1159);
#1157 = CARTESIAN_POINT('',(-24.,4.,10.));
#1158 = DIRECTION('',(0.,1.,0.));
#1159 = DIRECTION('',(-1.,0.,0.));
#1160 = ADVANCED_FACE('',(#1161),#1177,.T.);
#1161 = FACE_BOUND('',#1162,.F.);
#1162 = EDGE_LOOP('',(#1163,#1164,#1170,#1171));
#1163 = ORIENTED_EDGE('',*,*,#725,.F.);
#1164 = ORIENTED_EDGE('',*,*,#1165,.T.);
#1165 = EDGE_CURVE('',#613,#62,#1166,.T.);
#1166 = LINE('',#1167,#1168);
#1167 = CARTESIAN_POINT('',(24.,4.,12.));
#1168 = VECTOR('',#1169,1.);
#1169 = DIRECTION('',(0.,1.,0.));
#1170 = ORIENTED_EDGE('',*,*,#94,.F.);
#1171 = ORIENTED_EDGE('',*,*,#1172,.F.);
#1172 = EDGE_CURVE('',#718,#85,#1173,.T.);
#1173 = LINE('',#1174,#1175);
#1174 = CARTESIAN_POINT('',(26.,4.,10.));
#1175 = VECTOR('',#1176,1.);
#1176 = DIRECTION('',(0.,1.,0.));
#1177 = CYLINDRICAL_SURFACE('',#1178,2.);
#1178 = AXIS2_PLACEMENT_3D('',#1179,#1180,#1181);
#1179 = CARTESIAN_POINT('',(24.,4.,10.));
#1180 = DIRECTION('',(0.,1.,0.));
#1181 = DIRECTION('',(1.,0.,0.));
#1182 = ADVANCED_FACE('',(#1183),#1201,.F.);
#1183 = FACE_BOUND('',#1184,.F.);
#1184 = EDGE_LOOP('',(#1185,#1186,#1194,#1200));
#1185 = ORIENTED_EDGE('',*,*,#629,.T.);
#1186 = ORIENTED_EDGE('',*,*,#1187,.T.);
#1187 = EDGE_CURVE('',#630,#1188,#1190,.T.);
#1188 = VERTEX_POINT('',#1189);
#1189 = CARTESIAN_POINT('',(-26.,20.,-12.));
#1190 = LINE('',#1191,#1192);
#1191 = CARTESIAN_POINT('',(-26.,4.,-12.));
#1192 = VECTOR('',#1193,1.);
#1193 = DIRECTION('',(0.,1.,0.));
#1194 = ORIENTED_EDGE('',*,*,#1195,.T.);
#1195 = EDGE_CURVE('',#1188,#173,#1196,.T.);
#1196 = LINE('',#1197,#1198);
#1197 = CARTESIAN_POINT('',(-26.,20.,-14.));
#1198 = VECTOR('',#1199,1.);
#1199 = DIRECTION('',(0.,0.,1.));
#1200 = ORIENTED_EDGE('',*,*,#1150,.F.);
#1201 = PLANE('',#1202);
#1202 = AXIS2_PLACEMENT_3D('',#1203,#1204,#1205);
#1203 = CARTESIAN_POINT('',(-26.,4.,-14.));
#1204 = DIRECTION('',(1.,0.,0.));
#1205 = DIRECTION('',(0.,0.,1.));
#1206 = ADVANCED_FACE('',(#1207),#1225,.T.);
#1207 = FACE_BOUND('',#1208,.T.);
#1208 = EDGE_LOOP('',(#1209,#1210,#1218,#1224));
#1209 = ORIENTED_EDGE('',*,*,#717,.T.);
#1210 = ORIENTED_EDGE('',*,*,#1211,.T.);
#1211 = EDGE_CURVE('',#709,#1212,#1214,.T.);
#1212 = VERTEX_POINT('',#1213);
#1213 = CARTESIAN_POINT('',(26.,20.,-12.));
#1214 = LINE('',#1215,#1216);
#1215 = CARTESIAN_POINT('',(26.,4.,-12.));
#1216 = VECTOR('',#1217,1.);
#1217 = DIRECTION('',(0.,1.,0.));
#1218 = ORIENTED_EDGE('',*,*,#1219,.T.);
#1219 = EDGE_CURVE('',#1212,#85,#1220,.T.);
#1220 = LINE('',#1221,#1222);
#1221 = CARTESIAN_POINT('',(26.,20.,-14.));
#1222 = VECTOR('',#1223,1.);
#1223 = DIRECTION('',(0.,0.,1.));
#1224 = ORIENTED_EDGE('',*,*,#1172,.F.);
#1225 = PLANE('',#1226);
#1226 = AXIS2_PLACEMENT_3D('',#1227,#1228,#1229);
#1227 = CARTESIAN_POINT('',(26.,4.,-14.));
#1228 = DIRECTION('',(1.,0.,0.));
#1229 = DIRECTION('',(0.,0.,1.));
#1230 = ADVANCED_FACE('',(#1231),#1278,.T.);
#1231 = FACE_BOUND('',#1232,.F.);
#1232 = EDGE_LOOP('',(#1233,#1234,#1242,#1249,#1250,#1251,#1261,#1270));
#1233 = ORIENTED_EDGE('',*,*,#664,.F.);
#1234 = ORIENTED_EDGE('',*,*,#1235,.T.);
#1235 = EDGE_CURVE('',#665,#1236,#1238,.T.);
#1236 = VERTEX_POINT('',#1237);
#1237 = CARTESIAN_POINT('',(-24.,20.,-14.));
#1238 = LINE('',#1239,#1240);
#1239 = CARTESIAN_POINT('',(-24.,4.,-14.));
#1240 = VECTOR('',#1241,1.);
#1241 = DIRECTION('',(0.,1.,0.));
#1242 = ORIENTED_EDGE('',*,*,#1243,.T.);
#1243 = EDGE_CURVE('',#1236,#1188,#1244,.T.);
#1244 = CIRCLE('',#1245,2.);
#1245 = AXIS2_PLACEMENT_3D('',#1246,#1247,#1248);
#1246 = CARTESIAN_POINT('',(-24.,20.,-12.));
#1247 = DIRECTION('',(0.,1.,-0.));
#1248 = DIRECTION('',(-1.,0.,0.));
#1249 = ORIENTED_EDGE('',*,*,#1187,.F.);
#1250 = ORIENTED_EDGE('',*,*,#637,.F.);
#1251 = ORIENTED_EDGE('',*,*,#1252,.F.);
#1252 = EDGE_CURVE('',#1253,#638,#1255,.T.);
#1253 = VERTEX_POINT('',#1254);
#1254 = CARTESIAN_POINT('',(-25.99829536068,8.1,-12.08255695897));
#1255 = B_SPLINE_CURVE_WITH_KNOTS('',4,(#1256,#1257,#1258,#1259,#1260),
  .UNSPECIFIED.,.F.,.F.,(5,5),(0.,1.),.PIECEWISE_BEZIER_KNOTS.);
#1256 = CARTESIAN_POINT('',(-25.99829536068,8.1,-12.08255695897));
#1257 = CARTESIAN_POINT('',(-25.99671324328,8.074341389035,
    -12.12085219042));
#1258 = CARTESIAN_POINT('',(-25.99411943349,8.049069850293,
    -12.15990367648));
#1259 = CARTESIAN_POINT('',(-25.99042123326,8.024252373014,
    -12.19977114084));
#1260 = CARTESIAN_POINT('',(-25.98548433677,7.9999994,-12.24052431984));
#1261 = ORIENTED_EDGE('',*,*,#1262,.F.);
#1262 = EDGE_CURVE('',#1263,#1253,#1265,.T.);
#1263 = VERTEX_POINT('',#1264);
#1264 = CARTESIAN_POINT('',(-24.84478156239,8.1,-13.8128276564));
#1265 = CIRCLE('',#1266,2.);
#1266 = AXIS2_PLACEMENT_3D('',#1267,#1268,#1269);
#1267 = CARTESIAN_POINT('',(-24.,8.1,-12.));
#1268 = DIRECTION('',(0.,1.,-0.));
#1269 = DIRECTION('',(-1.,0.,0.));
#1270 = ORIENTED_EDGE('',*,*,#1271,.F.);
#1271 = EDGE_CURVE('',#656,#1263,#1272,.T.);
#1272 = B_SPLINE_CURVE_WITH_KNOTS('',4,(#1273,#1274,#1275,#1276,#1277),
  .UNSPECIFIED.,.F.,.F.,(5,5),(0.,1.),.PIECEWISE_BEZIER_KNOTS.);
#1273 = CARTESIAN_POINT('',(-24.98567027092,7.9999994,-13.74024541861));
#1274 = CARTESIAN_POINT('',(-24.94995075718,8.024252373697,
    -13.76047685402));
#1275 = CARTESIAN_POINT('',(-24.91457240844,8.049069848969,
    -13.77922421589));
#1276 = CARTESIAN_POINT('',(-24.8795224998,8.074341389266,
    -13.79663830532));
#1277 = CARTESIAN_POINT('',(-24.84478156239,8.1,-13.8128276564));
#1278 = CYLINDRICAL_SURFACE('',#1279,2.);
#1279 = AXIS2_PLACEMENT_3D('',#1280,#1281,#1282);
#1280 = CARTESIAN_POINT('',(-24.,4.,-12.));
#1281 = DIRECTION('',(0.,1.,0.));
#1282 = DIRECTION('',(-1.,0.,0.));
#1283 = ADVANCED_FACE('',(#1284),#1331,.T.);
#1284 = FACE_BOUND('',#1285,.T.);
#1285 = EDGE_LOOP('',(#1286,#1287,#1288,#1298,#1307,#1315,#1316,#1324));
#1286 = ORIENTED_EDGE('',*,*,#1211,.F.);
#1287 = ORIENTED_EDGE('',*,*,#708,.T.);
#1288 = ORIENTED_EDGE('',*,*,#1289,.F.);
#1289 = EDGE_CURVE('',#1290,#700,#1292,.T.);
#1290 = VERTEX_POINT('',#1291);
#1291 = CARTESIAN_POINT('',(25.998295360682,8.1,-12.08255695897));
#1292 = B_SPLINE_CURVE_WITH_KNOTS('',4,(#1293,#1294,#1295,#1296,#1297),
  .UNSPECIFIED.,.F.,.F.,(5,5),(0.,1.),.PIECEWISE_BEZIER_KNOTS.);
#1293 = CARTESIAN_POINT('',(25.998295360682,8.1,-12.08255695897));
#1294 = CARTESIAN_POINT('',(25.996713243287,8.074341389035,
    -12.12085219042));
#1295 = CARTESIAN_POINT('',(25.994119433495,8.049069850293,
    -12.15990367648));
#1296 = CARTESIAN_POINT('',(25.990421233264,8.024252373014,
    -12.19977114084));
#1297 = CARTESIAN_POINT('',(25.985484336771,7.9999994,-12.24052431984));
#1298 = ORIENTED_EDGE('',*,*,#1299,.T.);
#1299 = EDGE_CURVE('',#1290,#1300,#1302,.T.);
#1300 = VERTEX_POINT('',#1301);
#1301 = CARTESIAN_POINT('',(24.844781562395,8.1,-13.8128276564));
#1302 = CIRCLE('',#1303,2.);
#1303 = AXIS2_PLACEMENT_3D('',#1304,#1305,#1306);
#1304 = CARTESIAN_POINT('',(24.,8.1,-12.));
#1305 = DIRECTION('',(-0.,1.,0.));
#1306 = DIRECTION('',(1.,0.,0.));
#1307 = ORIENTED_EDGE('',*,*,#1308,.F.);
#1308 = EDGE_CURVE('',#682,#1300,#1309,.T.);
#1309 = B_SPLINE_CURVE_WITH_KNOTS('',4,(#1310,#1311,#1312,#1313,#1314),
  .UNSPECIFIED.,.F.,.F.,(5,5),(0.,1.),.PIECEWISE_BEZIER_KNOTS.);
#1310 = CARTESIAN_POINT('',(24.985670270921,7.9999994,-13.74024541861));
#1311 = CARTESIAN_POINT('',(24.949950757185,8.024252373697,
    -13.76047685402));
#1312 = CARTESIAN_POINT('',(24.914572408442,8.049069848969,
    -13.77922421589));
#1313 = CARTESIAN_POINT('',(24.879522499801,8.074341389266,
    -13.79663830532));
#1314 = CARTESIAN_POINT('',(24.844781562395,8.1,-13.8128276564));
#1315 = ORIENTED_EDGE('',*,*,#681,.T.);
#1316 = ORIENTED_EDGE('',*,*,#1317,.T.);
#1317 = EDGE_CURVE('',#674,#1318,#1320,.T.);
#1318 = VERTEX_POINT('',#1319);
#1319 = CARTESIAN_POINT('',(24.,20.,-14.));
#1320 = LINE('',#1321,#1322);
#1321 = CARTESIAN_POINT('',(24.,4.,-14.));
#1322 = VECTOR('',#1323,1.);
#1323 = DIRECTION('',(0.,1.,0.));
#1324 = ORIENTED_EDGE('',*,*,#1325,.T.);
#1325 = EDGE_CURVE('',#1318,#1212,#1326,.T.);
#1326 = CIRCLE('',#1327,2.);
#1327 = AXIS2_PLACEMENT_3D('',#1328,#1329,#1330);
#1328 = CARTESIAN_POINT('',(24.,20.,-12.));
#1329 = DIRECTION('',(0.,-1.,0.));
#1330 = DIRECTION('',(1.,0.,0.));
#1331 = CYLINDRICAL_SURFACE('',#1332,2.);
#1332 = AXIS2_PLACEMENT_3D('',#1333,#1334,#1335);
#1333 = CARTESIAN_POINT('',(24.,4.,-12.));
#1334 = DIRECTION('',(0.,1.,0.));
#1335 = DIRECTION('',(1.,0.,0.));
#1336 = ADVANCED_FACE('',(#1337),#1366,.F.);
#1337 = FACE_BOUND('',#1338,.F.);
#1338 = EDGE_LOOP('',(#1339,#1346,#1347,#1348,#1356,#1363,#1364,#1365));
#1339 = ORIENTED_EDGE('',*,*,#1340,.F.);
#1340 = EDGE_CURVE('',#1253,#1263,#1341,.T.);
#1341 = CIRCLE('',#1342,5.6);
#1342 = AXIS2_PLACEMENT_3D('',#1343,#1344,#1345);
#1343 = CARTESIAN_POINT('',(-30.,8.1,-16.));
#1344 = DIRECTION('',(0.,1.,0.));
#1345 = DIRECTION('',(0.,0.,1.));
#1346 = ORIENTED_EDGE('',*,*,#1252,.T.);
#1347 = ORIENTED_EDGE('',*,*,#646,.F.);
#1348 = ORIENTED_EDGE('',*,*,#1349,.F.);
#1349 = EDGE_CURVE('',#1350,#647,#1352,.T.);
#1350 = VERTEX_POINT('',#1351);
#1351 = CARTESIAN_POINT('',(-30.,7.5,-11.));
#1352 = LINE('',#1353,#1354);
#1353 = CARTESIAN_POINT('',(-30.,7.4,-11.1));
#1354 = VECTOR('',#1355,1.);
#1355 = DIRECTION('',(-1.731912112471E-16,0.707106781187,0.707106781187)
  );
#1356 = ORIENTED_EDGE('',*,*,#1357,.T.);
#1357 = EDGE_CURVE('',#1350,#1350,#1358,.T.);
#1358 = CIRCLE('',#1359,5.);
#1359 = AXIS2_PLACEMENT_3D('',#1360,#1361,#1362);
#1360 = CARTESIAN_POINT('',(-30.,7.5,-16.));
#1361 = DIRECTION('',(0.,1.,0.));
#1362 = DIRECTION('',(0.,0.,1.));
#1363 = ORIENTED_EDGE('',*,*,#1349,.T.);
#1364 = ORIENTED_EDGE('',*,*,#655,.F.);
#1365 = ORIENTED_EDGE('',*,*,#1271,.T.);
#1366 = CONICAL_SURFACE('',#1367,4.9,0.785398163397);
#1367 = AXIS2_PLACEMENT_3D('',#1368,#1369,#1370);
#1368 = CARTESIAN_POINT('',(-30.,7.4,-16.));
#1369 = DIRECTION('',(0.,1.,0.));
#1370 = DIRECTION('',(0.,0.,1.));
#1371 = ADVANCED_FACE('',(#1372),#1401,.F.);
#1372 = FACE_BOUND('',#1373,.F.);
#1373 = EDGE_LOOP('',(#1374,#1381,#1382,#1383,#1391,#1398,#1399,#1400));
#1374 = ORIENTED_EDGE('',*,*,#1375,.F.);
#1375 = EDGE_CURVE('',#1300,#1290,#1376,.T.);
#1376 = CIRCLE('',#1377,5.6);
#1377 = AXIS2_PLACEMENT_3D('',#1378,#1379,#1380);
#1378 = CARTESIAN_POINT('',(30.,8.1,-16.));
#1379 = DIRECTION('',(0.,1.,0.));
#1380 = DIRECTION('',(0.,0.,1.));
#1381 = ORIENTED_EDGE('',*,*,#1308,.F.);
#1382 = ORIENTED_EDGE('',*,*,#690,.F.);
#1383 = ORIENTED_EDGE('',*,*,#1384,.F.);
#1384 = EDGE_CURVE('',#1385,#691,#1387,.T.);
#1385 = VERTEX_POINT('',#1386);
#1386 = CARTESIAN_POINT('',(30.,7.5,-11.));
#1387 = LINE('',#1388,#1389);
#1388 = CARTESIAN_POINT('',(30.,7.4,-11.1));
#1389 = VECTOR('',#1390,1.);
#1390 = DIRECTION('',(-1.731912112471E-16,0.707106781187,0.707106781187)
  );
#1391 = ORIENTED_EDGE('',*,*,#1392,.T.);
#1392 = EDGE_CURVE('',#1385,#1385,#1393,.T.);
#1393 = CIRCLE('',#1394,5.);
#1394 = AXIS2_PLACEMENT_3D('',#1395,#1396,#1397);
#1395 = CARTESIAN_POINT('',(30.,7.5,-16.));
#1396 = DIRECTION('',(0.,1.,0.));
#1397 = DIRECTION('',(0.,0.,1.));
#1398 = ORIENTED_EDGE('',*,*,#1384,.T.);
#1399 = ORIENTED_EDGE('',*,*,#699,.F.);
#1400 = ORIENTED_EDGE('',*,*,#1289,.F.);
#1401 = CONICAL_SURFACE('',#1402,4.9,0.785398163397);
#1402 = AXIS2_PLACEMENT_3D('',#1403,#1404,#1405);
#1403 = CARTESIAN_POINT('',(30.,7.4,-16.));
#1404 = DIRECTION('',(0.,1.,0.));
#1405 = DIRECTION('',(0.,0.,1.));
#1406 = ADVANCED_FACE('',(#1407),#1418,.F.);
#1407 = FACE_BOUND('',#1408,.F.);
#1408 = EDGE_LOOP('',(#1409,#1410,#1411,#1412));
#1409 = ORIENTED_EDGE('',*,*,#1235,.F.);
#1410 = ORIENTED_EDGE('',*,*,#673,.T.);
#1411 = ORIENTED_EDGE('',*,*,#1317,.T.);
#1412 = ORIENTED_EDGE('',*,*,#1413,.F.);
#1413 = EDGE_CURVE('',#1236,#1318,#1414,.T.);
#1414 = LINE('',#1415,#1416);
#1415 = CARTESIAN_POINT('',(-26.,20.,-14.));
#1416 = VECTOR('',#1417,1.);
#1417 = DIRECTION('',(1.,0.,0.));
#1418 = PLANE('',#1419);
#1419 = AXIS2_PLACEMENT_3D('',#1420,#1421,#1422);
#1420 = CARTESIAN_POINT('',(-26.,4.,-14.));
#1421 = DIRECTION('',(0.,0.,1.));
#1422 = DIRECTION('',(1.,0.,0.));
#1423 = ADVANCED_FACE('',(#1424),#1450,.T.);
#1424 = FACE_BOUND('',#1425,.F.);
#1425 = EDGE_LOOP('',(#1426,#1427,#1435,#1444));
#1426 = ORIENTED_EDGE('',*,*,#795,.F.);
#1427 = ORIENTED_EDGE('',*,*,#1428,.T.);
#1428 = EDGE_CURVE('',#735,#1429,#1431,.T.);
#1429 = VERTEX_POINT('',#1430);
#1430 = CARTESIAN_POINT('',(-24.,20.,36.));
#1431 = LINE('',#1432,#1433);
#1432 = CARTESIAN_POINT('',(-24.,4.,36.));
#1433 = VECTOR('',#1434,1.);
#1434 = DIRECTION('',(0.,1.,0.));
#1435 = ORIENTED_EDGE('',*,*,#1436,.T.);
#1436 = EDGE_CURVE('',#1429,#1437,#1439,.T.);
#1437 = VERTEX_POINT('',#1438);
#1438 = CARTESIAN_POINT('',(-26.,20.,38.));
#1439 = CIRCLE('',#1440,2.);
#1440 = AXIS2_PLACEMENT_3D('',#1441,#1442,#1443);
#1441 = CARTESIAN_POINT('',(-24.,20.,38.));
#1442 = DIRECTION('',(0.,1.,-0.));
#1443 = DIRECTION('',(-1.,0.,0.));
#1444 = ORIENTED_EDGE('',*,*,#1445,.F.);
#1445 = EDGE_CURVE('',#788,#1437,#1446,.T.);
#1446 = LINE('',#1447,#1448);
#1447 = CARTESIAN_POINT('',(-26.,4.,38.));
#1448 = VECTOR('',#1449,1.);
#1449 = DIRECTION('',(0.,1.,0.));
#1450 = CYLINDRICAL_SURFACE('',#1451,2.);
#1451 = AXIS2_PLACEMENT_3D('',#1452,#1453,#1454);
#1452 = CARTESIAN_POINT('',(-24.,4.,38.));
#1453 = DIRECTION('',(0.,1.,0.));
#1454 = DIRECTION('',(-1.,0.,0.));
#1455 = ADVANCED_FACE('',(#1456),#1474,.F.);
#1456 = FACE_BOUND('',#1457,.F.);
#1457 = EDGE_LOOP('',(#1458,#1459,#1460,#1468));
#1458 = ORIENTED_EDGE('',*,*,#787,.T.);
#1459 = ORIENTED_EDGE('',*,*,#1445,.T.);
#1460 = ORIENTED_EDGE('',*,*,#1461,.T.);
#1461 = EDGE_CURVE('',#1437,#1462,#1464,.T.);
#1462 = VERTEX_POINT('',#1463);
#1463 = CARTESIAN_POINT('',(-26.,20.,60.));
#1464 = LINE('',#1465,#1466);
#1465 = CARTESIAN_POINT('',(-26.,20.,36.));
#1466 = VECTOR('',#1467,1.);
#1467 = DIRECTION('',(0.,0.,1.));
#1468 = ORIENTED_EDGE('',*,*,#1469,.F.);
#1469 = EDGE_CURVE('',#779,#1462,#1470,.T.);
#1470 = LINE('',#1471,#1472);
#1471 = CARTESIAN_POINT('',(-26.,4.,60.));
#1472 = VECTOR('',#1473,1.);
#1473 = DIRECTION('',(0.,1.,0.));
#1474 = PLANE('',#1475);
#1475 = AXIS2_PLACEMENT_3D('',#1476,#1477,#1478);
#1476 = CARTESIAN_POINT('',(-26.,4.,36.));
#1477 = DIRECTION('',(1.,0.,0.));
#1478 = DIRECTION('',(0.,0.,1.));
#1479 = ADVANCED_FACE('',(#1480),#1499,.T.);
#1480 = FACE_BOUND('',#1481,.T.);
#1481 = EDGE_LOOP('',(#1482,#1483,#1491,#1498));
#1482 = ORIENTED_EDGE('',*,*,#778,.T.);
#1483 = ORIENTED_EDGE('',*,*,#1484,.T.);
#1484 = EDGE_CURVE('',#771,#1485,#1487,.T.);
#1485 = VERTEX_POINT('',#1486);
#1486 = CARTESIAN_POINT('',(-24.,20.,62.));
#1487 = LINE('',#1488,#1489);
#1488 = CARTESIAN_POINT('',(-24.,4.,62.));
#1489 = VECTOR('',#1490,1.);
#1490 = DIRECTION('',(0.,1.,0.));
#1491 = ORIENTED_EDGE('',*,*,#1492,.F.);
#1492 = EDGE_CURVE('',#1462,#1485,#1493,.T.);
#1493 = CIRCLE('',#1494,2.);
#1494 = AXIS2_PLACEMENT_3D('',#1495,#1496,#1497);
#1495 = CARTESIAN_POINT('',(-24.,20.,60.));
#1496 = DIRECTION('',(0.,1.,-0.));
#1497 = DIRECTION('',(-1.,0.,0.));
#1498 = ORIENTED_EDGE('',*,*,#1469,.F.);
#1499 = CYLINDRICAL_SURFACE('',#1500,2.);
#1500 = AXIS2_PLACEMENT_3D('',#1501,#1502,#1503);
#1501 = CARTESIAN_POINT('',(-24.,4.,60.));
#1502 = DIRECTION('',(0.,1.,0.));
#1503 = DIRECTION('',(-1.,0.,0.));
#1504 = ADVANCED_FACE('',(#1505),#1531,.T.);
#1505 = FACE_BOUND('',#1506,.T.);
#1506 = EDGE_LOOP('',(#1507,#1508,#1516,#1525));
#1507 = ORIENTED_EDGE('',*,*,#744,.T.);
#1508 = ORIENTED_EDGE('',*,*,#1509,.T.);
#1509 = EDGE_CURVE('',#737,#1510,#1512,.T.);
#1510 = VERTEX_POINT('',#1511);
#1511 = CARTESIAN_POINT('',(24.,20.,36.));
#1512 = LINE('',#1513,#1514);
#1513 = CARTESIAN_POINT('',(24.,4.,36.));
#1514 = VECTOR('',#1515,1.);
#1515 = DIRECTION('',(0.,1.,0.));
#1516 = ORIENTED_EDGE('',*,*,#1517,.T.);
#1517 = EDGE_CURVE('',#1510,#1518,#1520,.T.);
#1518 = VERTEX_POINT('',#1519);
#1519 = CARTESIAN_POINT('',(26.,20.,38.));
#1520 = CIRCLE('',#1521,2.);
#1521 = AXIS2_PLACEMENT_3D('',#1522,#1523,#1524);
#1522 = CARTESIAN_POINT('',(24.,20.,38.));
#1523 = DIRECTION('',(0.,-1.,0.));
#1524 = DIRECTION('',(1.,0.,0.));
#1525 = ORIENTED_EDGE('',*,*,#1526,.F.);
#1526 = EDGE_CURVE('',#745,#1518,#1527,.T.);
#1527 = LINE('',#1528,#1529);
#1528 = CARTESIAN_POINT('',(26.,4.,38.));
#1529 = VECTOR('',#1530,1.);
#1530 = DIRECTION('',(0.,1.,0.));
#1531 = CYLINDRICAL_SURFACE('',#1532,2.);
#1532 = AXIS2_PLACEMENT_3D('',#1533,#1534,#1535);
#1533 = CARTESIAN_POINT('',(24.,4.,38.));
#1534 = DIRECTION('',(0.,1.,0.));
#1535 = DIRECTION('',(1.,0.,0.));
#1536 = ADVANCED_FACE('',(#1537),#1555,.T.);
#1537 = FACE_BOUND('',#1538,.T.);
#1538 = EDGE_LOOP('',(#1539,#1540,#1541,#1549));
#1539 = ORIENTED_EDGE('',*,*,#1484,.F.);
#1540 = ORIENTED_EDGE('',*,*,#770,.T.);
#1541 = ORIENTED_EDGE('',*,*,#1542,.T.);
#1542 = EDGE_CURVE('',#762,#1543,#1545,.T.);
#1543 = VERTEX_POINT('',#1544);
#1544 = CARTESIAN_POINT('',(24.,20.,62.));
#1545 = LINE('',#1546,#1547);
#1546 = CARTESIAN_POINT('',(24.,4.,62.));
#1547 = VECTOR('',#1548,1.);
#1548 = DIRECTION('',(0.,1.,0.));
#1549 = ORIENTED_EDGE('',*,*,#1550,.F.);
#1550 = EDGE_CURVE('',#1485,#1543,#1551,.T.);
#1551 = LINE('',#1552,#1553);
#1552 = CARTESIAN_POINT('',(-26.,20.,62.));
#1553 = VECTOR('',#1554,1.);
#1554 = DIRECTION('',(1.,0.,0.));
#1555 = PLANE('',#1556);
#1556 = AXIS2_PLACEMENT_3D('',#1557,#1558,#1559);
#1557 = CARTESIAN_POINT('',(-26.,4.,62.));
#1558 = DIRECTION('',(0.,0.,1.));
#1559 = DIRECTION('',(1.,0.,0.));
#1560 = ADVANCED_FACE('',(#1561),#1579,.T.);
#1561 = FACE_BOUND('',#1562,.T.);
#1562 = EDGE_LOOP('',(#1563,#1564,#1565,#1573));
#1563 = ORIENTED_EDGE('',*,*,#753,.T.);
#1564 = ORIENTED_EDGE('',*,*,#1526,.T.);
#1565 = ORIENTED_EDGE('',*,*,#1566,.T.);
#1566 = EDGE_CURVE('',#1518,#1567,#1569,.T.);
#1567 = VERTEX_POINT('',#1568);
#1568 = CARTESIAN_POINT('',(26.,20.,60.));
#1569 = LINE('',#1570,#1571);
#1570 = CARTESIAN_POINT('',(26.,20.,36.));
#1571 = VECTOR('',#1572,1.);
#1572 = DIRECTION('',(0.,0.,1.));
#1573 = ORIENTED_EDGE('',*,*,#1574,.F.);
#1574 = EDGE_CURVE('',#754,#1567,#1575,.T.);
#1575 = LINE('',#1576,#1577);
#1576 = CARTESIAN_POINT('',(26.,4.,60.));
#1577 = VECTOR('',#1578,1.);
#1578 = DIRECTION('',(0.,1.,0.));
#1579 = PLANE('',#1580);
#1580 = AXIS2_PLACEMENT_3D('',#1581,#1582,#1583);
#1581 = CARTESIAN_POINT('',(26.,4.,36.));
#1582 = DIRECTION('',(1.,0.,0.));
#1583 = DIRECTION('',(0.,0.,1.));
#1584 = ADVANCED_FACE('',(#1585),#1597,.T.);
#1585 = FACE_BOUND('',#1586,.F.);
#1586 = EDGE_LOOP('',(#1587,#1588,#1589,#1596));
#1587 = ORIENTED_EDGE('',*,*,#761,.F.);
#1588 = ORIENTED_EDGE('',*,*,#1542,.T.);
#1589 = ORIENTED_EDGE('',*,*,#1590,.F.);
#1590 = EDGE_CURVE('',#1567,#1543,#1591,.T.);
#1591 = CIRCLE('',#1592,2.);
#1592 = AXIS2_PLACEMENT_3D('',#1593,#1594,#1595);
#1593 = CARTESIAN_POINT('',(24.,20.,60.));
#1594 = DIRECTION('',(0.,-1.,0.));
#1595 = DIRECTION('',(1.,0.,0.));
#1596 = ORIENTED_EDGE('',*,*,#1574,.F.);
#1597 = CYLINDRICAL_SURFACE('',#1598,2.);
#1598 = AXIS2_PLACEMENT_3D('',#1599,#1600,#1601);
#1599 = CARTESIAN_POINT('',(24.,4.,60.));
#1600 = DIRECTION('',(0.,1.,0.));
#1601 = DIRECTION('',(1.,0.,0.));
#1602 = ADVANCED_FACE('',(#1603),#1622,.F.);
#1603 = FACE_BOUND('',#1604,.F.);
#1604 = EDGE_LOOP('',(#1605,#1606,#1614,#1621));
#1605 = ORIENTED_EDGE('',*,*,#804,.F.);
#1606 = ORIENTED_EDGE('',*,*,#1607,.F.);
#1607 = EDGE_CURVE('',#1608,#805,#1610,.T.);
#1608 = VERTEX_POINT('',#1609);
#1609 = CARTESIAN_POINT('',(30.,7.5,99.));
#1610 = LINE('',#1611,#1612);
#1611 = CARTESIAN_POINT('',(30.,7.4,98.9));
#1612 = VECTOR('',#1613,1.);
#1613 = DIRECTION('',(-1.731912112471E-16,0.707106781187,0.707106781187)
  );
#1614 = ORIENTED_EDGE('',*,*,#1615,.T.);
#1615 = EDGE_CURVE('',#1608,#1608,#1616,.T.);
#1616 = CIRCLE('',#1617,5.);
#1617 = AXIS2_PLACEMENT_3D('',#1618,#1619,#1620);
#1618 = CARTESIAN_POINT('',(30.,7.5,94.));
#1619 = DIRECTION('',(0.,1.,0.));
#1620 = DIRECTION('',(0.,0.,1.));
#1621 = ORIENTED_EDGE('',*,*,#1607,.T.);
#1622 = CONICAL_SURFACE('',#1623,4.9,0.785398163397);
#1623 = AXIS2_PLACEMENT_3D('',#1624,#1625,#1626);
#1624 = CARTESIAN_POINT('',(30.,7.4,94.));
#1625 = DIRECTION('',(0.,1.,0.));
#1626 = DIRECTION('',(0.,0.,1.));
#1627 = ADVANCED_FACE('',(#1628),#1633,.T.);
#1628 = FACE_BOUND('',#1629,.F.);
#1629 = EDGE_LOOP('',(#1630,#1631,#1632));
#1630 = ORIENTED_EDGE('',*,*,#1008,.F.);
#1631 = ORIENTED_EDGE('',*,*,#823,.T.);
#1632 = ORIENTED_EDGE('',*,*,#867,.F.);
#1633 = SPHERICAL_SURFACE('',#1634,2.);
#1634 = AXIS2_PLACEMENT_3D('',#1635,#1636,#1637);
#1635 = CARTESIAN_POINT('',(43.,2.,-29.));
#1636 = DIRECTION('',(0.,0.,1.));
#1637 = DIRECTION('',(1.,0.,0.));
#1638 = ADVANCED_FACE('',(#1639),#1644,.T.);
#1639 = FACE_BOUND('',#1640,.T.);
#1640 = EDGE_LOOP('',(#1641,#1642,#1643));
#1641 = ORIENTED_EDGE('',*,*,#1057,.F.);
#1642 = ORIENTED_EDGE('',*,*,#841,.T.);
#1643 = ORIENTED_EDGE('',*,*,#875,.F.);
#1644 = SPHERICAL_SURFACE('',#1645,2.);
#1645 = AXIS2_PLACEMENT_3D('',#1646,#1647,#1648);
#1646 = CARTESIAN_POINT('',(43.,2.,107.));
#1647 = DIRECTION('',(-0.,-0.,-1.));
#1648 = DIRECTION('',(1.,0.,0.));
#1649 = ADVANCED_FACE('',(#1650),#1656,.T.);
#1650 = FACE_BOUND('',#1651,.T.);
#1651 = EDGE_LOOP('',(#1652,#1653,#1654,#1655));
#1652 = ORIENTED_EDGE('',*,*,#857,.F.);
#1653 = ORIENTED_EDGE('',*,*,#1025,.T.);
#1654 = ORIENTED_EDGE('',*,*,#1088,.T.);
#1655 = ORIENTED_EDGE('',*,*,#1074,.F.);
#1656 = PLANE('',#1657);
#1657 = AXIS2_PLACEMENT_3D('',#1658,#1659,#1660);
#1658 = CARTESIAN_POINT('',(45.,0.,-31.));
#1659 = DIRECTION('',(1.,0.,0.));
#1660 = DIRECTION('',(0.,0.,1.));
#1661 = ADVANCED_FACE('',(#1662,#1673),#1676,.T.);
#1662 = FACE_BOUND('',#1663,.T.);
#1663 = EDGE_LOOP('',(#1664));
#1664 = ORIENTED_EDGE('',*,*,#1665,.T.);
#1665 = EDGE_CURVE('',#1666,#1666,#1668,.T.);
#1666 = VERTEX_POINT('',#1667);
#1667 = CARTESIAN_POINT('',(-30.,5.,-11.));
#1668 = CIRCLE('',#1669,5.);
#1669 = AXIS2_PLACEMENT_3D('',#1670,#1671,#1672);
#1670 = CARTESIAN_POINT('',(-30.,5.,-16.));
#1671 = DIRECTION('',(0.,1.,0.));
#1672 = DIRECTION('',(0.,0.,1.));
#1673 = FACE_BOUND('',#1674,.T.);
#1674 = EDGE_LOOP('',(#1675));
#1675 = ORIENTED_EDGE('',*,*,#890,.F.);
#1676 = PLANE('',#1677);
#1677 = AXIS2_PLACEMENT_3D('',#1678,#1679,#1680);
#1678 = CARTESIAN_POINT('',(-30.,5.,-16.));
#1679 = DIRECTION('',(0.,1.,0.));
#1680 = DIRECTION('',(0.,0.,1.));
#1681 = ADVANCED_FACE('',(#1682,#1693),#1696,.T.);
#1682 = FACE_BOUND('',#1683,.T.);
#1683 = EDGE_LOOP('',(#1684));
#1684 = ORIENTED_EDGE('',*,*,#1685,.T.);
#1685 = EDGE_CURVE('',#1686,#1686,#1688,.T.);
#1686 = VERTEX_POINT('',#1687);
#1687 = CARTESIAN_POINT('',(-30.,5.,99.));
#1688 = CIRCLE('',#1689,5.);
#1689 = AXIS2_PLACEMENT_3D('',#1690,#1691,#1692);
#1690 = CARTESIAN_POINT('',(-30.,5.,94.));
#1691 = DIRECTION('',(0.,1.,0.));
#1692 = DIRECTION('',(0.,0.,1.));
#1693 = FACE_BOUND('',#1694,.T.);
#1694 = EDGE_LOOP('',(#1695));
#1695 = ORIENTED_EDGE('',*,*,#915,.F.);
#1696 = PLANE('',#1697);
#1697 = AXIS2_PLACEMENT_3D('',#1698,#1699,#1700);
#1698 = CARTESIAN_POINT('',(-30.,5.,94.));
#1699 = DIRECTION('',(0.,1.,0.));
#1700 = DIRECTION('',(0.,0.,1.));
#1701 = ADVANCED_FACE('',(#1702,#1713),#1716,.T.);
#1702 = FACE_BOUND('',#1703,.T.);
#1703 = EDGE_LOOP('',(#1704));
#1704 = ORIENTED_EDGE('',*,*,#1705,.T.);
#1705 = EDGE_CURVE('',#1706,#1706,#1708,.T.);
#1706 = VERTEX_POINT('',#1707);
#1707 = CARTESIAN_POINT('',(30.,5.,-11.));
#1708 = CIRCLE('',#1709,5.);
#1709 = AXIS2_PLACEMENT_3D('',#1710,#1711,#1712);
#1710 = CARTESIAN_POINT('',(30.,5.,-16.));
#1711 = DIRECTION('',(0.,1.,0.));
#1712 = DIRECTION('',(0.,0.,1.));
#1713 = FACE_BOUND('',#1714,.T.);
#1714 = EDGE_LOOP('',(#1715));
#1715 = ORIENTED_EDGE('',*,*,#940,.F.);
#1716 = PLANE('',#1717);
#1717 = AXIS2_PLACEMENT_3D('',#1718,#1719,#1720);
#1718 = CARTESIAN_POINT('',(30.,5.,-16.));
#1719 = DIRECTION('',(0.,1.,0.));
#1720 = DIRECTION('',(0.,0.,1.));
#1721 = ADVANCED_FACE('',(#1722,#1733),#1736,.T.);
#1722 = FACE_BOUND('',#1723,.T.);
#1723 = EDGE_LOOP('',(#1724));
#1724 = ORIENTED_EDGE('',*,*,#1725,.T.);
#1725 = EDGE_CURVE('',#1726,#1726,#1728,.T.);
#1726 = VERTEX_POINT('',#1727);
#1727 = CARTESIAN_POINT('',(30.,5.,99.));
#1728 = CIRCLE('',#1729,5.);
#1729 = AXIS2_PLACEMENT_3D('',#1730,#1731,#1732);
#1730 = CARTESIAN_POINT('',(30.,5.,94.));
#1731 = DIRECTION('',(0.,1.,0.));
#1732 = DIRECTION('',(0.,0.,1.));
#1733 = FACE_BOUND('',#1734,.T.);
#1734 = EDGE_LOOP('',(#1735));
#1735 = ORIENTED_EDGE('',*,*,#965,.F.);
#1736 = PLANE('',#1737);
#1737 = AXIS2_PLACEMENT_3D('',#1738,#1739,#1740);
#1738 = CARTESIAN_POINT('',(30.,5.,94.));
#1739 = DIRECTION('',(0.,1.,0.));
#1740 = DIRECTION('',(0.,0.,1.));
#1741 = ADVANCED_FACE('',(#1742),#1747,.T.);
#1742 = FACE_BOUND('',#1743,.T.);
#1743 = EDGE_LOOP('',(#1744,#1745,#1746));
#1744 = ORIENTED_EDGE('',*,*,#1016,.F.);
#1745 = ORIENTED_EDGE('',*,*,#992,.T.);
#1746 = ORIENTED_EDGE('',*,*,#1094,.F.);
#1747 = SPHERICAL_SURFACE('',#1748,2.);
#1748 = AXIS2_PLACEMENT_3D('',#1749,#1750,#1751);
#1749 = CARTESIAN_POINT('',(43.,6.,-29.));
#1750 = DIRECTION('',(0.,0.,1.));
#1751 = DIRECTION('',(1.,0.,0.));
#1752 = ADVANCED_FACE('',(#1753),#1758,.T.);
#1753 = FACE_BOUND('',#1754,.T.);
#1754 = EDGE_LOOP('',(#1755,#1756,#1757));
#1755 = ORIENTED_EDGE('',*,*,#1102,.F.);
#1756 = ORIENTED_EDGE('',*,*,#1041,.T.);
#1757 = ORIENTED_EDGE('',*,*,#1065,.F.);
#1758 = SPHERICAL_SURFACE('',#1759,2.);
#1759 = AXIS2_PLACEMENT_3D('',#1760,#1761,#1762);
#1760 = CARTESIAN_POINT('',(43.,6.,107.));
#1761 = DIRECTION('',(0.,-1.,0.));
#1762 = DIRECTION('',(1.,0.,0.));
#1763 = ADVANCED_FACE('',(#1764),#1775,.F.);
#1764 = FACE_BOUND('',#1765,.F.);
#1765 = EDGE_LOOP('',(#1766,#1767,#1773,#1774));
#1766 = ORIENTED_EDGE('',*,*,#1126,.F.);
#1767 = ORIENTED_EDGE('',*,*,#1768,.F.);
#1768 = EDGE_CURVE('',#1686,#1119,#1769,.T.);
#1769 = LINE('',#1770,#1771);
#1770 = CARTESIAN_POINT('',(-30.,5.,99.));
#1771 = VECTOR('',#1772,1.);
#1772 = DIRECTION('',(0.,1.,0.));
#1773 = ORIENTED_EDGE('',*,*,#1685,.T.);
#1774 = ORIENTED_EDGE('',*,*,#1768,.T.);
#1775 = CYLINDRICAL_SURFACE('',#1776,5.);
#1776 = AXIS2_PLACEMENT_3D('',#1777,#1778,#1779);
#1777 = CARTESIAN_POINT('',(-30.,5.,94.));
#1778 = DIRECTION('',(0.,1.,0.));
#1779 = DIRECTION('',(0.,0.,1.));
#1780 = ADVANCED_FACE('',(#1781),#1800,.T.);
#1781 = FACE_BOUND('',#1782,.F.);
#1782 = EDGE_LOOP('',(#1783,#1784,#1793,#1799));
#1783 = ORIENTED_EDGE('',*,*,#1195,.F.);
#1784 = ORIENTED_EDGE('',*,*,#1785,.T.);
#1785 = EDGE_CURVE('',#1188,#1786,#1788,.T.);
#1786 = VERTEX_POINT('',#1787);
#1787 = CARTESIAN_POINT('',(-24.,22.,-12.));
#1788 = CIRCLE('',#1789,2.);
#1789 = AXIS2_PLACEMENT_3D('',#1790,#1791,#1792);
#1790 = CARTESIAN_POINT('',(-24.,20.,-12.));
#1791 = DIRECTION('',(0.,0.,-1.));
#1792 = DIRECTION('',(-1.,0.,0.));
#1793 = ORIENTED_EDGE('',*,*,#1794,.T.);
#1794 = EDGE_CURVE('',#1786,#110,#1795,.T.);
#1795 = LINE('',#1796,#1797);
#1796 = CARTESIAN_POINT('',(-24.,22.,-14.));
#1797 = VECTOR('',#1798,1.);
#1798 = DIRECTION('',(0.,0.,1.));
#1799 = ORIENTED_EDGE('',*,*,#172,.T.);
#1800 = CYLINDRICAL_SURFACE('',#1801,2.);
#1801 = AXIS2_PLACEMENT_3D('',#1802,#1803,#1804);
#1802 = CARTESIAN_POINT('',(-24.,20.,-14.));
#1803 = DIRECTION('',(0.,0.,1.));
#1804 = DIRECTION('',(-1.,0.,0.));
#1805 = ADVANCED_FACE('',(#1806),#1825,.T.);
#1806 = FACE_BOUND('',#1807,.T.);
#1807 = EDGE_LOOP('',(#1808,#1809,#1818,#1824));
#1808 = ORIENTED_EDGE('',*,*,#1219,.F.);
#1809 = ORIENTED_EDGE('',*,*,#1810,.T.);
#1810 = EDGE_CURVE('',#1212,#1811,#1813,.T.);
#1811 = VERTEX_POINT('',#1812);
#1812 = CARTESIAN_POINT('',(24.,22.,-12.));
#1813 = CIRCLE('',#1814,2.);
#1814 = AXIS2_PLACEMENT_3D('',#1815,#1816,#1817);
#1815 = CARTESIAN_POINT('',(24.,20.,-12.));
#1816 = DIRECTION('',(0.,0.,1.));
#1817 = DIRECTION('',(1.,0.,0.));
#1818 = ORIENTED_EDGE('',*,*,#1819,.T.);
#1819 = EDGE_CURVE('',#1811,#24,#1820,.T.);
#1820 = LINE('',#1821,#1822);
#1821 = CARTESIAN_POINT('',(24.,22.,-14.));
#1822 = VECTOR('',#1823,1.);
#1823 = DIRECTION('',(0.,0.,1.));
#1824 = ORIENTED_EDGE('',*,*,#84,.T.);
#1825 = CYLINDRICAL_SURFACE('',#1826,2.);
#1826 = AXIS2_PLACEMENT_3D('',#1827,#1828,#1829);
#1827 = CARTESIAN_POINT('',(24.,20.,-14.));
#1828 = DIRECTION('',(0.,0.,1.));
#1829 = DIRECTION('',(1.,0.,0.));
#1830 = ADVANCED_FACE('',(#1831),#1835,.F.);
#1831 = FACE_BOUND('',#1832,.F.);
#1832 = EDGE_LOOP('',(#1833,#1834));
#1833 = ORIENTED_EDGE('',*,*,#1262,.T.);
#1834 = ORIENTED_EDGE('',*,*,#1340,.T.);
#1835 = PLANE('',#1836);
#1836 = AXIS2_PLACEMENT_3D('',#1837,#1838,#1839);
#1837 = CARTESIAN_POINT('',(-30.,8.1,-16.));
#1838 = DIRECTION('',(0.,1.,0.));
#1839 = DIRECTION('',(0.,0.,1.));
#1840 = ADVANCED_FACE('',(#1841),#1852,.T.);
#1841 = FACE_BOUND('',#1842,.F.);
#1842 = EDGE_LOOP('',(#1843,#1844,#1851));
#1843 = ORIENTED_EDGE('',*,*,#1243,.F.);
#1844 = ORIENTED_EDGE('',*,*,#1845,.T.);
#1845 = EDGE_CURVE('',#1236,#1786,#1846,.T.);
#1846 = CIRCLE('',#1847,2.);
#1847 = AXIS2_PLACEMENT_3D('',#1848,#1849,#1850);
#1848 = CARTESIAN_POINT('',(-24.,20.,-12.));
#1849 = DIRECTION('',(1.,6.123233995737E-17,-0.));
#1850 = DIRECTION('',(-6.123233995737E-17,1.,0.));
#1851 = ORIENTED_EDGE('',*,*,#1785,.F.);
#1852 = SPHERICAL_SURFACE('',#1853,2.);
#1853 = AXIS2_PLACEMENT_3D('',#1854,#1855,#1856);
#1854 = CARTESIAN_POINT('',(-24.,20.,-12.));
#1855 = DIRECTION('',(0.,0.,1.));
#1856 = DIRECTION('',(-1.,0.,0.));
#1857 = ADVANCED_FACE('',(#1858),#1869,.T.);
#1858 = FACE_BOUND('',#1859,.T.);
#1859 = EDGE_LOOP('',(#1860,#1861,#1868));
#1860 = ORIENTED_EDGE('',*,*,#1325,.F.);
#1861 = ORIENTED_EDGE('',*,*,#1862,.T.);
#1862 = EDGE_CURVE('',#1318,#1811,#1863,.T.);
#1863 = CIRCLE('',#1864,2.);
#1864 = AXIS2_PLACEMENT_3D('',#1865,#1866,#1867);
#1865 = CARTESIAN_POINT('',(24.,20.,-12.));
#1866 = DIRECTION('',(1.,-6.123233995737E-17,0.));
#1867 = DIRECTION('',(6.123233995737E-17,1.,0.));
#1868 = ORIENTED_EDGE('',*,*,#1810,.F.);
#1869 = SPHERICAL_SURFACE('',#1870,2.);
#1870 = AXIS2_PLACEMENT_3D('',#1871,#1872,#1873);
#1871 = CARTESIAN_POINT('',(24.,20.,-12.));
#1872 = DIRECTION('',(0.,0.,1.));
#1873 = DIRECTION('',(1.,0.,0.));
#1874 = ADVANCED_FACE('',(#1875),#1879,.F.);
#1875 = FACE_BOUND('',#1876,.F.);
#1876 = EDGE_LOOP('',(#1877,#1878));
#1877 = ORIENTED_EDGE('',*,*,#1299,.T.);
#1878 = ORIENTED_EDGE('',*,*,#1375,.T.);
#1879 = PLANE('',#1880);
#1880 = AXIS2_PLACEMENT_3D('',#1881,#1882,#1883);
#1881 = CARTESIAN_POINT('',(30.,8.1,-16.));
#1882 = DIRECTION('',(0.,1.,0.));
#1883 = DIRECTION('',(0.,0.,1.));
#1884 = ADVANCED_FACE('',(#1885),#1896,.F.);
#1885 = FACE_BOUND('',#1886,.F.);
#1886 = EDGE_LOOP('',(#1887,#1888,#1894,#1895));
#1887 = ORIENTED_EDGE('',*,*,#1357,.F.);
#1888 = ORIENTED_EDGE('',*,*,#1889,.F.);
#1889 = EDGE_CURVE('',#1666,#1350,#1890,.T.);
#1890 = LINE('',#1891,#1892);
#1891 = CARTESIAN_POINT('',(-30.,5.,-11.));
#1892 = VECTOR('',#1893,1.);
#1893 = DIRECTION('',(0.,1.,0.));
#1894 = ORIENTED_EDGE('',*,*,#1665,.T.);
#1895 = ORIENTED_EDGE('',*,*,#1889,.T.);
#1896 = CYLINDRICAL_SURFACE('',#1897,5.);
#1897 = AXIS2_PLACEMENT_3D('',#1898,#1899,#1900);
#1898 = CARTESIAN_POINT('',(-30.,5.,-16.));
#1899 = DIRECTION('',(0.,1.,0.));
#1900 = DIRECTION('',(0.,0.,1.));
#1901 = ADVANCED_FACE('',(#1902),#1913,.F.);
#1902 = FACE_BOUND('',#1903,.F.);
#1903 = EDGE_LOOP('',(#1904,#1905,#1911,#1912));
#1904 = ORIENTED_EDGE('',*,*,#1392,.F.);
#1905 = ORIENTED_EDGE('',*,*,#1906,.F.);
#1906 = EDGE_CURVE('',#1706,#1385,#1907,.T.);
#1907 = LINE('',#1908,#1909);
#1908 = CARTESIAN_POINT('',(30.,5.,-11.));
#1909 = VECTOR('',#1910,1.);
#1910 = DIRECTION('',(0.,1.,0.));
#1911 = ORIENTED_EDGE('',*,*,#1705,.T.);
#1912 = ORIENTED_EDGE('',*,*,#1906,.T.);
#1913 = CYLINDRICAL_SURFACE('',#1914,5.);
#1914 = AXIS2_PLACEMENT_3D('',#1915,#1916,#1917);
#1915 = CARTESIAN_POINT('',(30.,5.,-16.));
#1916 = DIRECTION('',(0.,1.,0.));
#1917 = DIRECTION('',(0.,0.,1.));
#1918 = ADVANCED_FACE('',(#1919),#1930,.T.);
#1919 = FACE_BOUND('',#1920,.F.);
#1920 = EDGE_LOOP('',(#1921,#1922,#1923,#1924));
#1921 = ORIENTED_EDGE('',*,*,#1845,.F.);
#1922 = ORIENTED_EDGE('',*,*,#1413,.T.);
#1923 = ORIENTED_EDGE('',*,*,#1862,.T.);
#1924 = ORIENTED_EDGE('',*,*,#1925,.F.);
#1925 = EDGE_CURVE('',#1786,#1811,#1926,.T.);
#1926 = LINE('',#1927,#1928);
#1927 = CARTESIAN_POINT('',(-26.,22.,-12.));
#1928 = VECTOR('',#1929,1.);
#1929 = DIRECTION('',(1.,0.,0.));
#1930 = CYLINDRICAL_SURFACE('',#1931,2.);
#1931 = AXIS2_PLACEMENT_3D('',#1932,#1933,#1934);
#1932 = CARTESIAN_POINT('',(-26.,20.,-12.));
#1933 = DIRECTION('',(1.,0.,0.));
#1934 = DIRECTION('',(0.,1.,0.));
#1935 = ADVANCED_FACE('',(#1936),#1955,.T.);
#1936 = FACE_BOUND('',#1937,.F.);
#1937 = EDGE_LOOP('',(#1938,#1939,#1948));
#1938 = ORIENTED_EDGE('',*,*,#1436,.F.);
#1939 = ORIENTED_EDGE('',*,*,#1940,.T.);
#1940 = EDGE_CURVE('',#1429,#1941,#1943,.T.);
#1941 = VERTEX_POINT('',#1942);
#1942 = CARTESIAN_POINT('',(-24.,22.,38.));
#1943 = CIRCLE('',#1944,2.);
#1944 = AXIS2_PLACEMENT_3D('',#1945,#1946,#1947);
#1945 = CARTESIAN_POINT('',(-24.,20.,38.));
#1946 = DIRECTION('',(1.,6.123233995737E-17,-0.));
#1947 = DIRECTION('',(-6.123233995737E-17,1.,0.));
#1948 = ORIENTED_EDGE('',*,*,#1949,.F.);
#1949 = EDGE_CURVE('',#1437,#1941,#1950,.T.);
#1950 = CIRCLE('',#1951,2.);
#1951 = AXIS2_PLACEMENT_3D('',#1952,#1953,#1954);
#1952 = CARTESIAN_POINT('',(-24.,20.,38.));
#1953 = DIRECTION('',(0.,0.,-1.));
#1954 = DIRECTION('',(-1.,0.,0.));
#1955 = SPHERICAL_SURFACE('',#1956,2.);
#1956 = AXIS2_PLACEMENT_3D('',#1957,#1958,#1959);
#1957 = CARTESIAN_POINT('',(-24.,20.,38.));
#1958 = DIRECTION('',(0.,0.,1.));
#1959 = DIRECTION('',(-1.,0.,0.));
#1960 = ADVANCED_FACE('',(#1961),#2008,.T.);
#1961 = FACE_BOUND('',#1962,.F.);
#1962 = EDGE_LOOP('',(#1963,#1964,#1972,#1993,#2002));
#1963 = ORIENTED_EDGE('',*,*,#1940,.F.);
#1964 = ORIENTED_EDGE('',*,*,#1965,.T.);
#1965 = EDGE_CURVE('',#1429,#1966,#1968,.T.);
#1966 = VERTEX_POINT('',#1967);
#1967 = CARTESIAN_POINT('',(-21.,20.,36.));
#1968 = LINE('',#1969,#1970);
#1969 = CARTESIAN_POINT('',(-26.,20.,36.));
#1970 = VECTOR('',#1971,1.);
#1971 = DIRECTION('',(1.,0.,0.));
#1972 = ORIENTED_EDGE('',*,*,#1973,.F.);
#1973 = EDGE_CURVE('',#1974,#1966,#1976,.T.);
#1974 = VERTEX_POINT('',#1975);
#1975 = CARTESIAN_POINT('',(-22.,21.732050807569,37.));
#1976 = B_SPLINE_CURVE_WITH_KNOTS('',8,(#1977,#1978,#1979,#1980,#1981,
    #1982,#1983,#1984,#1985,#1986,#1987,#1988,#1989,#1990,#1991,#1992),
  .UNSPECIFIED.,.F.,.F.,(9,7,9),(0.,0.22176971891,1.),.UNSPECIFIED.);
#1977 = CARTESIAN_POINT('',(-22.,21.732050807569,37.));
#1978 = CARTESIAN_POINT('',(-22.,21.698365682985,36.941655652761));
#1979 = CARTESIAN_POINT('',(-21.99610965451,21.662542443625,
    36.884795212615));
#1980 = CARTESIAN_POINT('',(-21.98867520596,21.62474570724,
    36.829645180384));
#1981 = CARTESIAN_POINT('',(-21.97803062981,21.58516319232,
    36.776391040285));
#1982 = CARTESIAN_POINT('',(-21.9645013078,21.544001565419,
    36.725183581572));
#1983 = CARTESIAN_POINT('',(-21.94840674853,21.501483382735,
    36.676143371431));
#1984 = CARTESIAN_POINT('',(-21.93006235515,21.45784512594,
    36.629363379115));
#1985 = CARTESIAN_POINT('',(-21.83860660974,21.25714687962,
    36.428913885797));
#1986 = CARTESIAN_POINT('',(-21.74240395391,21.087672980114,
    36.299006632225));
#1987 = CARTESIAN_POINT('',(-21.63126290246,20.910647707943,
    36.195263842322));
#1988 = CARTESIAN_POINT('',(-21.51142887661,20.730325900187,
    36.115634608152));
#1989 = CARTESIAN_POINT('',(-21.38698986863,20.549092384932,
    36.057792764817));
#1990 = CARTESIAN_POINT('',(-21.2599935029,20.367689981615,
    36.019613325262));
#1991 = CARTESIAN_POINT('',(-21.13101031972,20.185275943246,
    36.000000378829));
#1992 = CARTESIAN_POINT('',(-21.,20.,36.));
#1993 = ORIENTED_EDGE('',*,*,#1994,.T.);
#1994 = EDGE_CURVE('',#1974,#1995,#1997,.T.);
#1995 = VERTEX_POINT('',#1996);
#1996 = CARTESIAN_POINT('',(-22.,22.,38.));
#1997 = CIRCLE('',#1998,2.);
#1998 = AXIS2_PLACEMENT_3D('',#1999,#2000,#2001);
#1999 = CARTESIAN_POINT('',(-22.,20.,38.));
#2000 = DIRECTION('',(1.,0.,0.));
#2001 = DIRECTION('',(0.,1.,0.));
#2002 = ORIENTED_EDGE('',*,*,#2003,.F.);
#2003 = EDGE_CURVE('',#1941,#1995,#2004,.T.);
#2004 = LINE('',#2005,#2006);
#2005 = CARTESIAN_POINT('',(-26.,22.,38.));
#2006 = VECTOR('',#2007,1.);
#2007 = DIRECTION('',(1.,0.,0.));
#2008 = CYLINDRICAL_SURFACE('',#2009,2.);
#2009 = AXIS2_PLACEMENT_3D('',#2010,#2011,#2012);
#2010 = CARTESIAN_POINT('',(-26.,20.,38.));
#2011 = DIRECTION('',(1.,0.,0.));
#2012 = DIRECTION('',(0.,1.,0.));
#2013 = ADVANCED_FACE('',(#2014),#2033,.T.);
#2014 = FACE_BOUND('',#2015,.F.);
#2015 = EDGE_LOOP('',(#2016,#2017,#2018,#2026));
#2016 = ORIENTED_EDGE('',*,*,#1461,.F.);
#2017 = ORIENTED_EDGE('',*,*,#1949,.T.);
#2018 = ORIENTED_EDGE('',*,*,#2019,.T.);
#2019 = EDGE_CURVE('',#1941,#2020,#2022,.T.);
#2020 = VERTEX_POINT('',#2021);
#2021 = CARTESIAN_POINT('',(-24.,22.,60.));
#2022 = LINE('',#2023,#2024);
#2023 = CARTESIAN_POINT('',(-24.,22.,36.));
#2024 = VECTOR('',#2025,1.);
#2025 = DIRECTION('',(0.,0.,1.));
#2026 = ORIENTED_EDGE('',*,*,#2027,.T.);
#2027 = EDGE_CURVE('',#2020,#1462,#2028,.T.);
#2028 = CIRCLE('',#2029,2.);
#2029 = AXIS2_PLACEMENT_3D('',#2030,#2031,#2032);
#2030 = CARTESIAN_POINT('',(-24.,20.,60.));
#2031 = DIRECTION('',(0.,0.,1.));
#2032 = DIRECTION('',(-1.,0.,0.));
#2033 = CYLINDRICAL_SURFACE('',#2034,2.);
#2034 = AXIS2_PLACEMENT_3D('',#2035,#2036,#2037);
#2035 = CARTESIAN_POINT('',(-24.,20.,36.));
#2036 = DIRECTION('',(0.,0.,1.));
#2037 = DIRECTION('',(-1.,0.,0.));
#2038 = ADVANCED_FACE('',(#2039),#2050,.T.);
#2039 = FACE_BOUND('',#2040,.F.);
#2040 = EDGE_LOOP('',(#2041,#2042,#2049));
#2041 = ORIENTED_EDGE('',*,*,#2027,.F.);
#2042 = ORIENTED_EDGE('',*,*,#2043,.T.);
#2043 = EDGE_CURVE('',#2020,#1485,#2044,.T.);
#2044 = CIRCLE('',#2045,2.);
#2045 = AXIS2_PLACEMENT_3D('',#2046,#2047,#2048);
#2046 = CARTESIAN_POINT('',(-24.,20.,60.));
#2047 = DIRECTION('',(1.,0.,6.123233995737E-17));
#2048 = DIRECTION('',(-6.123233995737E-17,0.,1.));
#2049 = ORIENTED_EDGE('',*,*,#1492,.F.);
#2050 = SPHERICAL_SURFACE('',#2051,2.);
#2051 = AXIS2_PLACEMENT_3D('',#2052,#2053,#2054);
#2052 = CARTESIAN_POINT('',(-24.,20.,60.));
#2053 = DIRECTION('',(0.,-1.,0.));
#2054 = DIRECTION('',(-1.,0.,0.));
#2055 = ADVANCED_FACE('',(#2056),#2075,.T.);
#2056 = FACE_BOUND('',#2057,.T.);
#2057 = EDGE_LOOP('',(#2058,#2059,#2068));
#2058 = ORIENTED_EDGE('',*,*,#1517,.F.);
#2059 = ORIENTED_EDGE('',*,*,#2060,.T.);
#2060 = EDGE_CURVE('',#1510,#2061,#2063,.T.);
#2061 = VERTEX_POINT('',#2062);
#2062 = CARTESIAN_POINT('',(24.,22.,38.));
#2063 = CIRCLE('',#2064,2.);
#2064 = AXIS2_PLACEMENT_3D('',#2065,#2066,#2067);
#2065 = CARTESIAN_POINT('',(24.,20.,38.));
#2066 = DIRECTION('',(1.,-6.123233995737E-17,0.));
#2067 = DIRECTION('',(6.123233995737E-17,1.,0.));
#2068 = ORIENTED_EDGE('',*,*,#2069,.F.);
#2069 = EDGE_CURVE('',#1518,#2061,#2070,.T.);
#2070 = CIRCLE('',#2071,2.);
#2071 = AXIS2_PLACEMENT_3D('',#2072,#2073,#2074);
#2072 = CARTESIAN_POINT('',(24.,20.,38.));
#2073 = DIRECTION('',(0.,0.,1.));
#2074 = DIRECTION('',(1.,0.,0.));
#2075 = SPHERICAL_SURFACE('',#2076,2.);
#2076 = AXIS2_PLACEMENT_3D('',#2077,#2078,#2079);
#2077 = CARTESIAN_POINT('',(24.,20.,38.));
#2078 = DIRECTION('',(0.,0.,1.));
#2079 = DIRECTION('',(1.,0.,0.));
#2080 = ADVANCED_FACE('',(#2081),#2128,.T.);
#2081 = FACE_BOUND('',#2082,.F.);
#2082 = EDGE_LOOP('',(#2083,#2106,#2112,#2113,#2121));
#2083 = ORIENTED_EDGE('',*,*,#2084,.T.);
#2084 = EDGE_CURVE('',#2085,#2087,#2089,.T.);
#2085 = VERTEX_POINT('',#2086);
#2086 = CARTESIAN_POINT('',(22.,21.732050807569,37.));
#2087 = VERTEX_POINT('',#2088);
#2088 = CARTESIAN_POINT('',(21.,20.,36.));
#2089 = B_SPLINE_CURVE_WITH_KNOTS('',8,(#2090,#2091,#2092,#2093,#2094,
    #2095,#2096,#2097,#2098,#2099,#2100,#2101,#2102,#2103,#2104,#2105),
  .UNSPECIFIED.,.F.,.F.,(9,7,9),(0.,0.221769718916,1.),.UNSPECIFIED.);
#2090 = CARTESIAN_POINT('',(22.,21.732050807569,37.));
#2091 = CARTESIAN_POINT('',(22.,21.698365682986,36.941655652762));
#2092 = CARTESIAN_POINT('',(21.996109654511,21.662542443626,
    36.884795212615));
#2093 = CARTESIAN_POINT('',(21.988675205969,21.62474570724,
    36.829645180384));
#2094 = CARTESIAN_POINT('',(21.97803062981,21.585163192319,
    36.776391040284));
#2095 = CARTESIAN_POINT('',(21.9645013078,21.544001565418,
    36.725183581572));
#2096 = CARTESIAN_POINT('',(21.948406748536,21.501483382736,
    36.676143371431));
#2097 = CARTESIAN_POINT('',(21.930062355152,21.457845125941,
    36.629363379116));
#2098 = CARTESIAN_POINT('',(21.83860660974,21.257146879621,
    36.428913885797));
#2099 = CARTESIAN_POINT('',(21.742403953919,21.087672980115,
    36.299006632225));
#2100 = CARTESIAN_POINT('',(21.631262902462,20.910647707941,
    36.195263842321));
#2101 = CARTESIAN_POINT('',(21.511428876619,20.73032590019,
    36.115634608153));
#2102 = CARTESIAN_POINT('',(21.386989868633,20.54909238493,
    36.057792764816));
#2103 = CARTESIAN_POINT('',(21.259993502908,20.367689981616,
    36.019613325262));
#2104 = CARTESIAN_POINT('',(21.131010319723,20.185275943246,
    36.000000378829));
#2105 = CARTESIAN_POINT('',(21.,20.,36.));
#2106 = ORIENTED_EDGE('',*,*,#2107,.T.);
#2107 = EDGE_CURVE('',#2087,#1510,#2108,.T.);
#2108 = LINE('',#2109,#2110);
#2109 = CARTESIAN_POINT('',(-26.,20.,36.));
#2110 = VECTOR('',#2111,1.);
#2111 = DIRECTION('',(1.,0.,0.));
#2112 = ORIENTED_EDGE('',*,*,#2060,.T.);
#2113 = ORIENTED_EDGE('',*,*,#2114,.F.);
#2114 = EDGE_CURVE('',#2115,#2061,#2117,.T.);
#2115 = VERTEX_POINT('',#2116);
#2116 = CARTESIAN_POINT('',(22.,22.,38.));
#2117 = LINE('',#2118,#2119);
#2118 = CARTESIAN_POINT('',(-26.,22.,38.));
#2119 = VECTOR('',#2120,1.);
#2120 = DIRECTION('',(1.,0.,0.));
#2121 = ORIENTED_EDGE('',*,*,#2122,.F.);
#2122 = EDGE_CURVE('',#2085,#2115,#2123,.T.);
#2123 = CIRCLE('',#2124,2.);
#2124 = AXIS2_PLACEMENT_3D('',#2125,#2126,#2127);
#2125 = CARTESIAN_POINT('',(22.,20.,38.));
#2126 = DIRECTION('',(1.,0.,0.));
#2127 = DIRECTION('',(0.,1.,0.));
#2128 = CYLINDRICAL_SURFACE('',#2129,2.);
#2129 = AXIS2_PLACEMENT_3D('',#2130,#2131,#2132);
#2130 = CARTESIAN_POINT('',(-26.,20.,38.));
#2131 = DIRECTION('',(1.,0.,0.));
#2132 = DIRECTION('',(0.,1.,0.));
#2133 = ADVANCED_FACE('',(#2134),#2153,.T.);
#2134 = FACE_BOUND('',#2135,.T.);
#2135 = EDGE_LOOP('',(#2136,#2137,#2138,#2147));
#2136 = ORIENTED_EDGE('',*,*,#2043,.T.);
#2137 = ORIENTED_EDGE('',*,*,#1550,.T.);
#2138 = ORIENTED_EDGE('',*,*,#2139,.F.);
#2139 = EDGE_CURVE('',#2140,#1543,#2142,.T.);
#2140 = VERTEX_POINT('',#2141);
#2141 = CARTESIAN_POINT('',(24.,22.,60.));
#2142 = CIRCLE('',#2143,2.);
#2143 = AXIS2_PLACEMENT_3D('',#2144,#2145,#2146);
#2144 = CARTESIAN_POINT('',(24.,20.,60.));
#2145 = DIRECTION('',(1.,0.,-6.123233995737E-17));
#2146 = DIRECTION('',(6.123233995737E-17,0.,1.));
#2147 = ORIENTED_EDGE('',*,*,#2148,.F.);
#2148 = EDGE_CURVE('',#2020,#2140,#2149,.T.);
#2149 = LINE('',#2150,#2151);
#2150 = CARTESIAN_POINT('',(-26.,22.,60.));
#2151 = VECTOR('',#2152,1.);
#2152 = DIRECTION('',(1.,0.,0.));
#2153 = CYLINDRICAL_SURFACE('',#2154,2.);
#2154 = AXIS2_PLACEMENT_3D('',#2155,#2156,#2157);
#2155 = CARTESIAN_POINT('',(-26.,20.,60.));
#2156 = DIRECTION('',(1.,0.,0.));
#2157 = DIRECTION('',(0.,1.,0.));
#2158 = ADVANCED_FACE('',(#2159),#2176,.T.);
#2159 = FACE_BOUND('',#2160,.T.);
#2160 = EDGE_LOOP('',(#2161,#2162,#2163,#2169));
#2161 = ORIENTED_EDGE('',*,*,#1566,.F.);
#2162 = ORIENTED_EDGE('',*,*,#2069,.T.);
#2163 = ORIENTED_EDGE('',*,*,#2164,.T.);
#2164 = EDGE_CURVE('',#2061,#2140,#2165,.T.);
#2165 = LINE('',#2166,#2167);
#2166 = CARTESIAN_POINT('',(24.,22.,36.));
#2167 = VECTOR('',#2168,1.);
#2168 = DIRECTION('',(0.,0.,1.));
#2169 = ORIENTED_EDGE('',*,*,#2170,.T.);
#2170 = EDGE_CURVE('',#2140,#1567,#2171,.T.);
#2171 = CIRCLE('',#2172,2.);
#2172 = AXIS2_PLACEMENT_3D('',#2173,#2174,#2175);
#2173 = CARTESIAN_POINT('',(24.,20.,60.));
#2174 = DIRECTION('',(0.,0.,-1.));
#2175 = DIRECTION('',(1.,0.,0.));
#2176 = CYLINDRICAL_SURFACE('',#2177,2.);
#2177 = AXIS2_PLACEMENT_3D('',#2178,#2179,#2180);
#2178 = CARTESIAN_POINT('',(24.,20.,36.));
#2179 = DIRECTION('',(0.,0.,1.));
#2180 = DIRECTION('',(1.,0.,0.));
#2181 = ADVANCED_FACE('',(#2182),#2187,.T.);
#2182 = FACE_BOUND('',#2183,.T.);
#2183 = EDGE_LOOP('',(#2184,#2185,#2186));
#2184 = ORIENTED_EDGE('',*,*,#2170,.F.);
#2185 = ORIENTED_EDGE('',*,*,#2139,.T.);
#2186 = ORIENTED_EDGE('',*,*,#1590,.F.);
#2187 = SPHERICAL_SURFACE('',#2188,2.);
#2188 = AXIS2_PLACEMENT_3D('',#2189,#2190,#2191);
#2189 = CARTESIAN_POINT('',(24.,20.,60.));
#2190 = DIRECTION('',(0.,-1.,0.));
#2191 = DIRECTION('',(1.,0.,0.));
#2192 = ADVANCED_FACE('',(#2193),#2204,.F.);
#2193 = FACE_BOUND('',#2194,.F.);
#2194 = EDGE_LOOP('',(#2195,#2196,#2202,#2203));
#2195 = ORIENTED_EDGE('',*,*,#1615,.F.);
#2196 = ORIENTED_EDGE('',*,*,#2197,.F.);
#2197 = EDGE_CURVE('',#1726,#1608,#2198,.T.);
#2198 = LINE('',#2199,#2200);
#2199 = CARTESIAN_POINT('',(30.,5.,99.));
#2200 = VECTOR('',#2201,1.);
#2201 = DIRECTION('',(0.,1.,0.));
#2202 = ORIENTED_EDGE('',*,*,#1725,.T.);
#2203 = ORIENTED_EDGE('',*,*,#2197,.T.);
#2204 = CYLINDRICAL_SURFACE('',#2205,5.);
#2205 = AXIS2_PLACEMENT_3D('',#2206,#2207,#2208);
#2206 = CARTESIAN_POINT('',(30.,5.,94.));
#2207 = DIRECTION('',(0.,1.,0.));
#2208 = DIRECTION('',(0.,0.,1.));
#2209 = ADVANCED_FACE('',(#2210),#2278,.T.);
#2210 = FACE_BOUND('',#2211,.T.);
#2211 = EDGE_LOOP('',(#2212,#2220,#2221,#2229,#2260,#2271));
#2212 = ORIENTED_EDGE('',*,*,#2213,.F.);
#2213 = EDGE_CURVE('',#137,#2214,#2216,.T.);
#2214 = VERTEX_POINT('',#2215);
#2215 = CARTESIAN_POINT('',(-22.,54.,11.));
#2216 = LINE('',#2217,#2218);
#2217 = CARTESIAN_POINT('',(-22.,4.,11.));
#2218 = VECTOR('',#2219,1.);
#2219 = DIRECTION('',(0.,1.,0.));
#2220 = ORIENTED_EDGE('',*,*,#136,.T.);
#2221 = ORIENTED_EDGE('',*,*,#2222,.T.);
#2222 = EDGE_CURVE('',#129,#2223,#2225,.T.);
#2223 = VERTEX_POINT('',#2224);
#2224 = CARTESIAN_POINT('',(-21.,49.944310136096,12.));
#2225 = LINE('',#2226,#2227);
#2226 = CARTESIAN_POINT('',(-21.,4.,12.));
#2227 = VECTOR('',#2228,1.);
#2228 = DIRECTION('',(0.,1.,0.));
#2229 = ORIENTED_EDGE('',*,*,#2230,.F.);
#2230 = EDGE_CURVE('',#2231,#2223,#2233,.T.);
#2231 = VERTEX_POINT('',#2232);
#2232 = CARTESIAN_POINT('',(-21.8,52.04027028261,11.6));
#2233 = B_SPLINE_CURVE_WITH_KNOTS('',7,(#2234,#2235,#2236,#2237,#2238,
    #2239,#2240,#2241,#2242,#2243,#2244,#2245,#2246,#2247,#2248,#2249,
    #2250,#2251,#2252,#2253,#2254,#2255,#2256,#2257,#2258,#2259),
  .UNSPECIFIED.,.F.,.F.,(8,6,6,6,8),(0.,0.51690357821,0.768589940009,
    0.975719583944,1.),.UNSPECIFIED.);
#2234 = CARTESIAN_POINT('',(-21.8,52.04027028261,11.6));
#2235 = CARTESIAN_POINT('',(-21.77602679348,51.863694732868,
    11.631964275348));
#2236 = CARTESIAN_POINT('',(-21.74769268474,51.689663925565,11.666639315
    ));
#2237 = CARTESIAN_POINT('',(-21.71421628777,51.518711832137,
    11.703725767329));
#2238 = CARTESIAN_POINT('',(-21.67475533973,51.351363600047,
    11.742634598509));
#2239 = CARTESIAN_POINT('',(-21.62846350187,51.188087580992,
    11.782364057206));
#2240 = CARTESIAN_POINT('',(-21.57480729314,51.029205790466,
    11.821365436109));
#2241 = CARTESIAN_POINT('',(-21.48420962652,50.799733464178,
    11.875635213465));
#2242 = CARTESIAN_POINT('',(-21.45281570751,50.725663617419,
    11.892814291152));
#2243 = CARTESIAN_POINT('',(-21.41970287816,50.652683922065,
    11.909197263983));
#2244 = CARTESIAN_POINT('',(-21.38491156984,50.580792276634,
    11.924567738874));
#2245 = CARTESIAN_POINT('',(-21.34851717648,50.509969856337,
    11.938706862161));
#2246 = CARTESIAN_POINT('',(-21.31063202263,50.440182317034,
    11.951403526225));
#2247 = CARTESIAN_POINT('',(-21.23912669403,50.314759764883,
    11.971567458408));
#2248 = CARTESIAN_POINT('',(-21.20593807114,50.258805405704,
    11.979562897111));
#2249 = CARTESIAN_POINT('',(-21.17192436197,50.203490494636,
    11.986343292478));
#2250 = CARTESIAN_POINT('',(-21.13718474514,50.148779428773,
    11.99181032166));
#2251 = CARTESIAN_POINT('',(-21.10183226547,50.094629620247,
    11.995878218279));
#2252 = CARTESIAN_POINT('',(-21.06599142039,50.040992687139,
    11.998477052014));
#2253 = CARTESIAN_POINT('',(-21.02555277076,49.981582057071,
    11.999682486965));
#2254 = CARTESIAN_POINT('',(-21.02130491592,49.975354786237,
    11.999788079888));
#2255 = CARTESIAN_POINT('',(-21.01705239612,49.969133745712,
    11.999872704639));
#2256 = CARTESIAN_POINT('',(-21.012795427,49.962918848577,
    11.999936282457));
#2257 = CARTESIAN_POINT('',(-21.00853422553,49.956710007178,
    11.999978738135));
#2258 = CARTESIAN_POINT('',(-21.00426901006,49.950507133124,
    12.000000000016));
#2259 = CARTESIAN_POINT('',(-21.00000000028,49.944310137286,12.));
#2260 = ORIENTED_EDGE('',*,*,#2261,.F.);
#2261 = EDGE_CURVE('',#2262,#2231,#2264,.T.);
#2262 = VERTEX_POINT('',#2263);
#2263 = CARTESIAN_POINT('',(-21.97726097583,54.,11.212040055434));
#2264 = B_SPLINE_CURVE_WITH_KNOTS('',5,(#2265,#2266,#2267,#2268,#2269,
    #2270),.UNSPECIFIED.,.F.,.F.,(6,6),(0.,1.),
  .PIECEWISE_BEZIER_KNOTS.);
#2265 = CARTESIAN_POINT('',(-21.97726100313,54.0000006,11.212039929608)
  );
#2266 = CARTESIAN_POINT('',(-21.95942693651,53.608056427879,
    11.294234532632));
#2267 = CARTESIAN_POINT('',(-21.93284285652,53.216232977816,
    11.375054884886));
#2268 = CARTESIAN_POINT('',(-21.89747194984,52.824270318153,
    11.453652862078));
#2269 = CARTESIAN_POINT('',(-21.85320987779,52.432189181868,
    11.529053607129));
#2270 = CARTESIAN_POINT('',(-21.79999955,52.040266968118,11.6000006));
#2271 = ORIENTED_EDGE('',*,*,#2272,.F.);
#2272 = EDGE_CURVE('',#2214,#2262,#2273,.T.);
#2273 = CIRCLE('',#2274,1.);
#2274 = AXIS2_PLACEMENT_3D('',#2275,#2276,#2277);
#2275 = CARTESIAN_POINT('',(-21.,54.,11.));
#2276 = DIRECTION('',(0.,1.,-0.));
#2277 = DIRECTION('',(-1.,0.,0.));
#2278 = CYLINDRICAL_SURFACE('',#2279,1.);
#2279 = AXIS2_PLACEMENT_3D('',#2280,#2281,#2282);
#2280 = CARTESIAN_POINT('',(-21.,4.,11.));
#2281 = DIRECTION('',(0.,1.,0.));
#2282 = DIRECTION('',(-1.,0.,0.));
#2283 = ADVANCED_FACE('',(#2284),#2346,.T.);
#2284 = FACE_BOUND('',#2285,.F.);
#2285 = EDGE_LOOP('',(#2286,#2287,#2295,#2320,#2331,#2340));
#2286 = ORIENTED_EDGE('',*,*,#40,.T.);
#2287 = ORIENTED_EDGE('',*,*,#2288,.T.);
#2288 = EDGE_CURVE('',#41,#2289,#2291,.T.);
#2289 = VERTEX_POINT('',#2290);
#2290 = CARTESIAN_POINT('',(21.,49.944310136095,12.));
#2291 = LINE('',#2292,#2293);
#2292 = CARTESIAN_POINT('',(21.,4.,12.));
#2293 = VECTOR('',#2294,1.);
#2294 = DIRECTION('',(0.,1.,0.));
#2295 = ORIENTED_EDGE('',*,*,#2296,.F.);
#2296 = EDGE_CURVE('',#2297,#2289,#2299,.T.);
#2297 = VERTEX_POINT('',#2298);
#2298 = CARTESIAN_POINT('',(21.8,52.04027028261,11.6));
#2299 = B_SPLINE_CURVE_WITH_KNOTS('',7,(#2300,#2301,#2302,#2303,#2304,
    #2305,#2306,#2307,#2308,#2309,#2310,#2311,#2312,#2313,#2314,#2315,
    #2316,#2317,#2318,#2319),.UNSPECIFIED.,.F.,.F.,(8,6,6,8),(0.,
    0.516903683399,0.769453730478,1.),.UNSPECIFIED.);
#2300 = CARTESIAN_POINT('',(21.8,52.04027028261,11.6));
#2301 = CARTESIAN_POINT('',(21.776026793489,51.863694732867,
    11.631964275348));
#2302 = CARTESIAN_POINT('',(21.747692684748,51.689663925567,
    11.666639314999));
#2303 = CARTESIAN_POINT('',(21.714216287774,51.518711832133,
    11.70372576733));
#2304 = CARTESIAN_POINT('',(21.674755339738,51.35136360005,
    11.742634598508));
#2305 = CARTESIAN_POINT('',(21.628463501872,51.18808758099,
    11.782364057206));
#2306 = CARTESIAN_POINT('',(21.574807293146,51.029205790466,
    11.821365436109));
#2307 = CARTESIAN_POINT('',(21.484107825537,50.799475615269,
    11.875696194251));
#2308 = CARTESIAN_POINT('',(21.452600234771,50.725155285966,
    11.892932183026));
#2309 = CARTESIAN_POINT('',(21.419361933883,50.651932661724,
    11.909365892165));
#2310 = CARTESIAN_POINT('',(21.38443389679,50.579805563771,
    11.924778645673));
#2311 = CARTESIAN_POINT('',(21.347892549126,50.508754851424,
    11.938949309568));
#2312 = CARTESIAN_POINT('',(21.309851754069,50.43874565202,
    11.951664678938));
#2313 = CARTESIAN_POINT('',(21.23450948613,50.306724738077,
    11.972830981171));
#2314 = CARTESIAN_POINT('',(21.197431394001,50.24454626674,
    11.981557351367));
#2315 = CARTESIAN_POINT('',(21.159345210697,50.183155264362,
    11.988760755773));
#2316 = CARTESIAN_POINT('',(21.120390631406,50.122501258827,
    11.994307354398));
#2317 = CARTESIAN_POINT('',(21.080728140272,50.06252321974,
    11.998083229309));
#2318 = CARTESIAN_POINT('',(21.040534793093,50.003151559788,
    11.999999926873));
#2319 = CARTESIAN_POINT('',(21.,49.944310136094,12.));
#2320 = ORIENTED_EDGE('',*,*,#2321,.F.);
#2321 = EDGE_CURVE('',#2322,#2297,#2324,.T.);
#2322 = VERTEX_POINT('',#2323);
#2323 = CARTESIAN_POINT('',(21.977260975836,54.,11.212040055434));
#2324 = B_SPLINE_CURVE_WITH_KNOTS('',5,(#2325,#2326,#2327,#2328,#2329,
    #2330),.UNSPECIFIED.,.F.,.F.,(6,6),(0.,1.),
  .PIECEWISE_BEZIER_KNOTS.);
#2325 = CARTESIAN_POINT('',(21.977261003137,54.0000006,11.212039929608)
  );
#2326 = CARTESIAN_POINT('',(21.959426936512,53.608056427879,
    11.294234532632));
#2327 = CARTESIAN_POINT('',(21.932842856526,53.216232977817,
    11.375054884886));
#2328 = CARTESIAN_POINT('',(21.897471949847,52.824270318153,
    11.453652862078));
#2329 = CARTESIAN_POINT('',(21.853209877794,52.432189181867,
    11.52905360713));
#2330 = CARTESIAN_POINT('',(21.79999955,52.040266968118,11.6000006));
#2331 = ORIENTED_EDGE('',*,*,#2332,.F.);
#2332 = EDGE_CURVE('',#2333,#2322,#2335,.T.);
#2333 = VERTEX_POINT('',#2334);
#2334 = CARTESIAN_POINT('',(22.,54.,11.));
#2335 = CIRCLE('',#2336,1.);
#2336 = AXIS2_PLACEMENT_3D('',#2337,#2338,#2339);
#2337 = CARTESIAN_POINT('',(21.,54.,11.));
#2338 = DIRECTION('',(0.,-1.,0.));
#2339 = DIRECTION('',(1.,0.,0.));
#2340 = ORIENTED_EDGE('',*,*,#2341,.F.);
#2341 = EDGE_CURVE('',#32,#2333,#2342,.T.);
#2342 = LINE('',#2343,#2344);
#2343 = CARTESIAN_POINT('',(22.,4.,11.));
#2344 = VECTOR('',#2345,1.);
#2345 = DIRECTION('',(0.,1.,0.));
#2346 = CYLINDRICAL_SURFACE('',#2347,1.);
#2347 = AXIS2_PLACEMENT_3D('',#2348,#2349,#2350);
#2348 = CARTESIAN_POINT('',(21.,4.,11.));
#2349 = DIRECTION('',(0.,1.,0.));
#2350 = DIRECTION('',(1.,0.,0.));
#2351 = ADVANCED_FACE('',(#2352),#2399,.T.);
#2352 = FACE_BOUND('',#2353,.T.);
#2353 = EDGE_LOOP('',(#2354,#2355,#2356,#2357,#2365,#2374,#2382,#2391,
    #2397,#2398));
#2354 = ORIENTED_EDGE('',*,*,#1925,.F.);
#2355 = ORIENTED_EDGE('',*,*,#1794,.T.);
#2356 = ORIENTED_EDGE('',*,*,#109,.T.);
#2357 = ORIENTED_EDGE('',*,*,#2358,.F.);
#2358 = EDGE_CURVE('',#2359,#112,#2361,.T.);
#2359 = VERTEX_POINT('',#2360);
#2360 = CARTESIAN_POINT('',(-22.,22.,1.));
#2361 = LINE('',#2362,#2363);
#2362 = CARTESIAN_POINT('',(-22.,22.,-7.));
#2363 = VECTOR('',#2364,1.);
#2364 = DIRECTION('',(0.,0.,1.));
#2365 = ORIENTED_EDGE('',*,*,#2366,.F.);
#2366 = EDGE_CURVE('',#2367,#2359,#2369,.T.);
#2367 = VERTEX_POINT('',#2368);
#2368 = CARTESIAN_POINT('',(-21.,22.,-2.22044604925E-16));
#2369 = CIRCLE('',#2370,1.);
#2370 = AXIS2_PLACEMENT_3D('',#2371,#2372,#2373);
#2371 = CARTESIAN_POINT('',(-21.,22.,1.));
#2372 = DIRECTION('',(0.,1.,-0.));
#2373 = DIRECTION('',(-1.,0.,0.));
#2374 = ORIENTED_EDGE('',*,*,#2375,.F.);
#2375 = EDGE_CURVE('',#2376,#2367,#2378,.T.);
#2376 = VERTEX_POINT('',#2377);
#2377 = CARTESIAN_POINT('',(21.,22.,-2.22044604925E-16));
#2378 = LINE('',#2379,#2380);
#2379 = CARTESIAN_POINT('',(-24.,22.,0.));
#2380 = VECTOR('',#2381,1.);
#2381 = DIRECTION('',(-1.,0.,0.));
#2382 = ORIENTED_EDGE('',*,*,#2383,.F.);
#2383 = EDGE_CURVE('',#2384,#2376,#2386,.T.);
#2384 = VERTEX_POINT('',#2385);
#2385 = CARTESIAN_POINT('',(22.,22.,1.));
#2386 = CIRCLE('',#2387,1.);
#2387 = AXIS2_PLACEMENT_3D('',#2388,#2389,#2390);
#2388 = CARTESIAN_POINT('',(21.,22.,1.));
#2389 = DIRECTION('',(-0.,1.,0.));
#2390 = DIRECTION('',(1.,0.,0.));
#2391 = ORIENTED_EDGE('',*,*,#2392,.T.);
#2392 = EDGE_CURVE('',#2384,#22,#2393,.T.);
#2393 = LINE('',#2394,#2395);
#2394 = CARTESIAN_POINT('',(22.,22.,-7.));
#2395 = VECTOR('',#2396,1.);
#2396 = DIRECTION('',(0.,0.,1.));
#2397 = ORIENTED_EDGE('',*,*,#21,.T.);
#2398 = ORIENTED_EDGE('',*,*,#1819,.F.);
#2399 = PLANE('',#2400);
#2400 = AXIS2_PLACEMENT_3D('',#2401,#2402,#2403);
#2401 = CARTESIAN_POINT('',(-26.,22.,-14.));
#2402 = DIRECTION('',(0.,1.,0.));
#2403 = DIRECTION('',(0.,0.,1.));
#2404 = ADVANCED_FACE('',(#2405),#2424,.F.);
#2405 = FACE_BOUND('',#2406,.F.);
#2406 = EDGE_LOOP('',(#2407,#2408,#2409,#2410,#2418));
#2407 = ORIENTED_EDGE('',*,*,#2213,.F.);
#2408 = ORIENTED_EDGE('',*,*,#157,.F.);
#2409 = ORIENTED_EDGE('',*,*,#2358,.F.);
#2410 = ORIENTED_EDGE('',*,*,#2411,.T.);
#2411 = EDGE_CURVE('',#2359,#2412,#2414,.T.);
#2412 = VERTEX_POINT('',#2413);
#2413 = CARTESIAN_POINT('',(-22.,54.,1.));
#2414 = LINE('',#2415,#2416);
#2415 = CARTESIAN_POINT('',(-22.,4.,1.));
#2416 = VECTOR('',#2417,1.);
#2417 = DIRECTION('',(0.,1.,0.));
#2418 = ORIENTED_EDGE('',*,*,#2419,.T.);
#2419 = EDGE_CURVE('',#2412,#2214,#2420,.T.);
#2420 = LINE('',#2421,#2422);
#2421 = CARTESIAN_POINT('',(-22.,54.,0.));
#2422 = VECTOR('',#2423,1.);
#2423 = DIRECTION('',(0.,0.,1.));
#2424 = PLANE('',#2425);
#2425 = AXIS2_PLACEMENT_3D('',#2426,#2427,#2428);
#2426 = CARTESIAN_POINT('',(-22.,4.,0.));
#2427 = DIRECTION('',(1.,0.,0.));
#2428 = DIRECTION('',(0.,0.,1.));
#2429 = ADVANCED_FACE('',(#2430),#2449,.T.);
#2430 = FACE_BOUND('',#2431,.T.);
#2431 = EDGE_LOOP('',(#2432,#2433,#2434,#2435,#2443));
#2432 = ORIENTED_EDGE('',*,*,#2341,.F.);
#2433 = ORIENTED_EDGE('',*,*,#31,.F.);
#2434 = ORIENTED_EDGE('',*,*,#2392,.F.);
#2435 = ORIENTED_EDGE('',*,*,#2436,.T.);
#2436 = EDGE_CURVE('',#2384,#2437,#2439,.T.);
#2437 = VERTEX_POINT('',#2438);
#2438 = CARTESIAN_POINT('',(22.,54.,1.));
#2439 = LINE('',#2440,#2441);
#2440 = CARTESIAN_POINT('',(22.,4.,1.));
#2441 = VECTOR('',#2442,1.);
#2442 = DIRECTION('',(0.,1.,0.));
#2443 = ORIENTED_EDGE('',*,*,#2444,.T.);
#2444 = EDGE_CURVE('',#2437,#2333,#2445,.T.);
#2445 = LINE('',#2446,#2447);
#2446 = CARTESIAN_POINT('',(22.,54.,0.));
#2447 = VECTOR('',#2448,1.);
#2448 = DIRECTION('',(0.,0.,1.));
#2449 = PLANE('',#2450);
#2450 = AXIS2_PLACEMENT_3D('',#2451,#2452,#2453);
#2451 = CARTESIAN_POINT('',(22.,4.,0.));
#2452 = DIRECTION('',(1.,0.,0.));
#2453 = DIRECTION('',(0.,0.,1.));
#2454 = ADVANCED_FACE('',(#2455),#2502,.T.);
#2455 = FACE_BOUND('',#2456,.T.);
#2456 = EDGE_LOOP('',(#2457,#2458,#2459,#2460,#2461,#2462,#2470,#2479,
    #2487,#2496));
#2457 = ORIENTED_EDGE('',*,*,#2003,.F.);
#2458 = ORIENTED_EDGE('',*,*,#2019,.T.);
#2459 = ORIENTED_EDGE('',*,*,#2148,.T.);
#2460 = ORIENTED_EDGE('',*,*,#2164,.F.);
#2461 = ORIENTED_EDGE('',*,*,#2114,.F.);
#2462 = ORIENTED_EDGE('',*,*,#2463,.T.);
#2463 = EDGE_CURVE('',#2115,#2464,#2466,.T.);
#2464 = VERTEX_POINT('',#2465);
#2465 = CARTESIAN_POINT('',(22.,22.,47.));
#2466 = LINE('',#2467,#2468);
#2467 = CARTESIAN_POINT('',(22.,22.,36.));
#2468 = VECTOR('',#2469,1.);
#2469 = DIRECTION('',(0.,0.,1.));
#2470 = ORIENTED_EDGE('',*,*,#2471,.F.);
#2471 = EDGE_CURVE('',#2472,#2464,#2474,.T.);
#2472 = VERTEX_POINT('',#2473);
#2473 = CARTESIAN_POINT('',(21.,22.,48.));
#2474 = CIRCLE('',#2475,1.);
#2475 = AXIS2_PLACEMENT_3D('',#2476,#2477,#2478);
#2476 = CARTESIAN_POINT('',(21.,22.,47.));
#2477 = DIRECTION('',(-0.,1.,0.));
#2478 = DIRECTION('',(1.,0.,0.));
#2479 = ORIENTED_EDGE('',*,*,#2480,.T.);
#2480 = EDGE_CURVE('',#2472,#2481,#2483,.T.);
#2481 = VERTEX_POINT('',#2482);
#2482 = CARTESIAN_POINT('',(-21.,22.,48.));
#2483 = LINE('',#2484,#2485);
#2484 = CARTESIAN_POINT('',(-24.,22.,48.));
#2485 = VECTOR('',#2486,1.);
#2486 = DIRECTION('',(-1.,0.,0.));
#2487 = ORIENTED_EDGE('',*,*,#2488,.F.);
#2488 = EDGE_CURVE('',#2489,#2481,#2491,.T.);
#2489 = VERTEX_POINT('',#2490);
#2490 = CARTESIAN_POINT('',(-22.,22.,47.));
#2491 = CIRCLE('',#2492,1.);
#2492 = AXIS2_PLACEMENT_3D('',#2493,#2494,#2495);
#2493 = CARTESIAN_POINT('',(-21.,22.,47.));
#2494 = DIRECTION('',(0.,1.,-0.));
#2495 = DIRECTION('',(-1.,0.,0.));
#2496 = ORIENTED_EDGE('',*,*,#2497,.F.);
#2497 = EDGE_CURVE('',#1995,#2489,#2498,.T.);
#2498 = LINE('',#2499,#2500);
#2499 = CARTESIAN_POINT('',(-22.,22.,36.));
#2500 = VECTOR('',#2501,1.);
#2501 = DIRECTION('',(0.,0.,1.));
#2502 = PLANE('',#2503);
#2503 = AXIS2_PLACEMENT_3D('',#2504,#2505,#2506);
#2504 = CARTESIAN_POINT('',(-26.,22.,36.));
#2505 = DIRECTION('',(0.,1.,0.));
#2506 = DIRECTION('',(0.,0.,1.));
#2507 = ADVANCED_FACE('',(#2508),#2534,.F.);
#2508 = FACE_BOUND('',#2509,.F.);
#2509 = EDGE_LOOP('',(#2510,#2518,#2519,#2520,#2528));
#2510 = ORIENTED_EDGE('',*,*,#2511,.F.);
#2511 = EDGE_CURVE('',#2489,#2512,#2514,.T.);
#2512 = VERTEX_POINT('',#2513);
#2513 = CARTESIAN_POINT('',(-22.,54.,47.));
#2514 = LINE('',#2515,#2516);
#2515 = CARTESIAN_POINT('',(-22.,4.,47.));
#2516 = VECTOR('',#2517,1.);
#2517 = DIRECTION('',(0.,1.,0.));
#2518 = ORIENTED_EDGE('',*,*,#2497,.F.);
#2519 = ORIENTED_EDGE('',*,*,#1994,.F.);
#2520 = ORIENTED_EDGE('',*,*,#2521,.T.);
#2521 = EDGE_CURVE('',#1974,#2522,#2524,.T.);
#2522 = VERTEX_POINT('',#2523);
#2523 = CARTESIAN_POINT('',(-22.,54.,37.));
#2524 = LINE('',#2525,#2526);
#2525 = CARTESIAN_POINT('',(-22.,4.,37.));
#2526 = VECTOR('',#2527,1.);
#2527 = DIRECTION('',(0.,1.,0.));
#2528 = ORIENTED_EDGE('',*,*,#2529,.T.);
#2529 = EDGE_CURVE('',#2522,#2512,#2530,.T.);
#2530 = LINE('',#2531,#2532);
#2531 = CARTESIAN_POINT('',(-22.,54.,36.));
#2532 = VECTOR('',#2533,1.);
#2533 = DIRECTION('',(0.,0.,1.));
#2534 = PLANE('',#2535);
#2535 = AXIS2_PLACEMENT_3D('',#2536,#2537,#2538);
#2536 = CARTESIAN_POINT('',(-22.,4.,36.));
#2537 = DIRECTION('',(1.,0.,0.));
#2538 = DIRECTION('',(0.,0.,1.));
#2539 = ADVANCED_FACE('',(#2540),#2601,.T.);
#2540 = FACE_BOUND('',#2541,.F.);
#2541 = EDGE_LOOP('',(#2542,#2543,#2551,#2582,#2593,#2600));
#2542 = ORIENTED_EDGE('',*,*,#1973,.T.);
#2543 = ORIENTED_EDGE('',*,*,#2544,.T.);
#2544 = EDGE_CURVE('',#1966,#2545,#2547,.T.);
#2545 = VERTEX_POINT('',#2546);
#2546 = CARTESIAN_POINT('',(-21.,49.944310136096,36.));
#2547 = LINE('',#2548,#2549);
#2548 = CARTESIAN_POINT('',(-21.,4.,36.));
#2549 = VECTOR('',#2550,1.);
#2550 = DIRECTION('',(0.,1.,0.));
#2551 = ORIENTED_EDGE('',*,*,#2552,.F.);
#2552 = EDGE_CURVE('',#2553,#2545,#2555,.T.);
#2553 = VERTEX_POINT('',#2554);
#2554 = CARTESIAN_POINT('',(-21.8,52.04027028261,36.4));
#2555 = B_SPLINE_CURVE_WITH_KNOTS('',7,(#2556,#2557,#2558,#2559,#2560,
    #2561,#2562,#2563,#2564,#2565,#2566,#2567,#2568,#2569,#2570,#2571,
    #2572,#2573,#2574,#2575,#2576,#2577,#2578,#2579,#2580,#2581),
  .UNSPECIFIED.,.F.,.F.,(8,6,6,6,8),(0.,0.516903578211,0.768589940009,
    0.975719583944,1.),.UNSPECIFIED.);
#2556 = CARTESIAN_POINT('',(-21.8,52.04027028261,36.4));
#2557 = CARTESIAN_POINT('',(-21.77602679348,51.863694732867,
    36.368035724652));
#2558 = CARTESIAN_POINT('',(-21.74769268474,51.689663925567,36.333360685
    ));
#2559 = CARTESIAN_POINT('',(-21.71421628777,51.518711832133,
    36.296274232671));
#2560 = CARTESIAN_POINT('',(-21.67475533973,51.35136360005,
    36.257365401491));
#2561 = CARTESIAN_POINT('',(-21.62846350187,51.18808758099,
    36.217635942794));
#2562 = CARTESIAN_POINT('',(-21.57480729314,51.029205790466,
    36.178634563891));
#2563 = CARTESIAN_POINT('',(-21.48420962652,50.799733464178,
    36.124364786535));
#2564 = CARTESIAN_POINT('',(-21.45281570751,50.725663617419,
    36.107185708848));
#2565 = CARTESIAN_POINT('',(-21.41970287816,50.652683922065,
    36.090802736017));
#2566 = CARTESIAN_POINT('',(-21.38491156984,50.580792276634,
    36.075432261126));
#2567 = CARTESIAN_POINT('',(-21.34851717648,50.509969856337,
    36.061293137839));
#2568 = CARTESIAN_POINT('',(-21.31063202263,50.440182317034,
    36.048596473775));
#2569 = CARTESIAN_POINT('',(-21.23912669403,50.314759764883,
    36.028432541592));
#2570 = CARTESIAN_POINT('',(-21.20593807114,50.258805405704,
    36.020437102889));
#2571 = CARTESIAN_POINT('',(-21.17192436197,50.203490494636,
    36.013656707522));
#2572 = CARTESIAN_POINT('',(-21.13718474514,50.148779428773,
    36.00818967834));
#2573 = CARTESIAN_POINT('',(-21.10183226547,50.094629620247,
    36.004121781721));
#2574 = CARTESIAN_POINT('',(-21.06599142039,50.040992687139,
    36.001522947985));
#2575 = CARTESIAN_POINT('',(-21.02555277076,49.981582057071,
    36.000317513035));
#2576 = CARTESIAN_POINT('',(-21.02130491592,49.975354786238,
    36.000211920112));
#2577 = CARTESIAN_POINT('',(-21.01705239612,49.969133745712,
    36.000127295361));
#2578 = CARTESIAN_POINT('',(-21.012795427,49.962918848577,
    36.000063717543));
#2579 = CARTESIAN_POINT('',(-21.00853422553,49.956710007177,
    36.000021261865));
#2580 = CARTESIAN_POINT('',(-21.00426901006,49.950507133122,
    35.999999999984));
#2581 = CARTESIAN_POINT('',(-21.00000000028,49.944310137286,36.));
#2582 = ORIENTED_EDGE('',*,*,#2583,.F.);
#2583 = EDGE_CURVE('',#2584,#2553,#2586,.T.);
#2584 = VERTEX_POINT('',#2585);
#2585 = CARTESIAN_POINT('',(-21.97726097583,54.,36.787959944566));
#2586 = B_SPLINE_CURVE_WITH_KNOTS('',5,(#2587,#2588,#2589,#2590,#2591,
    #2592),.UNSPECIFIED.,.F.,.F.,(6,6),(0.,1.),
  .PIECEWISE_BEZIER_KNOTS.);
#2587 = CARTESIAN_POINT('',(-21.97726100313,54.0000006,36.787960070392)
  );
#2588 = CARTESIAN_POINT('',(-21.95942693651,53.608056427879,
    36.705765467368));
#2589 = CARTESIAN_POINT('',(-21.93284285652,53.216232977817,
    36.624945115114));
#2590 = CARTESIAN_POINT('',(-21.89747194984,52.824270318153,
    36.546347137922));
#2591 = CARTESIAN_POINT('',(-21.85320987779,52.432189181868,
    36.470946392871));
#2592 = CARTESIAN_POINT('',(-21.79999955,52.040266968118,36.3999994));
#2593 = ORIENTED_EDGE('',*,*,#2594,.T.);
#2594 = EDGE_CURVE('',#2584,#2522,#2595,.T.);
#2595 = CIRCLE('',#2596,1.);
#2596 = AXIS2_PLACEMENT_3D('',#2597,#2598,#2599);
#2597 = CARTESIAN_POINT('',(-21.,54.,37.));
#2598 = DIRECTION('',(0.,1.,-0.));
#2599 = DIRECTION('',(-1.,0.,0.));
#2600 = ORIENTED_EDGE('',*,*,#2521,.F.);
#2601 = CYLINDRICAL_SURFACE('',#2602,1.);
#2602 = AXIS2_PLACEMENT_3D('',#2603,#2604,#2605);
#2603 = CARTESIAN_POINT('',(-21.,4.,37.));
#2604 = DIRECTION('',(0.,1.,0.));
#2605 = DIRECTION('',(-1.,0.,0.));
#2606 = ADVANCED_FACE('',(#2607),#2669,.T.);
#2607 = FACE_BOUND('',#2608,.T.);
#2608 = EDGE_LOOP('',(#2609,#2617,#2618,#2626,#2651,#2662));
#2609 = ORIENTED_EDGE('',*,*,#2610,.F.);
#2610 = EDGE_CURVE('',#2085,#2611,#2613,.T.);
#2611 = VERTEX_POINT('',#2612);
#2612 = CARTESIAN_POINT('',(22.,54.,37.));
#2613 = LINE('',#2614,#2615);
#2614 = CARTESIAN_POINT('',(22.,4.,37.));
#2615 = VECTOR('',#2616,1.);
#2616 = DIRECTION('',(0.,1.,0.));
#2617 = ORIENTED_EDGE('',*,*,#2084,.T.);
#2618 = ORIENTED_EDGE('',*,*,#2619,.T.);
#2619 = EDGE_CURVE('',#2087,#2620,#2622,.T.);
#2620 = VERTEX_POINT('',#2621);
#2621 = CARTESIAN_POINT('',(21.,49.944310136095,36.));
#2622 = LINE('',#2623,#2624);
#2623 = CARTESIAN_POINT('',(21.,4.,36.));
#2624 = VECTOR('',#2625,1.);
#2625 = DIRECTION('',(0.,1.,0.));
#2626 = ORIENTED_EDGE('',*,*,#2627,.F.);
#2627 = EDGE_CURVE('',#2628,#2620,#2630,.T.);
#2628 = VERTEX_POINT('',#2629);
#2629 = CARTESIAN_POINT('',(21.8,52.04027028261,36.4));
#2630 = B_SPLINE_CURVE_WITH_KNOTS('',7,(#2631,#2632,#2633,#2634,#2635,
    #2636,#2637,#2638,#2639,#2640,#2641,#2642,#2643,#2644,#2645,#2646,
    #2647,#2648,#2649,#2650),.UNSPECIFIED.,.F.,.F.,(8,6,6,8),(0.,
    0.516903683398,0.769453730477,1.),.UNSPECIFIED.);
#2631 = CARTESIAN_POINT('',(21.8,52.04027028261,36.4));
#2632 = CARTESIAN_POINT('',(21.776026793489,51.863694732867,
    36.368035724652));
#2633 = CARTESIAN_POINT('',(21.747692684748,51.689663925567,36.333360685
    ));
#2634 = CARTESIAN_POINT('',(21.714216287774,51.518711832134,
    36.296274232671));
#2635 = CARTESIAN_POINT('',(21.674755339738,51.351363600049,
    36.257365401491));
#2636 = CARTESIAN_POINT('',(21.628463501872,51.188087580991,
    36.217635942794));
#2637 = CARTESIAN_POINT('',(21.574807293146,51.029205790466,
    36.178634563891));
#2638 = CARTESIAN_POINT('',(21.484107825537,50.799475615269,
    36.124303805749));
#2639 = CARTESIAN_POINT('',(21.452600234771,50.725155285966,
    36.107067816974));
#2640 = CARTESIAN_POINT('',(21.419361933883,50.651932661724,
    36.090634107835));
#2641 = CARTESIAN_POINT('',(21.38443389679,50.579805563771,
    36.075221354327));
#2642 = CARTESIAN_POINT('',(21.347892549126,50.508754851424,
    36.061050690432));
#2643 = CARTESIAN_POINT('',(21.309851754069,50.43874565202,
    36.048335321062));
#2644 = CARTESIAN_POINT('',(21.23450948613,50.306724738077,
    36.027169018829));
#2645 = CARTESIAN_POINT('',(21.197431394001,50.24454626674,
    36.018442648633));
#2646 = CARTESIAN_POINT('',(21.159345210697,50.183155264362,
    36.011239244227));
#2647 = CARTESIAN_POINT('',(21.120390631405,50.122501258827,
    36.005692645602));
#2648 = CARTESIAN_POINT('',(21.080728140272,50.06252321974,
    36.001916770691));
#2649 = CARTESIAN_POINT('',(21.040534793093,50.003151559787,
    36.000000073127));
#2650 = CARTESIAN_POINT('',(21.,49.944310136094,36.));
#2651 = ORIENTED_EDGE('',*,*,#2652,.F.);
#2652 = EDGE_CURVE('',#2653,#2628,#2655,.T.);
#2653 = VERTEX_POINT('',#2654);
#2654 = CARTESIAN_POINT('',(21.977260975836,54.,36.787959944566));
#2655 = B_SPLINE_CURVE_WITH_KNOTS('',5,(#2656,#2657,#2658,#2659,#2660,
    #2661),.UNSPECIFIED.,.F.,.F.,(6,6),(0.,1.),
  .PIECEWISE_BEZIER_KNOTS.);
#2656 = CARTESIAN_POINT('',(21.977261003137,54.0000006,36.787960070392)
  );
#2657 = CARTESIAN_POINT('',(21.959426936512,53.60805642788,
    36.705765467368));
#2658 = CARTESIAN_POINT('',(21.932842856526,53.216232977817,
    36.624945115114));
#2659 = CARTESIAN_POINT('',(21.897471949847,52.824270318152,
    36.546347137922));
#2660 = CARTESIAN_POINT('',(21.853209877794,52.432189181867,
    36.47094639287));
#2661 = CARTESIAN_POINT('',(21.79999955,52.040266968118,36.3999994));
#2662 = ORIENTED_EDGE('',*,*,#2663,.T.);
#2663 = EDGE_CURVE('',#2653,#2611,#2664,.T.);
#2664 = CIRCLE('',#2665,1.);
#2665 = AXIS2_PLACEMENT_3D('',#2666,#2667,#2668);
#2666 = CARTESIAN_POINT('',(21.,54.,37.));
#2667 = DIRECTION('',(0.,-1.,0.));
#2668 = DIRECTION('',(1.,0.,0.));
#2669 = CYLINDRICAL_SURFACE('',#2670,1.);
#2670 = AXIS2_PLACEMENT_3D('',#2671,#2672,#2673);
#2671 = CARTESIAN_POINT('',(21.,4.,37.));
#2672 = DIRECTION('',(0.,1.,0.));
#2673 = DIRECTION('',(1.,0.,0.));
#2674 = ADVANCED_FACE('',(#2675),#2694,.T.);
#2675 = FACE_BOUND('',#2676,.T.);
#2676 = EDGE_LOOP('',(#2677,#2685,#2686,#2687,#2688));
#2677 = ORIENTED_EDGE('',*,*,#2678,.F.);
#2678 = EDGE_CURVE('',#2464,#2679,#2681,.T.);
#2679 = VERTEX_POINT('',#2680);
#2680 = CARTESIAN_POINT('',(22.,54.,47.));
#2681 = LINE('',#2682,#2683);
#2682 = CARTESIAN_POINT('',(22.,4.,47.));
#2683 = VECTOR('',#2684,1.);
#2684 = DIRECTION('',(0.,1.,0.));
#2685 = ORIENTED_EDGE('',*,*,#2463,.F.);
#2686 = ORIENTED_EDGE('',*,*,#2122,.F.);
#2687 = ORIENTED_EDGE('',*,*,#2610,.T.);
#2688 = ORIENTED_EDGE('',*,*,#2689,.T.);
#2689 = EDGE_CURVE('',#2611,#2679,#2690,.T.);
#2690 = LINE('',#2691,#2692);
#2691 = CARTESIAN_POINT('',(22.,54.,36.));
#2692 = VECTOR('',#2693,1.);
#2693 = DIRECTION('',(0.,0.,1.));
#2694 = PLANE('',#2695);
#2695 = AXIS2_PLACEMENT_3D('',#2696,#2697,#2698);
#2696 = CARTESIAN_POINT('',(22.,4.,36.));
#2697 = DIRECTION('',(1.,0.,0.));
#2698 = DIRECTION('',(0.,0.,1.));
#2699 = ADVANCED_FACE('',(#2700),#2732,.T.);
#2700 = FACE_BOUND('',#2701,.F.);
#2701 = EDGE_LOOP('',(#2702,#2711,#2731));
#2702 = ORIENTED_EDGE('',*,*,#2703,.F.);
#2703 = EDGE_CURVE('',#2704,#2214,#2706,.T.);
#2704 = VERTEX_POINT('',#2705);
#2705 = CARTESIAN_POINT('',(-21.98453323422,54.175197918682,11.));
#2706 = CIRCLE('',#2707,1.);
#2707 = AXIS2_PLACEMENT_3D('',#2708,#2709,#2710);
#2708 = CARTESIAN_POINT('',(-21.,54.,11.));
#2709 = DIRECTION('',(0.,0.,1.));
#2710 = DIRECTION('',(-1.,0.,0.));
#2711 = ORIENTED_EDGE('',*,*,#2712,.F.);
#2712 = EDGE_CURVE('',#2262,#2704,#2713,.T.);
#2713 = B_SPLINE_CURVE_WITH_KNOTS('',6,(#2714,#2715,#2716,#2717,#2718,
    #2719,#2720,#2721,#2722,#2723,#2724,#2725,#2726,#2727,#2728,#2729,
    #2730),.UNSPECIFIED.,.F.,.F.,(7,5,5,7),(0.,0.347319315506,
    0.537411822479,1.),.UNSPECIFIED.);
#2714 = CARTESIAN_POINT('',(-21.97726097583,54.,11.212040055433));
#2715 = CARTESIAN_POINT('',(-21.97812097085,54.018900334921,
    11.208076466726));
#2716 = CARTESIAN_POINT('',(-21.97893432764,54.037205246015,
    11.20221291349));
#2717 = CARTESIAN_POINT('',(-21.97968748127,54.054565784462,
    11.194593118266));
#2718 = CARTESIAN_POINT('',(-21.98037488077,54.070758918545,
    11.185447993591));
#2719 = CARTESIAN_POINT('',(-21.98099476687,54.085641518273,
    11.175012655505));
#2720 = CARTESIAN_POINT('',(-21.98185041981,54.106519865019,
    11.157218065296));
#2721 = CARTESIAN_POINT('',(-21.98213314465,54.113491269828,
    11.150602561005));
#2722 = CARTESIAN_POINT('',(-21.98239610758,54.12003791514,
    11.143700160218));
#2723 = CARTESIAN_POINT('',(-21.98263963605,54.126153303361,
    11.136543310391));
#2724 = CARTESIAN_POINT('',(-21.98286414347,54.131834341702,
    11.129161876702));
#2725 = CARTESIAN_POINT('',(-21.98357115956,54.149845729441,
    11.103137972636));
#2726 = CARTESIAN_POINT('',(-21.98396175399,54.160023179888,
    11.083536525237));
#2727 = CARTESIAN_POINT('',(-21.98424916438,54.167626358961,
    11.063137701974));
#2728 = CARTESIAN_POINT('',(-21.98443847807,54.172672231146,
    11.042247796237));
#2729 = CARTESIAN_POINT('',(-21.98453323422,54.175197918682,
    11.021130459997));
#2730 = CARTESIAN_POINT('',(-21.98453323422,54.175197918682,11.));
#2731 = ORIENTED_EDGE('',*,*,#2272,.F.);
#2732 = SPHERICAL_SURFACE('',#2733,1.);
#2733 = AXIS2_PLACEMENT_3D('',#2734,#2735,#2736);
#2734 = CARTESIAN_POINT('',(-21.,54.,11.));
#2735 = DIRECTION('',(0.,-1.,0.));
#2736 = DIRECTION('',(-1.,0.,0.));
#2737 = ADVANCED_FACE('',(#2738),#2766,.T.);
#2738 = FACE_BOUND('',#2739,.T.);
#2739 = EDGE_LOOP('',(#2740,#2751,#2758,#2759));
#2740 = ORIENTED_EDGE('',*,*,#2741,.F.);
#2741 = EDGE_CURVE('',#2742,#2744,#2746,.T.);
#2742 = VERTEX_POINT('',#2743);
#2743 = CARTESIAN_POINT('',(22.,55.,11.6));
#2744 = VERTEX_POINT('',#2745);
#2745 = CARTESIAN_POINT('',(21.6,55.,12.));
#2746 = CIRCLE('',#2747,0.4);
#2747 = AXIS2_PLACEMENT_3D('',#2748,#2749,#2750);
#2748 = CARTESIAN_POINT('',(21.6,55.,11.6));
#2749 = DIRECTION('',(0.,-1.,0.));
#2750 = DIRECTION('',(1.,0.,0.));
#2751 = ORIENTED_EDGE('',*,*,#2752,.T.);
#2752 = EDGE_CURVE('',#2742,#2231,#2753,.T.);
#2753 = CIRCLE('',#2754,22.);
#2754 = AXIS2_PLACEMENT_3D('',#2755,#2756,#2757);
#2755 = CARTESIAN_POINT('',(0.,55.,11.6));
#2756 = DIRECTION('',(0.,0.,1.));
#2757 = DIRECTION('',(1.,0.,0.));
#2758 = ORIENTED_EDGE('',*,*,#2230,.T.);
#2759 = ORIENTED_EDGE('',*,*,#2760,.F.);
#2760 = EDGE_CURVE('',#2744,#2223,#2761,.T.);
#2761 = CIRCLE('',#2762,21.6);
#2762 = AXIS2_PLACEMENT_3D('',#2763,#2764,#2765);
#2763 = CARTESIAN_POINT('',(0.,55.,12.));
#2764 = DIRECTION('',(0.,0.,1.));
#2765 = DIRECTION('',(1.,0.,0.));
#2766 = TOROIDAL_SURFACE('',#2767,21.6,0.4);
#2767 = AXIS2_PLACEMENT_3D('',#2768,#2769,#2770);
#2768 = CARTESIAN_POINT('',(0.,55.,11.6));
#2769 = DIRECTION('',(0.,0.,1.));
#2770 = DIRECTION('',(1.,0.,0.));
#2771 = ADVANCED_FACE('',(#2772),#2804,.T.);
#2772 = FACE_BOUND('',#2773,.T.);
#2773 = EDGE_LOOP('',(#2774,#2783,#2803));
#2774 = ORIENTED_EDGE('',*,*,#2775,.F.);
#2775 = EDGE_CURVE('',#2776,#2333,#2778,.T.);
#2776 = VERTEX_POINT('',#2777);
#2777 = CARTESIAN_POINT('',(21.984533234223,54.175197918682,11.));
#2778 = CIRCLE('',#2779,1.);
#2779 = AXIS2_PLACEMENT_3D('',#2780,#2781,#2782);
#2780 = CARTESIAN_POINT('',(21.,54.,11.));
#2781 = DIRECTION('',(0.,0.,-1.));
#2782 = DIRECTION('',(1.,0.,0.));
#2783 = ORIENTED_EDGE('',*,*,#2784,.T.);
#2784 = EDGE_CURVE('',#2776,#2322,#2785,.T.);
#2785 = B_SPLINE_CURVE_WITH_KNOTS('',6,(#2786,#2787,#2788,#2789,#2790,
    #2791,#2792,#2793,#2794,#2795,#2796,#2797,#2798,#2799,#2800,#2801,
    #2802),.UNSPECIFIED.,.F.,.F.,(7,5,5,7),(0.,0.455393093873,
    0.649477516448,1.),.UNSPECIFIED.);
#2786 = CARTESIAN_POINT('',(21.984533234223,54.175197918682,11.));
#2787 = CARTESIAN_POINT('',(21.984533234223,54.175197918682,
    11.020823331757));
#2788 = CARTESIAN_POINT('',(21.984441218386,54.172745238009,
    11.041610718599));
#2789 = CARTESIAN_POINT('',(21.984257726863,54.167854674452,
    11.062177591071));
#2790 = CARTESIAN_POINT('',(21.983979307968,54.16048759735,
    11.082279828509));
#2791 = CARTESIAN_POINT('',(21.983600981387,54.150623087574,
    11.101626178466));
#2792 = CARTESIAN_POINT('',(21.98290941742,54.132981325859,
    11.127645352562));
#2793 = CARTESIAN_POINT('',(21.982683448423,54.127255641043,
    11.135218531114));
#2794 = CARTESIAN_POINT('',(21.98243771133,54.121076906584,
    11.142561577117));
#2795 = CARTESIAN_POINT('',(21.982171760485,54.114448127546,
    11.149642973819));
#2796 = CARTESIAN_POINT('',(21.981885238396,54.107375906255,
    11.156428392233));
#2797 = CARTESIAN_POINT('',(21.981022975564,54.086319020496,
    11.174535834942));
#2798 = CARTESIAN_POINT('',(21.980399920164,54.071348966317,
    11.185113621697));
#2799 = CARTESIAN_POINT('',(21.979708075414,54.055040602684,
    11.194384183594));
#2800 = CARTESIAN_POINT('',(21.978949166288,54.03753924218,
    11.20210569695));
#2801 = CARTESIAN_POINT('',(21.978128827064,54.019072992919,
    11.208040258622));
#2802 = CARTESIAN_POINT('',(21.977260975836,54.,11.212040055434));
#2803 = ORIENTED_EDGE('',*,*,#2332,.F.);
#2804 = SPHERICAL_SURFACE('',#2805,1.);
#2805 = AXIS2_PLACEMENT_3D('',#2806,#2807,#2808);
#2806 = CARTESIAN_POINT('',(21.,54.,11.));
#2807 = DIRECTION('',(0.,-1.,0.));
#2808 = DIRECTION('',(1.,0.,0.));
#2809 = ADVANCED_FACE('',(#2810),#2828,.T.);
#2810 = FACE_BOUND('',#2811,.T.);
#2811 = EDGE_LOOP('',(#2812,#2819,#2820,#2827));
#2812 = ORIENTED_EDGE('',*,*,#2813,.T.);
#2813 = EDGE_CURVE('',#2297,#2742,#2814,.T.);
#2814 = CIRCLE('',#2815,22.);
#2815 = AXIS2_PLACEMENT_3D('',#2816,#2817,#2818);
#2816 = CARTESIAN_POINT('',(0.,55.,11.6));
#2817 = DIRECTION('',(0.,0.,1.));
#2818 = DIRECTION('',(1.,0.,0.));
#2819 = ORIENTED_EDGE('',*,*,#2741,.T.);
#2820 = ORIENTED_EDGE('',*,*,#2821,.F.);
#2821 = EDGE_CURVE('',#2289,#2744,#2822,.T.);
#2822 = CIRCLE('',#2823,21.6);
#2823 = AXIS2_PLACEMENT_3D('',#2824,#2825,#2826);
#2824 = CARTESIAN_POINT('',(0.,55.,12.));
#2825 = DIRECTION('',(0.,0.,1.));
#2826 = DIRECTION('',(1.,0.,0.));
#2827 = ORIENTED_EDGE('',*,*,#2296,.F.);
#2828 = TOROIDAL_SURFACE('',#2829,21.6,0.4);
#2829 = AXIS2_PLACEMENT_3D('',#2830,#2831,#2832);
#2830 = CARTESIAN_POINT('',(0.,55.,11.6));
#2831 = DIRECTION('',(0.,0.,1.));
#2832 = DIRECTION('',(1.,0.,0.));
#2833 = ADVANCED_FACE('',(#2834),#2889,.T.);
#2834 = FACE_BOUND('',#2835,.T.);
#2835 = EDGE_LOOP('',(#2836,#2837,#2838,#2846,#2871,#2882));
#2836 = ORIENTED_EDGE('',*,*,#2436,.F.);
#2837 = ORIENTED_EDGE('',*,*,#2383,.T.);
#2838 = ORIENTED_EDGE('',*,*,#2839,.T.);
#2839 = EDGE_CURVE('',#2376,#2840,#2842,.T.);
#2840 = VERTEX_POINT('',#2841);
#2841 = CARTESIAN_POINT('',(21.,49.944310136095,-1.110223024625E-16));
#2842 = LINE('',#2843,#2844);
#2843 = CARTESIAN_POINT('',(21.,4.,-2.22044604925E-16));
#2844 = VECTOR('',#2845,1.);
#2845 = DIRECTION('',(0.,1.,0.));
#2846 = ORIENTED_EDGE('',*,*,#2847,.F.);
#2847 = EDGE_CURVE('',#2848,#2840,#2850,.T.);
#2848 = VERTEX_POINT('',#2849);
#2849 = CARTESIAN_POINT('',(21.8,52.04027028261,0.4));
#2850 = B_SPLINE_CURVE_WITH_KNOTS('',7,(#2851,#2852,#2853,#2854,#2855,
    #2856,#2857,#2858,#2859,#2860,#2861,#2862,#2863,#2864,#2865,#2866,
    #2867,#2868,#2869,#2870),.UNSPECIFIED.,.F.,.F.,(8,6,6,8),(0.,
    0.516903683415,0.769453730502,1.),.UNSPECIFIED.);
#2851 = CARTESIAN_POINT('',(21.8,52.04027028261,0.4));
#2852 = CARTESIAN_POINT('',(21.776026793489,51.863694732867,
    0.368035724652));
#2853 = CARTESIAN_POINT('',(21.747692684748,51.689663925568,0.333360685)
  );
#2854 = CARTESIAN_POINT('',(21.714216287774,51.518711832132,
    0.29627423267));
#2855 = CARTESIAN_POINT('',(21.674755339739,51.351363600051,
    0.257365401492));
#2856 = CARTESIAN_POINT('',(21.628463501872,51.188087580989,
    0.217635942794));
#2857 = CARTESIAN_POINT('',(21.574807293146,51.029205790466,
    0.178634563891));
#2858 = CARTESIAN_POINT('',(21.484107825537,50.799475615269,
    0.124303805749));
#2859 = CARTESIAN_POINT('',(21.452600234771,50.725155285966,
    0.107067816974));
#2860 = CARTESIAN_POINT('',(21.419361933883,50.651932661724,
    9.063410783507E-02));
#2861 = CARTESIAN_POINT('',(21.38443389679,50.579805563771,
    7.522135432743E-02));
#2862 = CARTESIAN_POINT('',(21.347892549126,50.508754851424,
    6.105069043219E-02));
#2863 = CARTESIAN_POINT('',(21.309851754069,50.43874565202,
    4.833532106233E-02));
#2864 = CARTESIAN_POINT('',(21.234509486135,50.306724738085,
    2.716901882992E-02));
#2865 = CARTESIAN_POINT('',(21.197431394002,50.244546266743,
    1.844264863321E-02));
#2866 = CARTESIAN_POINT('',(21.159345210697,50.183155264363,
    1.123924422695E-02));
#2867 = CARTESIAN_POINT('',(21.12039063141,50.122501258834,
    5.692645602597E-03));
#2868 = CARTESIAN_POINT('',(21.080728140285,50.06252321976,
    1.916770692335E-03));
#2869 = CARTESIAN_POINT('',(21.04053479311,50.003151559812,
    7.312799701662E-08));
#2870 = CARTESIAN_POINT('',(21.,49.944310136094,0.));
#2871 = ORIENTED_EDGE('',*,*,#2872,.F.);
#2872 = EDGE_CURVE('',#2873,#2848,#2875,.T.);
#2873 = VERTEX_POINT('',#2874);
#2874 = CARTESIAN_POINT('',(21.977260975836,54.,0.787959944566));
#2875 = B_SPLINE_CURVE_WITH_KNOTS('',5,(#2876,#2877,#2878,#2879,#2880,
    #2881),.UNSPECIFIED.,.F.,.F.,(6,6),(0.,1.),
  .PIECEWISE_BEZIER_KNOTS.);
#2876 = CARTESIAN_POINT('',(21.977261003137,54.0000006,0.787960070392));
#2877 = CARTESIAN_POINT('',(21.959426936512,53.60805642788,
    0.705765467368));
#2878 = CARTESIAN_POINT('',(21.932842856526,53.216232977817,
    0.624945115114));
#2879 = CARTESIAN_POINT('',(21.897471949847,52.824270318152,
    0.546347137922));
#2880 = CARTESIAN_POINT('',(21.853209877794,52.432189181867,
    0.47094639287));
#2881 = CARTESIAN_POINT('',(21.79999955,52.040266968118,0.3999994));
#2882 = ORIENTED_EDGE('',*,*,#2883,.T.);
#2883 = EDGE_CURVE('',#2873,#2437,#2884,.T.);
#2884 = CIRCLE('',#2885,1.);
#2885 = AXIS2_PLACEMENT_3D('',#2886,#2887,#2888);
#2886 = CARTESIAN_POINT('',(21.,54.,1.));
#2887 = DIRECTION('',(0.,-1.,0.));
#2888 = DIRECTION('',(1.,0.,0.));
#2889 = CYLINDRICAL_SURFACE('',#2890,1.);
#2890 = AXIS2_PLACEMENT_3D('',#2891,#2892,#2893);
#2891 = CARTESIAN_POINT('',(21.,4.,1.));
#2892 = DIRECTION('',(0.,1.,0.));
#2893 = DIRECTION('',(1.,0.,0.));
#2894 = ADVANCED_FACE('',(#2895),#2956,.T.);
#2895 = FACE_BOUND('',#2896,.F.);
#2896 = EDGE_LOOP('',(#2897,#2898,#2906,#2937,#2948,#2955));
#2897 = ORIENTED_EDGE('',*,*,#2366,.F.);
#2898 = ORIENTED_EDGE('',*,*,#2899,.T.);
#2899 = EDGE_CURVE('',#2367,#2900,#2902,.T.);
#2900 = VERTEX_POINT('',#2901);
#2901 = CARTESIAN_POINT('',(-21.,49.944310136096,-1.110223024625E-16));
#2902 = LINE('',#2903,#2904);
#2903 = CARTESIAN_POINT('',(-21.,4.,-2.22044604925E-16));
#2904 = VECTOR('',#2905,1.);
#2905 = DIRECTION('',(0.,1.,0.));
#2906 = ORIENTED_EDGE('',*,*,#2907,.F.);
#2907 = EDGE_CURVE('',#2908,#2900,#2910,.T.);
#2908 = VERTEX_POINT('',#2909);
#2909 = CARTESIAN_POINT('',(-21.8,52.04027028261,0.4));
#2910 = B_SPLINE_CURVE_WITH_KNOTS('',7,(#2911,#2912,#2913,#2914,#2915,
    #2916,#2917,#2918,#2919,#2920,#2921,#2922,#2923,#2924,#2925,#2926,
    #2927,#2928,#2929,#2930,#2931,#2932,#2933,#2934,#2935,#2936),
  .UNSPECIFIED.,.F.,.F.,(8,6,6,6,8),(0.,0.516903563955,0.768589918812,
    0.975719557034,1.),.UNSPECIFIED.);
#2911 = CARTESIAN_POINT('',(-21.8,52.04027028261,0.4));
#2912 = CARTESIAN_POINT('',(-21.77602679348,51.863694732867,
    0.368035724652));
#2913 = CARTESIAN_POINT('',(-21.74769268474,51.689663925568,0.333360685)
  );
#2914 = CARTESIAN_POINT('',(-21.71421628777,51.518711832133,
    0.29627423267));
#2915 = CARTESIAN_POINT('',(-21.67475533973,51.351363600051,
    0.257365401492));
#2916 = CARTESIAN_POINT('',(-21.62846350187,51.18808758099,
    0.217635942794));
#2917 = CARTESIAN_POINT('',(-21.57480729314,51.029205790466,
    0.178634563891));
#2918 = CARTESIAN_POINT('',(-21.48420962652,50.799733464178,
    0.124364786535));
#2919 = CARTESIAN_POINT('',(-21.45281570751,50.725663617419,
    0.107185708848));
#2920 = CARTESIAN_POINT('',(-21.41970287816,50.652683922065,
    9.080273601717E-02));
#2921 = CARTESIAN_POINT('',(-21.38491156984,50.580792276634,
    7.543226112592E-02));
#2922 = CARTESIAN_POINT('',(-21.34851717648,50.509969856337,
    6.129313783861E-02));
#2923 = CARTESIAN_POINT('',(-21.31063202263,50.440182317034,
    4.859647377506E-02));
#2924 = CARTESIAN_POINT('',(-21.23912669403,50.314759764883,
    2.843254159157E-02));
#2925 = CARTESIAN_POINT('',(-21.20593807114,50.258805405704,
    2.043710288945E-02));
#2926 = CARTESIAN_POINT('',(-21.17192436197,50.203490494636,
    1.365670752176E-02));
#2927 = CARTESIAN_POINT('',(-21.13718474514,50.148779428773,
    8.189678340178E-03));
#2928 = CARTESIAN_POINT('',(-21.10183226547,50.094629620247,
    4.121781721351E-03));
#2929 = CARTESIAN_POINT('',(-21.06599142039,50.040992687139,
    1.5229479855E-03));
#2930 = CARTESIAN_POINT('',(-21.02555276594,49.98158204999,
    3.175128910874E-04));
#2931 = CARTESIAN_POINT('',(-21.02130490891,49.97535476373,
    2.119198694548E-04));
#2932 = CARTESIAN_POINT('',(-21.01705238427,49.969133715541,
    1.272950675989E-04));
#2933 = CARTESIAN_POINT('',(-21.01279540646,49.962918822393,
    6.371724849168E-05));
#2934 = CARTESIAN_POINT('',(-21.00853419526,49.9567099883,
    2.126162061303E-05));
#2935 = CARTESIAN_POINT('',(-21.00426897588,49.950507104313,
    -1.620493813696E-10));
#2936 = CARTESIAN_POINT('',(-20.99999997891,49.944310048528,0.));
#2937 = ORIENTED_EDGE('',*,*,#2938,.F.);
#2938 = EDGE_CURVE('',#2939,#2908,#2941,.T.);
#2939 = VERTEX_POINT('',#2940);
#2940 = CARTESIAN_POINT('',(-21.97726097583,54.,0.787959944566));
#2941 = B_SPLINE_CURVE_WITH_KNOTS('',5,(#2942,#2943,#2944,#2945,#2946,
    #2947),.UNSPECIFIED.,.F.,.F.,(6,6),(0.,1.),
  .PIECEWISE_BEZIER_KNOTS.);
#2942 = CARTESIAN_POINT('',(-21.97726100313,54.0000006,0.787960070392));
#2943 = CARTESIAN_POINT('',(-21.95942693651,53.608056427879,
    0.705765467368));
#2944 = CARTESIAN_POINT('',(-21.93284285652,53.216232977817,
    0.624945115114));
#2945 = CARTESIAN_POINT('',(-21.89747194984,52.824270318152,
    0.546347137922));
#2946 = CARTESIAN_POINT('',(-21.85320987779,52.432189181868,
    0.470946392871));
#2947 = CARTESIAN_POINT('',(-21.79999955,52.040266968118,0.3999994));
#2948 = ORIENTED_EDGE('',*,*,#2949,.T.);
#2949 = EDGE_CURVE('',#2939,#2412,#2950,.T.);
#2950 = CIRCLE('',#2951,1.);
#2951 = AXIS2_PLACEMENT_3D('',#2952,#2953,#2954);
#2952 = CARTESIAN_POINT('',(-21.,54.,1.));
#2953 = DIRECTION('',(0.,1.,-0.));
#2954 = DIRECTION('',(-1.,0.,0.));
#2955 = ORIENTED_EDGE('',*,*,#2411,.F.);
#2956 = CYLINDRICAL_SURFACE('',#2957,1.);
#2957 = AXIS2_PLACEMENT_3D('',#2958,#2959,#2960);
#2958 = CARTESIAN_POINT('',(-21.,4.,1.));
#2959 = DIRECTION('',(0.,1.,0.));
#2960 = DIRECTION('',(-1.,0.,0.));
#2961 = ADVANCED_FACE('',(#2962),#2981,.T.);
#2962 = FACE_BOUND('',#2963,.F.);
#2963 = EDGE_LOOP('',(#2964,#2965,#2974,#2980));
#2964 = ORIENTED_EDGE('',*,*,#2419,.F.);
#2965 = ORIENTED_EDGE('',*,*,#2966,.T.);
#2966 = EDGE_CURVE('',#2412,#2967,#2969,.T.);
#2967 = VERTEX_POINT('',#2968);
#2968 = CARTESIAN_POINT('',(-21.98453323422,54.175197918682,1.));
#2969 = CIRCLE('',#2970,1.);
#2970 = AXIS2_PLACEMENT_3D('',#2971,#2972,#2973);
#2971 = CARTESIAN_POINT('',(-21.,54.,1.));
#2972 = DIRECTION('',(0.,0.,-1.));
#2973 = DIRECTION('',(-1.,0.,0.));
#2974 = ORIENTED_EDGE('',*,*,#2975,.T.);
#2975 = EDGE_CURVE('',#2967,#2704,#2976,.T.);
#2976 = LINE('',#2977,#2978);
#2977 = CARTESIAN_POINT('',(-21.98453323422,54.175197918682,0.));
#2978 = VECTOR('',#2979,1.);
#2979 = DIRECTION('',(0.,0.,1.));
#2980 = ORIENTED_EDGE('',*,*,#2703,.T.);
#2981 = CYLINDRICAL_SURFACE('',#2982,1.);
#2982 = AXIS2_PLACEMENT_3D('',#2983,#2984,#2985);
#2983 = CARTESIAN_POINT('',(-21.,54.,0.));
#2984 = DIRECTION('',(0.,0.,1.));
#2985 = DIRECTION('',(-1.,0.,0.));
#2986 = ADVANCED_FACE('',(#2987),#3006,.T.);
#2987 = FACE_BOUND('',#2988,.T.);
#2988 = EDGE_LOOP('',(#2989,#2990,#2999,#3005));
#2989 = ORIENTED_EDGE('',*,*,#2444,.F.);
#2990 = ORIENTED_EDGE('',*,*,#2991,.T.);
#2991 = EDGE_CURVE('',#2437,#2992,#2994,.T.);
#2992 = VERTEX_POINT('',#2993);
#2993 = CARTESIAN_POINT('',(21.984533234223,54.175197918682,1.));
#2994 = CIRCLE('',#2995,1.);
#2995 = AXIS2_PLACEMENT_3D('',#2996,#2997,#2998);
#2996 = CARTESIAN_POINT('',(21.,54.,1.));
#2997 = DIRECTION('',(0.,0.,1.));
#2998 = DIRECTION('',(1.,0.,0.));
#2999 = ORIENTED_EDGE('',*,*,#3000,.T.);
#3000 = EDGE_CURVE('',#2992,#2776,#3001,.T.);
#3001 = LINE('',#3002,#3003);
#3002 = CARTESIAN_POINT('',(21.984533234223,54.175197918682,0.));
#3003 = VECTOR('',#3004,1.);
#3004 = DIRECTION('',(0.,0.,1.));
#3005 = ORIENTED_EDGE('',*,*,#2775,.T.);
#3006 = CYLINDRICAL_SURFACE('',#3007,1.);
#3007 = AXIS2_PLACEMENT_3D('',#3008,#3009,#3010);
#3008 = CARTESIAN_POINT('',(21.,54.,0.));
#3009 = DIRECTION('',(0.,0.,1.));
#3010 = DIRECTION('',(1.,0.,0.));
#3011 = ADVANCED_FACE('',(#3012),#3073,.T.);
#3012 = FACE_BOUND('',#3013,.T.);
#3013 = EDGE_LOOP('',(#3014,#3015,#3016,#3024,#3055,#3066));
#3014 = ORIENTED_EDGE('',*,*,#2511,.F.);
#3015 = ORIENTED_EDGE('',*,*,#2488,.T.);
#3016 = ORIENTED_EDGE('',*,*,#3017,.T.);
#3017 = EDGE_CURVE('',#2481,#3018,#3020,.T.);
#3018 = VERTEX_POINT('',#3019);
#3019 = CARTESIAN_POINT('',(-21.,49.944310136096,48.));
#3020 = LINE('',#3021,#3022);
#3021 = CARTESIAN_POINT('',(-21.,4.,48.));
#3022 = VECTOR('',#3023,1.);
#3023 = DIRECTION('',(0.,1.,0.));
#3024 = ORIENTED_EDGE('',*,*,#3025,.F.);
#3025 = EDGE_CURVE('',#3026,#3018,#3028,.T.);
#3026 = VERTEX_POINT('',#3027);
#3027 = CARTESIAN_POINT('',(-21.8,52.040270282612,47.6));
#3028 = B_SPLINE_CURVE_WITH_KNOTS('',7,(#3029,#3030,#3031,#3032,#3033,
    #3034,#3035,#3036,#3037,#3038,#3039,#3040,#3041,#3042,#3043,#3044,
    #3045,#3046,#3047,#3048,#3049,#3050,#3051,#3052,#3053,#3054),
  .UNSPECIFIED.,.F.,.F.,(8,6,6,6,8),(0.,0.516903578211,0.768589940009,
    0.975719583944,1.),.UNSPECIFIED.);
#3029 = CARTESIAN_POINT('',(-21.8,52.040270282612,47.6));
#3030 = CARTESIAN_POINT('',(-21.77602679348,51.863694732869,
    47.631964275348));
#3031 = CARTESIAN_POINT('',(-21.74769268474,51.689663925566,
    47.666639314998));
#3032 = CARTESIAN_POINT('',(-21.71421628777,51.518711832139,
    47.703725767331));
#3033 = CARTESIAN_POINT('',(-21.67475533973,51.351363600047,
    47.742634598507));
#3034 = CARTESIAN_POINT('',(-21.62846350187,51.188087580992,
    47.782364057206));
#3035 = CARTESIAN_POINT('',(-21.57480729314,51.029205790466,
    47.821365436109));
#3036 = CARTESIAN_POINT('',(-21.48420962652,50.799733464178,
    47.875635213465));
#3037 = CARTESIAN_POINT('',(-21.45281570751,50.725663617419,
    47.892814291152));
#3038 = CARTESIAN_POINT('',(-21.41970287816,50.652683922065,
    47.909197263983));
#3039 = CARTESIAN_POINT('',(-21.38491156984,50.580792276634,
    47.924567738874));
#3040 = CARTESIAN_POINT('',(-21.34851717648,50.509969856337,
    47.938706862161));
#3041 = CARTESIAN_POINT('',(-21.31063202263,50.440182317034,
    47.951403526225));
#3042 = CARTESIAN_POINT('',(-21.23912669403,50.314759764883,
    47.971567458408));
#3043 = CARTESIAN_POINT('',(-21.20593807114,50.258805405704,
    47.979562897111));
#3044 = CARTESIAN_POINT('',(-21.17192436197,50.203490494636,
    47.986343292478));
#3045 = CARTESIAN_POINT('',(-21.13718474514,50.148779428773,
    47.99181032166));
#3046 = CARTESIAN_POINT('',(-21.10183226547,50.094629620247,
    47.995878218279));
#3047 = CARTESIAN_POINT('',(-21.06599142039,50.040992687139,
    47.998477052015));
#3048 = CARTESIAN_POINT('',(-21.02555277076,49.981582057071,
    47.999682486965));
#3049 = CARTESIAN_POINT('',(-21.02130491592,49.975354786238,
    47.999788079888));
#3050 = CARTESIAN_POINT('',(-21.01705239612,49.969133745712,
    47.999872704639));
#3051 = CARTESIAN_POINT('',(-21.012795427,49.962918848577,
    47.999936282457));
#3052 = CARTESIAN_POINT('',(-21.00853422553,49.956710007177,
    47.999978738135));
#3053 = CARTESIAN_POINT('',(-21.00426901006,49.950507133122,
    48.000000000016));
#3054 = CARTESIAN_POINT('',(-21.00000000028,49.944310137286,48.));
#3055 = ORIENTED_EDGE('',*,*,#3056,.F.);
#3056 = EDGE_CURVE('',#3057,#3026,#3059,.T.);
#3057 = VERTEX_POINT('',#3058);
#3058 = CARTESIAN_POINT('',(-21.97726097583,54.,47.212040055434));
#3059 = B_SPLINE_CURVE_WITH_KNOTS('',5,(#3060,#3061,#3062,#3063,#3064,
    #3065),.UNSPECIFIED.,.F.,.F.,(6,6),(0.,1.),
  .PIECEWISE_BEZIER_KNOTS.);
#3060 = CARTESIAN_POINT('',(-21.97726100313,54.0000006,47.212039929608)
  );
#3061 = CARTESIAN_POINT('',(-21.95942693651,53.608056427879,
    47.294234532632));
#3062 = CARTESIAN_POINT('',(-21.93284285652,53.216232977817,
    47.375054884886));
#3063 = CARTESIAN_POINT('',(-21.89747194984,52.824270318153,
    47.453652862078));
#3064 = CARTESIAN_POINT('',(-21.85320987779,52.432189181868,
    47.529053607129));
#3065 = CARTESIAN_POINT('',(-21.79999955,52.040266968118,47.6000006));
#3066 = ORIENTED_EDGE('',*,*,#3067,.F.);
#3067 = EDGE_CURVE('',#2512,#3057,#3068,.T.);
#3068 = CIRCLE('',#3069,1.);
#3069 = AXIS2_PLACEMENT_3D('',#3070,#3071,#3072);
#3070 = CARTESIAN_POINT('',(-21.,54.,47.));
#3071 = DIRECTION('',(0.,1.,-0.));
#3072 = DIRECTION('',(-1.,0.,0.));
#3073 = CYLINDRICAL_SURFACE('',#3074,1.);
#3074 = AXIS2_PLACEMENT_3D('',#3075,#3076,#3077);
#3075 = CARTESIAN_POINT('',(-21.,4.,47.));
#3076 = DIRECTION('',(0.,1.,0.));
#3077 = DIRECTION('',(-1.,0.,0.));
#3078 = ADVANCED_FACE('',(#3079),#3134,.T.);
#3079 = FACE_BOUND('',#3080,.F.);
#3080 = EDGE_LOOP('',(#3081,#3082,#3090,#3115,#3126,#3133));
#3081 = ORIENTED_EDGE('',*,*,#2471,.F.);
#3082 = ORIENTED_EDGE('',*,*,#3083,.T.);
#3083 = EDGE_CURVE('',#2472,#3084,#3086,.T.);
#3084 = VERTEX_POINT('',#3085);
#3085 = CARTESIAN_POINT('',(21.,49.944310136095,48.));
#3086 = LINE('',#3087,#3088);
#3087 = CARTESIAN_POINT('',(21.,4.,48.));
#3088 = VECTOR('',#3089,1.);
#3089 = DIRECTION('',(0.,1.,0.));
#3090 = ORIENTED_EDGE('',*,*,#3091,.F.);
#3091 = EDGE_CURVE('',#3092,#3084,#3094,.T.);
#3092 = VERTEX_POINT('',#3093);
#3093 = CARTESIAN_POINT('',(21.8,52.040270282612,47.6));
#3094 = B_SPLINE_CURVE_WITH_KNOTS('',7,(#3095,#3096,#3097,#3098,#3099,
    #3100,#3101,#3102,#3103,#3104,#3105,#3106,#3107,#3108,#3109,#3110,
    #3111,#3112,#3113,#3114),.UNSPECIFIED.,.F.,.F.,(8,6,6,8),(0.,
    0.516903683399,0.769453730478,1.),.UNSPECIFIED.);
#3095 = CARTESIAN_POINT('',(21.8,52.040270282612,47.6));
#3096 = CARTESIAN_POINT('',(21.776026793489,51.863694732867,
    47.631964275348));
#3097 = CARTESIAN_POINT('',(21.747692684748,51.68966392557,
    47.666639314998));
#3098 = CARTESIAN_POINT('',(21.714216287774,51.518711832131,
    47.703725767332));
#3099 = CARTESIAN_POINT('',(21.674755339739,51.351363600054,
    47.742634598506));
#3100 = CARTESIAN_POINT('',(21.628463501872,51.188087580989,
    47.782364057207));
#3101 = CARTESIAN_POINT('',(21.574807293146,51.029205790467,
    47.821365436109));
#3102 = CARTESIAN_POINT('',(21.484107825537,50.799475615269,
    47.875696194251));
#3103 = CARTESIAN_POINT('',(21.452600234771,50.725155285966,
    47.892932183026));
#3104 = CARTESIAN_POINT('',(21.419361933883,50.651932661724,
    47.909365892165));
#3105 = CARTESIAN_POINT('',(21.38443389679,50.579805563771,
    47.924778645673));
#3106 = CARTESIAN_POINT('',(21.347892549126,50.508754851424,
    47.938949309568));
#3107 = CARTESIAN_POINT('',(21.309851754069,50.43874565202,
    47.951664678938));
#3108 = CARTESIAN_POINT('',(21.23450948613,50.306724738077,
    47.972830981171));
#3109 = CARTESIAN_POINT('',(21.197431394001,50.24454626674,
    47.981557351367));
#3110 = CARTESIAN_POINT('',(21.159345210697,50.183155264362,
    47.988760755773));
#3111 = CARTESIAN_POINT('',(21.120390631405,50.122501258827,
    47.994307354398));
#3112 = CARTESIAN_POINT('',(21.080728140272,50.06252321974,
    47.998083229309));
#3113 = CARTESIAN_POINT('',(21.040534793093,50.003151559787,
    47.999999926873));
#3114 = CARTESIAN_POINT('',(21.,49.944310136094,48.));
#3115 = ORIENTED_EDGE('',*,*,#3116,.F.);
#3116 = EDGE_CURVE('',#3117,#3092,#3119,.T.);
#3117 = VERTEX_POINT('',#3118);
#3118 = CARTESIAN_POINT('',(21.977260975836,54.,47.212040055434));
#3119 = B_SPLINE_CURVE_WITH_KNOTS('',5,(#3120,#3121,#3122,#3123,#3124,
    #3125),.UNSPECIFIED.,.F.,.F.,(6,6),(0.,1.),
  .PIECEWISE_BEZIER_KNOTS.);
#3120 = CARTESIAN_POINT('',(21.977261003137,54.0000006,47.212039929608)
  );
#3121 = CARTESIAN_POINT('',(21.959426936512,53.608056427879,
    47.294234532632));
#3122 = CARTESIAN_POINT('',(21.932842856526,53.216232977817,
    47.375054884886));
#3123 = CARTESIAN_POINT('',(21.897471949847,52.824270318152,
    47.453652862078));
#3124 = CARTESIAN_POINT('',(21.853209877794,52.432189181868,
    47.529053607129));
#3125 = CARTESIAN_POINT('',(21.79999955,52.040266968118,47.6000006));
#3126 = ORIENTED_EDGE('',*,*,#3127,.F.);
#3127 = EDGE_CURVE('',#2679,#3117,#3128,.T.);
#3128 = CIRCLE('',#3129,1.);
#3129 = AXIS2_PLACEMENT_3D('',#3130,#3131,#3132);
#3130 = CARTESIAN_POINT('',(21.,54.,47.));
#3131 = DIRECTION('',(0.,-1.,0.));
#3132 = DIRECTION('',(1.,0.,0.));
#3133 = ORIENTED_EDGE('',*,*,#2678,.F.);
#3134 = CYLINDRICAL_SURFACE('',#3135,1.);
#3135 = AXIS2_PLACEMENT_3D('',#3136,#3137,#3138);
#3136 = CARTESIAN_POINT('',(21.,4.,47.));
#3137 = DIRECTION('',(0.,1.,0.));
#3138 = DIRECTION('',(1.,0.,0.));
#3139 = ADVANCED_FACE('',(#3140),#3167,.T.);
#3140 = FACE_BOUND('',#3141,.F.);
#3141 = EDGE_LOOP('',(#3142,#3143,#3152,#3160));
#3142 = ORIENTED_EDGE('',*,*,#2529,.F.);
#3143 = ORIENTED_EDGE('',*,*,#3144,.T.);
#3144 = EDGE_CURVE('',#2522,#3145,#3147,.T.);
#3145 = VERTEX_POINT('',#3146);
#3146 = CARTESIAN_POINT('',(-21.98453323422,54.175197918682,37.));
#3147 = CIRCLE('',#3148,1.);
#3148 = AXIS2_PLACEMENT_3D('',#3149,#3150,#3151);
#3149 = CARTESIAN_POINT('',(-21.,54.,37.));
#3150 = DIRECTION('',(0.,0.,-1.));
#3151 = DIRECTION('',(-1.,0.,0.));
#3152 = ORIENTED_EDGE('',*,*,#3153,.T.);
#3153 = EDGE_CURVE('',#3145,#3154,#3156,.T.);
#3154 = VERTEX_POINT('',#3155);
#3155 = CARTESIAN_POINT('',(-21.98453323422,54.175197918682,47.));
#3156 = LINE('',#3157,#3158);
#3157 = CARTESIAN_POINT('',(-21.98453323422,54.175197918682,36.));
#3158 = VECTOR('',#3159,1.);
#3159 = DIRECTION('',(0.,0.,1.));
#3160 = ORIENTED_EDGE('',*,*,#3161,.T.);
#3161 = EDGE_CURVE('',#3154,#2512,#3162,.T.);
#3162 = CIRCLE('',#3163,1.);
#3163 = AXIS2_PLACEMENT_3D('',#3164,#3165,#3166);
#3164 = CARTESIAN_POINT('',(-21.,54.,47.));
#3165 = DIRECTION('',(0.,0.,1.));
#3166 = DIRECTION('',(-1.,0.,0.));
#3167 = CYLINDRICAL_SURFACE('',#3168,1.);
#3168 = AXIS2_PLACEMENT_3D('',#3169,#3170,#3171);
#3169 = CARTESIAN_POINT('',(-21.,54.,36.));
#3170 = DIRECTION('',(0.,0.,1.));
#3171 = DIRECTION('',(-1.,0.,0.));
#3172 = ADVANCED_FACE('',(#3173),#3197,.T.);
#3173 = FACE_BOUND('',#3174,.F.);
#3174 = EDGE_LOOP('',(#3175,#3176,#3196));
#3175 = ORIENTED_EDGE('',*,*,#2594,.F.);
#3176 = ORIENTED_EDGE('',*,*,#3177,.F.);
#3177 = EDGE_CURVE('',#3145,#2584,#3178,.T.);
#3178 = B_SPLINE_CURVE_WITH_KNOTS('',6,(#3179,#3180,#3181,#3182,#3183,
    #3184,#3185,#3186,#3187,#3188,#3189,#3190,#3191,#3192,#3193,#3194,
    #3195),.UNSPECIFIED.,.F.,.F.,(7,5,5,7),(0.,0.433954978314,
    0.630432822902,1.),.UNSPECIFIED.);
#3179 = CARTESIAN_POINT('',(-21.98453323422,54.175197918682,37.));
#3180 = CARTESIAN_POINT('',(-21.98453323422,54.175197918682,
    36.980013487721));
#3181 = CARTESIAN_POINT('',(-21.98444847013,54.17293850808,
    36.960086258976));
#3182 = CARTESIAN_POINT('',(-21.98427981103,54.168443334308,
    36.940367176368));
#3183 = CARTESIAN_POINT('',(-21.98402442351,54.161681826519,
    36.921069037386));
#3184 = CARTESIAN_POINT('',(-21.98367837322,54.152643366938,
    36.902448569081));
#3185 = CARTESIAN_POINT('',(-21.98303666477,54.136214580678,
    36.876814847855));
#3186 = CARTESIAN_POINT('',(-21.98281710178,54.1306301125,
    36.869027551667));
#3187 = CARTESIAN_POINT('',(-21.98257754702,54.124582954609,
    36.861470389042));
#3188 = CARTESIAN_POINT('',(-21.98231759616,54.118077141464,
    36.85417527675));
#3189 = CARTESIAN_POINT('',(-21.9820369314,54.111120294949,
    36.847176695912));
#3190 = CARTESIAN_POINT('',(-21.98116820705,54.089814261356,
    36.827972738668));
#3191 = CARTESIAN_POINT('',(-21.98052669267,54.074340185156,
    36.816601071359));
#3192 = CARTESIAN_POINT('',(-21.97981036236,54.057400260374,
    36.806660670029));
#3193 = CARTESIAN_POINT('',(-21.97902152403,54.039168284942,
    36.798418924191));
#3194 = CARTESIAN_POINT('',(-21.97816650343,54.019901016345,
    36.792133386148));
#3195 = CARTESIAN_POINT('',(-21.97726097583,54.,36.787959944566));
#3196 = ORIENTED_EDGE('',*,*,#3144,.F.);
#3197 = SPHERICAL_SURFACE('',#3198,1.);
#3198 = AXIS2_PLACEMENT_3D('',#3199,#3200,#3201);
#3199 = CARTESIAN_POINT('',(-21.,54.,37.));
#3200 = DIRECTION('',(0.,0.,1.));
#3201 = DIRECTION('',(-1.,0.,0.));
#3202 = ADVANCED_FACE('',(#3203),#3231,.T.);
#3203 = FACE_BOUND('',#3204,.F.);
#3204 = EDGE_LOOP('',(#3205,#3216,#3223,#3224));
#3205 = ORIENTED_EDGE('',*,*,#3206,.F.);
#3206 = EDGE_CURVE('',#3207,#3209,#3211,.T.);
#3207 = VERTEX_POINT('',#3208);
#3208 = CARTESIAN_POINT('',(22.,55.,36.4));
#3209 = VERTEX_POINT('',#3210);
#3210 = CARTESIAN_POINT('',(21.6,55.,36.));
#3211 = CIRCLE('',#3212,0.4);
#3212 = AXIS2_PLACEMENT_3D('',#3213,#3214,#3215);
#3213 = CARTESIAN_POINT('',(21.6,55.,36.4));
#3214 = DIRECTION('',(-0.,1.,0.));
#3215 = DIRECTION('',(1.,0.,0.));
#3216 = ORIENTED_EDGE('',*,*,#3217,.T.);
#3217 = EDGE_CURVE('',#3207,#2553,#3218,.T.);
#3218 = CIRCLE('',#3219,22.);
#3219 = AXIS2_PLACEMENT_3D('',#3220,#3221,#3222);
#3220 = CARTESIAN_POINT('',(0.,55.,36.4));
#3221 = DIRECTION('',(0.,0.,1.));
#3222 = DIRECTION('',(1.,0.,0.));
#3223 = ORIENTED_EDGE('',*,*,#2552,.T.);
#3224 = ORIENTED_EDGE('',*,*,#3225,.F.);
#3225 = EDGE_CURVE('',#3209,#2545,#3226,.T.);
#3226 = CIRCLE('',#3227,21.6);
#3227 = AXIS2_PLACEMENT_3D('',#3228,#3229,#3230);
#3228 = CARTESIAN_POINT('',(0.,55.,36.));
#3229 = DIRECTION('',(0.,0.,1.));
#3230 = DIRECTION('',(1.,0.,0.));
#3231 = TOROIDAL_SURFACE('',#3232,21.6,0.4);
#3232 = AXIS2_PLACEMENT_3D('',#3233,#3234,#3235);
#3233 = CARTESIAN_POINT('',(0.,55.,36.4));
#3234 = DIRECTION('',(-0.,-0.,-1.));
#3235 = DIRECTION('',(1.,0.,0.));
#3236 = ADVANCED_FACE('',(#3237),#3269,.T.);
#3237 = FACE_BOUND('',#3238,.T.);
#3238 = EDGE_LOOP('',(#3239,#3240,#3262));
#3239 = ORIENTED_EDGE('',*,*,#2663,.F.);
#3240 = ORIENTED_EDGE('',*,*,#3241,.T.);
#3241 = EDGE_CURVE('',#2653,#3242,#3244,.T.);
#3242 = VERTEX_POINT('',#3243);
#3243 = CARTESIAN_POINT('',(21.984533234223,54.175197918682,37.));
#3244 = B_SPLINE_CURVE_WITH_KNOTS('',6,(#3245,#3246,#3247,#3248,#3249,
    #3250,#3251,#3252,#3253,#3254,#3255,#3256,#3257,#3258,#3259,#3260,
    #3261),.UNSPECIFIED.,.F.,.F.,(7,5,5,7),(0.,0.366612461116,
    0.556693158311,1.),.UNSPECIFIED.);
#3245 = CARTESIAN_POINT('',(21.977260975836,54.,36.787959944566));
#3246 = CARTESIAN_POINT('',(21.978159440037,54.019745782215,
    36.792100832003));
#3247 = CARTESIAN_POINT('',(21.979008185434,54.038867737878,
    36.798321004504));
#3248 = CARTESIAN_POINT('',(21.979791897801,54.056973588165,
    36.806468240643));
#3249 = CARTESIAN_POINT('',(21.980504326629,54.073811422589,
    36.816291666445));
#3250 = CARTESIAN_POINT('',(21.981143149566,54.089210056655,
    36.827530292977));
#3251 = CARTESIAN_POINT('',(21.982002042707,54.110259623487,
    36.846351550895));
#3252 = CARTESIAN_POINT('',(21.982275756591,54.117036980543,
    36.85309162755));
#3253 = CARTESIAN_POINT('',(21.982530054428,54.123392873689,
    36.860112388328));
#3254 = CARTESIAN_POINT('',(21.982765214726,54.129320078564,
    36.867382412462));
#3255 = CARTESIAN_POINT('',(21.982981597248,54.134814621653,
    36.874872525514));
#3256 = CARTESIAN_POINT('',(21.983641321161,54.151675920465,
    36.900477153451));
#3257 = CARTESIAN_POINT('',(21.98400266724,54.161105842457,
    36.919439703494));
#3258 = CARTESIAN_POINT('',(21.984269294948,54.16816289947,
    36.939131607011));
#3259 = CARTESIAN_POINT('',(21.984445187148,54.172851061529,
    36.959276370735));
#3260 = CARTESIAN_POINT('',(21.984533234223,54.175197918682,
    36.979631294689));
#3261 = CARTESIAN_POINT('',(21.984533234223,54.175197918682,37.));
#3262 = ORIENTED_EDGE('',*,*,#3263,.F.);
#3263 = EDGE_CURVE('',#2611,#3242,#3264,.T.);
#3264 = CIRCLE('',#3265,1.);
#3265 = AXIS2_PLACEMENT_3D('',#3266,#3267,#3268);
#3266 = CARTESIAN_POINT('',(21.,54.,37.));
#3267 = DIRECTION('',(0.,0.,1.));
#3268 = DIRECTION('',(1.,0.,0.));
#3269 = SPHERICAL_SURFACE('',#3270,1.);
#3270 = AXIS2_PLACEMENT_3D('',#3271,#3272,#3273);
#3271 = CARTESIAN_POINT('',(21.,54.,37.));
#3272 = DIRECTION('',(0.,0.,1.));
#3273 = DIRECTION('',(1.,0.,0.));
#3274 = ADVANCED_FACE('',(#3275),#3293,.T.);
#3275 = FACE_BOUND('',#3276,.F.);
#3276 = EDGE_LOOP('',(#3277,#3284,#3285,#3292));
#3277 = ORIENTED_EDGE('',*,*,#3278,.T.);
#3278 = EDGE_CURVE('',#2628,#3207,#3279,.T.);
#3279 = CIRCLE('',#3280,22.);
#3280 = AXIS2_PLACEMENT_3D('',#3281,#3282,#3283);
#3281 = CARTESIAN_POINT('',(0.,55.,36.4));
#3282 = DIRECTION('',(0.,0.,1.));
#3283 = DIRECTION('',(1.,0.,0.));
#3284 = ORIENTED_EDGE('',*,*,#3206,.T.);
#3285 = ORIENTED_EDGE('',*,*,#3286,.F.);
#3286 = EDGE_CURVE('',#2620,#3209,#3287,.T.);
#3287 = CIRCLE('',#3288,21.6);
#3288 = AXIS2_PLACEMENT_3D('',#3289,#3290,#3291);
#3289 = CARTESIAN_POINT('',(0.,55.,36.));
#3290 = DIRECTION('',(0.,0.,1.));
#3291 = DIRECTION('',(1.,0.,0.));
#3292 = ORIENTED_EDGE('',*,*,#2627,.F.);
#3293 = TOROIDAL_SURFACE('',#3294,21.6,0.4);
#3294 = AXIS2_PLACEMENT_3D('',#3295,#3296,#3297);
#3295 = CARTESIAN_POINT('',(0.,55.,36.4));
#3296 = DIRECTION('',(-0.,-0.,-1.));
#3297 = DIRECTION('',(1.,0.,0.));
#3298 = ADVANCED_FACE('',(#3299),#3318,.T.);
#3299 = FACE_BOUND('',#3300,.T.);
#3300 = EDGE_LOOP('',(#3301,#3302,#3303,#3311));
#3301 = ORIENTED_EDGE('',*,*,#2689,.F.);
#3302 = ORIENTED_EDGE('',*,*,#3263,.T.);
#3303 = ORIENTED_EDGE('',*,*,#3304,.T.);
#3304 = EDGE_CURVE('',#3242,#3305,#3307,.T.);
#3305 = VERTEX_POINT('',#3306);
#3306 = CARTESIAN_POINT('',(21.984533234223,54.175197918682,47.));
#3307 = LINE('',#3308,#3309);
#3308 = CARTESIAN_POINT('',(21.984533234223,54.175197918682,36.));
#3309 = VECTOR('',#3310,1.);
#3310 = DIRECTION('',(0.,0.,1.));
#3311 = ORIENTED_EDGE('',*,*,#3312,.T.);
#3312 = EDGE_CURVE('',#3305,#2679,#3313,.T.);
#3313 = CIRCLE('',#3314,1.);
#3314 = AXIS2_PLACEMENT_3D('',#3315,#3316,#3317);
#3315 = CARTESIAN_POINT('',(21.,54.,47.));
#3316 = DIRECTION('',(0.,0.,-1.));
#3317 = DIRECTION('',(1.,0.,0.));
#3318 = CYLINDRICAL_SURFACE('',#3319,1.);
#3319 = AXIS2_PLACEMENT_3D('',#3320,#3321,#3322);
#3320 = CARTESIAN_POINT('',(21.,54.,36.));
#3321 = DIRECTION('',(0.,0.,1.));
#3322 = DIRECTION('',(1.,0.,0.));
#3323 = ADVANCED_FACE('',(#3324),#3348,.T.);
#3324 = FACE_BOUND('',#3325,.F.);
#3325 = EDGE_LOOP('',(#3326,#3327,#3347));
#3326 = ORIENTED_EDGE('',*,*,#2949,.F.);
#3327 = ORIENTED_EDGE('',*,*,#3328,.F.);
#3328 = EDGE_CURVE('',#2967,#2939,#3329,.T.);
#3329 = B_SPLINE_CURVE_WITH_KNOTS('',6,(#3330,#3331,#3332,#3333,#3334,
    #3335,#3336,#3337,#3338,#3339,#3340,#3341,#3342,#3343,#3344,#3345,
    #3346),.UNSPECIFIED.,.F.,.F.,(7,5,5,7),(0.,0.433954978314,
    0.630432822902,1.),.UNSPECIFIED.);
#3330 = CARTESIAN_POINT('',(-21.98453323422,54.175197918682,1.));
#3331 = CARTESIAN_POINT('',(-21.98453323422,54.175197918682,
    0.980013487721));
#3332 = CARTESIAN_POINT('',(-21.98444847013,54.17293850808,
    0.960086258976));
#3333 = CARTESIAN_POINT('',(-21.98427981103,54.168443334308,
    0.940367176368));
#3334 = CARTESIAN_POINT('',(-21.98402442351,54.161681826519,
    0.921069037386));
#3335 = CARTESIAN_POINT('',(-21.98367837322,54.152643366938,
    0.902448569081));
#3336 = CARTESIAN_POINT('',(-21.98303666477,54.136214580678,
    0.876814847855));
#3337 = CARTESIAN_POINT('',(-21.98281710178,54.1306301125,0.869027551667
    ));
#3338 = CARTESIAN_POINT('',(-21.98257754702,54.124582954609,
    0.861470389042));
#3339 = CARTESIAN_POINT('',(-21.98231759616,54.118077141464,
    0.85417527675));
#3340 = CARTESIAN_POINT('',(-21.9820369314,54.111120294949,
    0.847176695912));
#3341 = CARTESIAN_POINT('',(-21.98116820705,54.089814261356,
    0.827972738669));
#3342 = CARTESIAN_POINT('',(-21.98052669267,54.074340185156,
    0.816601071359));
#3343 = CARTESIAN_POINT('',(-21.97981036236,54.057400260374,
    0.806660670029));
#3344 = CARTESIAN_POINT('',(-21.97902152403,54.039168284942,
    0.798418924191));
#3345 = CARTESIAN_POINT('',(-21.97816650343,54.019901016345,
    0.792133386148));
#3346 = CARTESIAN_POINT('',(-21.97726097583,54.,0.787959944566));
#3347 = ORIENTED_EDGE('',*,*,#2966,.F.);
#3348 = SPHERICAL_SURFACE('',#3349,1.);
#3349 = AXIS2_PLACEMENT_3D('',#3350,#3351,#3352);
#3350 = CARTESIAN_POINT('',(-21.,54.,1.));
#3351 = DIRECTION('',(0.,0.,1.));
#3352 = DIRECTION('',(-1.,0.,0.));
#3353 = ADVANCED_FACE('',(#3354),#3382,.T.);
#3354 = FACE_BOUND('',#3355,.F.);
#3355 = EDGE_LOOP('',(#3356,#3365,#3374,#3381));
#3356 = ORIENTED_EDGE('',*,*,#3357,.F.);
#3357 = EDGE_CURVE('',#3358,#2900,#3360,.T.);
#3358 = VERTEX_POINT('',#3359);
#3359 = CARTESIAN_POINT('',(21.6,55.,0.));
#3360 = CIRCLE('',#3361,21.6);
#3361 = AXIS2_PLACEMENT_3D('',#3362,#3363,#3364);
#3362 = CARTESIAN_POINT('',(0.,55.,0.));
#3363 = DIRECTION('',(0.,0.,1.));
#3364 = DIRECTION('',(1.,0.,0.));
#3365 = ORIENTED_EDGE('',*,*,#3366,.F.);
#3366 = EDGE_CURVE('',#3367,#3358,#3369,.T.);
#3367 = VERTEX_POINT('',#3368);
#3368 = CARTESIAN_POINT('',(22.,55.,0.4));
#3369 = CIRCLE('',#3370,0.4);
#3370 = AXIS2_PLACEMENT_3D('',#3371,#3372,#3373);
#3371 = CARTESIAN_POINT('',(21.6,55.,0.4));
#3372 = DIRECTION('',(-0.,1.,0.));
#3373 = DIRECTION('',(1.,0.,0.));
#3374 = ORIENTED_EDGE('',*,*,#3375,.T.);
#3375 = EDGE_CURVE('',#3367,#2908,#3376,.T.);
#3376 = CIRCLE('',#3377,22.);
#3377 = AXIS2_PLACEMENT_3D('',#3378,#3379,#3380);
#3378 = CARTESIAN_POINT('',(0.,55.,0.4));
#3379 = DIRECTION('',(0.,0.,1.));
#3380 = DIRECTION('',(1.,0.,0.));
#3381 = ORIENTED_EDGE('',*,*,#2907,.T.);
#3382 = TOROIDAL_SURFACE('',#3383,21.6,0.4);
#3383 = AXIS2_PLACEMENT_3D('',#3384,#3385,#3386);
#3384 = CARTESIAN_POINT('',(0.,55.,0.4));
#3385 = DIRECTION('',(-0.,-0.,-1.));
#3386 = DIRECTION('',(1.,0.,0.));
#3387 = ADVANCED_FACE('',(#3388),#3406,.T.);
#3388 = FACE_BOUND('',#3389,.F.);
#3389 = EDGE_LOOP('',(#3390,#3397,#3398,#3405));
#3390 = ORIENTED_EDGE('',*,*,#3391,.T.);
#3391 = EDGE_CURVE('',#2848,#3367,#3392,.T.);
#3392 = CIRCLE('',#3393,22.);
#3393 = AXIS2_PLACEMENT_3D('',#3394,#3395,#3396);
#3394 = CARTESIAN_POINT('',(0.,55.,0.4));
#3395 = DIRECTION('',(0.,0.,1.));
#3396 = DIRECTION('',(1.,0.,0.));
#3397 = ORIENTED_EDGE('',*,*,#3366,.T.);
#3398 = ORIENTED_EDGE('',*,*,#3399,.F.);
#3399 = EDGE_CURVE('',#2840,#3358,#3400,.T.);
#3400 = CIRCLE('',#3401,21.6);
#3401 = AXIS2_PLACEMENT_3D('',#3402,#3403,#3404);
#3402 = CARTESIAN_POINT('',(0.,55.,0.));
#3403 = DIRECTION('',(0.,0.,1.));
#3404 = DIRECTION('',(1.,0.,0.));
#3405 = ORIENTED_EDGE('',*,*,#2847,.F.);
#3406 = TOROIDAL_SURFACE('',#3407,21.6,0.4);
#3407 = AXIS2_PLACEMENT_3D('',#3408,#3409,#3410);
#3408 = CARTESIAN_POINT('',(0.,55.,0.4));
#3409 = DIRECTION('',(-0.,-0.,-1.));
#3410 = DIRECTION('',(1.,0.,0.));
#3411 = ADVANCED_FACE('',(#3412),#3436,.T.);
#3412 = FACE_BOUND('',#3413,.T.);
#3413 = EDGE_LOOP('',(#3414,#3415,#3435));
#3414 = ORIENTED_EDGE('',*,*,#2883,.F.);
#3415 = ORIENTED_EDGE('',*,*,#3416,.T.);
#3416 = EDGE_CURVE('',#2873,#2992,#3417,.T.);
#3417 = B_SPLINE_CURVE_WITH_KNOTS('',6,(#3418,#3419,#3420,#3421,#3422,
    #3423,#3424,#3425,#3426,#3427,#3428,#3429,#3430,#3431,#3432,#3433,
    #3434),.UNSPECIFIED.,.F.,.F.,(7,5,5,7),(0.,0.366612461115,
    0.55669315831,1.),.UNSPECIFIED.);
#3418 = CARTESIAN_POINT('',(21.977260975836,54.,0.787959944566));
#3419 = CARTESIAN_POINT('',(21.978159440037,54.019745782215,
    0.792100832003));
#3420 = CARTESIAN_POINT('',(21.979008185434,54.038867737878,
    0.798321004504));
#3421 = CARTESIAN_POINT('',(21.979791897801,54.056973588165,
    0.806468240643));
#3422 = CARTESIAN_POINT('',(21.980504326629,54.073811422589,
    0.816291666445));
#3423 = CARTESIAN_POINT('',(21.981143149566,54.089210056655,
    0.827530292977));
#3424 = CARTESIAN_POINT('',(21.982002042707,54.110259623487,
    0.846351550895));
#3425 = CARTESIAN_POINT('',(21.982275756591,54.117036980543,
    0.85309162755));
#3426 = CARTESIAN_POINT('',(21.982530054428,54.123392873689,
    0.860112388328));
#3427 = CARTESIAN_POINT('',(21.982765214726,54.129320078564,
    0.867382412462));
#3428 = CARTESIAN_POINT('',(21.982981597248,54.134814621653,
    0.874872525514));
#3429 = CARTESIAN_POINT('',(21.983641321161,54.151675920465,
    0.900477153451));
#3430 = CARTESIAN_POINT('',(21.98400266724,54.161105842457,
    0.919439703494));
#3431 = CARTESIAN_POINT('',(21.984269294948,54.16816289947,
    0.939131607011));
#3432 = CARTESIAN_POINT('',(21.984445187148,54.172851061529,
    0.959276370735));
#3433 = CARTESIAN_POINT('',(21.984533234223,54.175197918682,
    0.979631294689));
#3434 = CARTESIAN_POINT('',(21.984533234223,54.175197918682,1.));
#3435 = ORIENTED_EDGE('',*,*,#2991,.F.);
#3436 = SPHERICAL_SURFACE('',#3437,1.);
#3437 = AXIS2_PLACEMENT_3D('',#3438,#3439,#3440);
#3438 = CARTESIAN_POINT('',(21.,54.,1.));
#3439 = DIRECTION('',(0.,0.,1.));
#3440 = DIRECTION('',(1.,0.,0.));
#3441 = ADVANCED_FACE('',(#3442),#3466,.T.);
#3442 = FACE_BOUND('',#3443,.F.);
#3443 = EDGE_LOOP('',(#3444,#3445,#3465));
#3444 = ORIENTED_EDGE('',*,*,#3161,.F.);
#3445 = ORIENTED_EDGE('',*,*,#3446,.F.);
#3446 = EDGE_CURVE('',#3057,#3154,#3447,.T.);
#3447 = B_SPLINE_CURVE_WITH_KNOTS('',6,(#3448,#3449,#3450,#3451,#3452,
    #3453,#3454,#3455,#3456,#3457,#3458,#3459,#3460,#3461,#3462,#3463,
    #3464),.UNSPECIFIED.,.F.,.F.,(7,5,5,7),(0.,0.347319315744,
    0.537411826242,1.),.UNSPECIFIED.);
#3448 = CARTESIAN_POINT('',(-21.97726097583,54.,47.212040055433));
#3449 = CARTESIAN_POINT('',(-21.97812097085,54.018900334934,
    47.208076466723));
#3450 = CARTESIAN_POINT('',(-21.97893432764,54.03720524604,
    47.202212913481));
#3451 = CARTESIAN_POINT('',(-21.97968748127,54.054565784498,
    47.194593118251));
#3452 = CARTESIAN_POINT('',(-21.98037488077,54.070758918588,
    47.185447993566));
#3453 = CARTESIAN_POINT('',(-21.98099476688,54.085641518324,
    47.17501265547));
#3454 = CARTESIAN_POINT('',(-21.98185041982,54.106519865208,
    47.157218065131));
#3455 = CARTESIAN_POINT('',(-21.98213314467,54.113491270136,
    47.150602560709));
#3456 = CARTESIAN_POINT('',(-21.98239610759,54.120037915551,
    47.143700159782));
#3457 = CARTESIAN_POINT('',(-21.98263963607,54.126153303859,
    47.136543309807));
#3458 = CARTESIAN_POINT('',(-21.98286414349,54.13183434227,
    47.129161875962));
#3459 = CARTESIAN_POINT('',(-21.98357115958,54.149845729855,
    47.103137971839));
#3460 = CARTESIAN_POINT('',(-21.983961754,54.160023180135,
    47.083536524574));
#3461 = CARTESIAN_POINT('',(-21.98424916438,54.167626359085,
    47.063137701466));
#3462 = CARTESIAN_POINT('',(-21.98443847807,54.172672231187,
    47.042247795894));
#3463 = CARTESIAN_POINT('',(-21.98453323422,54.175197918682,
    47.021130459825));
#3464 = CARTESIAN_POINT('',(-21.98453323422,54.175197918682,47.));
#3465 = ORIENTED_EDGE('',*,*,#3067,.F.);
#3466 = SPHERICAL_SURFACE('',#3467,1.);
#3467 = AXIS2_PLACEMENT_3D('',#3468,#3469,#3470);
#3468 = CARTESIAN_POINT('',(-21.,54.,47.));
#3469 = DIRECTION('',(0.,-1.,0.));
#3470 = DIRECTION('',(-1.,0.,0.));
#3471 = ADVANCED_FACE('',(#3472),#3500,.T.);
#3472 = FACE_BOUND('',#3473,.T.);
#3473 = EDGE_LOOP('',(#3474,#3485,#3492,#3493));
#3474 = ORIENTED_EDGE('',*,*,#3475,.F.);
#3475 = EDGE_CURVE('',#3476,#3478,#3480,.T.);
#3476 = VERTEX_POINT('',#3477);
#3477 = CARTESIAN_POINT('',(22.,55.,47.6));
#3478 = VERTEX_POINT('',#3479);
#3479 = CARTESIAN_POINT('',(21.6,55.,48.));
#3480 = CIRCLE('',#3481,0.4);
#3481 = AXIS2_PLACEMENT_3D('',#3482,#3483,#3484);
#3482 = CARTESIAN_POINT('',(21.6,55.,47.6));
#3483 = DIRECTION('',(0.,-1.,0.));
#3484 = DIRECTION('',(1.,0.,0.));
#3485 = ORIENTED_EDGE('',*,*,#3486,.T.);
#3486 = EDGE_CURVE('',#3476,#3026,#3487,.T.);
#3487 = CIRCLE('',#3488,22.);
#3488 = AXIS2_PLACEMENT_3D('',#3489,#3490,#3491);
#3489 = CARTESIAN_POINT('',(0.,55.,47.6));
#3490 = DIRECTION('',(0.,0.,1.));
#3491 = DIRECTION('',(1.,0.,0.));
#3492 = ORIENTED_EDGE('',*,*,#3025,.T.);
#3493 = ORIENTED_EDGE('',*,*,#3494,.F.);
#3494 = EDGE_CURVE('',#3478,#3018,#3495,.T.);
#3495 = CIRCLE('',#3496,21.6);
#3496 = AXIS2_PLACEMENT_3D('',#3497,#3498,#3499);
#3497 = CARTESIAN_POINT('',(0.,55.,48.));
#3498 = DIRECTION('',(0.,0.,1.));
#3499 = DIRECTION('',(1.,0.,0.));
#3500 = TOROIDAL_SURFACE('',#3501,21.6,0.4);
#3501 = AXIS2_PLACEMENT_3D('',#3502,#3503,#3504);
#3502 = CARTESIAN_POINT('',(0.,55.,47.6));
#3503 = DIRECTION('',(0.,0.,1.));
#3504 = DIRECTION('',(1.,0.,0.));
#3505 = ADVANCED_FACE('',(#3506),#3530,.T.);
#3506 = FACE_BOUND('',#3507,.T.);
#3507 = EDGE_LOOP('',(#3508,#3509,#3529));
#3508 = ORIENTED_EDGE('',*,*,#3312,.F.);
#3509 = ORIENTED_EDGE('',*,*,#3510,.T.);
#3510 = EDGE_CURVE('',#3305,#3117,#3511,.T.);
#3511 = B_SPLINE_CURVE_WITH_KNOTS('',6,(#3512,#3513,#3514,#3515,#3516,
    #3517,#3518,#3519,#3520,#3521,#3522,#3523,#3524,#3525,#3526,#3527,
    #3528),.UNSPECIFIED.,.F.,.F.,(7,5,5,7),(0.,0.455393093873,
    0.649477516448,1.),.UNSPECIFIED.);
#3512 = CARTESIAN_POINT('',(21.984533234223,54.175197918682,47.));
#3513 = CARTESIAN_POINT('',(21.984533234223,54.175197918682,
    47.020823331757));
#3514 = CARTESIAN_POINT('',(21.984441218386,54.172745238009,
    47.041610718599));
#3515 = CARTESIAN_POINT('',(21.984257726863,54.167854674452,
    47.062177591071));
#3516 = CARTESIAN_POINT('',(21.983979307968,54.16048759735,
    47.082279828509));
#3517 = CARTESIAN_POINT('',(21.983600981387,54.150623087574,
    47.101626178466));
#3518 = CARTESIAN_POINT('',(21.98290941742,54.132981325859,
    47.127645352562));
#3519 = CARTESIAN_POINT('',(21.982683448423,54.127255641043,
    47.135218531114));
#3520 = CARTESIAN_POINT('',(21.98243771133,54.121076906584,
    47.142561577117));
#3521 = CARTESIAN_POINT('',(21.982171760485,54.114448127546,
    47.149642973819));
#3522 = CARTESIAN_POINT('',(21.981885238396,54.107375906255,
    47.156428392233));
#3523 = CARTESIAN_POINT('',(21.981022975564,54.086319020496,
    47.174535834942));
#3524 = CARTESIAN_POINT('',(21.980399920164,54.071348966317,
    47.185113621697));
#3525 = CARTESIAN_POINT('',(21.979708075414,54.055040602684,
    47.194384183594));
#3526 = CARTESIAN_POINT('',(21.978949166288,54.03753924218,
    47.20210569695));
#3527 = CARTESIAN_POINT('',(21.978128827064,54.019072992919,
    47.208040258622));
#3528 = CARTESIAN_POINT('',(21.977260975836,54.,47.212040055434));
#3529 = ORIENTED_EDGE('',*,*,#3127,.F.);
#3530 = SPHERICAL_SURFACE('',#3531,1.);
#3531 = AXIS2_PLACEMENT_3D('',#3532,#3533,#3534);
#3532 = CARTESIAN_POINT('',(21.,54.,47.));
#3533 = DIRECTION('',(0.,-1.,0.));
#3534 = DIRECTION('',(1.,0.,0.));
#3535 = ADVANCED_FACE('',(#3536),#3554,.T.);
#3536 = FACE_BOUND('',#3537,.T.);
#3537 = EDGE_LOOP('',(#3538,#3545,#3546,#3553));
#3538 = ORIENTED_EDGE('',*,*,#3539,.T.);
#3539 = EDGE_CURVE('',#3092,#3476,#3540,.T.);
#3540 = CIRCLE('',#3541,22.);
#3541 = AXIS2_PLACEMENT_3D('',#3542,#3543,#3544);
#3542 = CARTESIAN_POINT('',(0.,55.,47.6));
#3543 = DIRECTION('',(0.,0.,1.));
#3544 = DIRECTION('',(1.,0.,0.));
#3545 = ORIENTED_EDGE('',*,*,#3475,.T.);
#3546 = ORIENTED_EDGE('',*,*,#3547,.F.);
#3547 = EDGE_CURVE('',#3084,#3478,#3548,.T.);
#3548 = CIRCLE('',#3549,21.6);
#3549 = AXIS2_PLACEMENT_3D('',#3550,#3551,#3552);
#3550 = CARTESIAN_POINT('',(0.,55.,48.));
#3551 = DIRECTION('',(0.,0.,1.));
#3552 = DIRECTION('',(1.,0.,0.));
#3553 = ORIENTED_EDGE('',*,*,#3091,.F.);
#3554 = TOROIDAL_SURFACE('',#3555,21.6,0.4);
#3555 = AXIS2_PLACEMENT_3D('',#3556,#3557,#3558);
#3556 = CARTESIAN_POINT('',(0.,55.,47.6));
#3557 = DIRECTION('',(0.,0.,1.));
#3558 = DIRECTION('',(1.,0.,0.));
#3559 = ADVANCED_FACE('',(#3560,#3571),#3600,.T.);
#3560 = FACE_BOUND('',#3561,.T.);
#3561 = EDGE_LOOP('',(#3562,#3563,#3564,#3565,#3566,#3567,#3568,#3569,
    #3570));
#3562 = ORIENTED_EDGE('',*,*,#610,.T.);
#3563 = ORIENTED_EDGE('',*,*,#1165,.T.);
#3564 = ORIENTED_EDGE('',*,*,#61,.F.);
#3565 = ORIENTED_EDGE('',*,*,#2288,.T.);
#3566 = ORIENTED_EDGE('',*,*,#2821,.T.);
#3567 = ORIENTED_EDGE('',*,*,#2760,.T.);
#3568 = ORIENTED_EDGE('',*,*,#2222,.F.);
#3569 = ORIENTED_EDGE('',*,*,#128,.F.);
#3570 = ORIENTED_EDGE('',*,*,#1143,.F.);
#3571 = FACE_BOUND('',#3572,.T.);
#3572 = EDGE_LOOP('',(#3573,#3584,#3593));
#3573 = ORIENTED_EDGE('',*,*,#3574,.F.);
#3574 = EDGE_CURVE('',#3575,#3577,#3579,.T.);
#3575 = VERTEX_POINT('',#3576);
#3576 = CARTESIAN_POINT('',(-2.454078238362,54.,12.));
#3577 = VERTEX_POINT('',#3578);
#3578 = CARTESIAN_POINT('',(2.454078238362,54.,12.));
#3579 = CIRCLE('',#3580,2.65);
#3580 = AXIS2_PLACEMENT_3D('',#3581,#3582,#3583);
#3581 = CARTESIAN_POINT('',(0.,55.,12.));
#3582 = DIRECTION('',(0.,0.,1.));
#3583 = DIRECTION('',(1.,0.,0.));
#3584 = ORIENTED_EDGE('',*,*,#3585,.F.);
#3585 = EDGE_CURVE('',#3586,#3575,#3588,.T.);
#3586 = VERTEX_POINT('',#3587);
#3587 = CARTESIAN_POINT('',(2.65,55.,12.));
#3588 = CIRCLE('',#3589,2.65);
#3589 = AXIS2_PLACEMENT_3D('',#3590,#3591,#3592);
#3590 = CARTESIAN_POINT('',(0.,55.,12.));
#3591 = DIRECTION('',(0.,0.,1.));
#3592 = DIRECTION('',(1.,0.,0.));
#3593 = ORIENTED_EDGE('',*,*,#3594,.F.);
#3594 = EDGE_CURVE('',#3577,#3586,#3595,.T.);
#3595 = CIRCLE('',#3596,2.65);
#3596 = AXIS2_PLACEMENT_3D('',#3597,#3598,#3599);
#3597 = CARTESIAN_POINT('',(0.,55.,12.));
#3598 = DIRECTION('',(0.,0.,1.));
#3599 = DIRECTION('',(1.,0.,0.));
#3600 = PLANE('',#3601);
#3601 = AXIS2_PLACEMENT_3D('',#3602,#3603,#3604);
#3602 = CARTESIAN_POINT('',(7.903750133571E-02,36.691800372935,12.));
#3603 = DIRECTION('',(0.,0.,1.));
#3604 = DIRECTION('',(1.,0.,0.));
#3605 = ADVANCED_FACE('',(#3606),#3645,.F.);
#3606 = FACE_BOUND('',#3607,.F.);
#3607 = EDGE_LOOP('',(#3608,#3609,#3617,#3626,#3635,#3642,#3643,#3644));
#3608 = ORIENTED_EDGE('',*,*,#3585,.F.);
#3609 = ORIENTED_EDGE('',*,*,#3610,.F.);
#3610 = EDGE_CURVE('',#3611,#3586,#3613,.T.);
#3611 = VERTEX_POINT('',#3612);
#3612 = CARTESIAN_POINT('',(2.65,55.,0.));
#3613 = LINE('',#3614,#3615);
#3614 = CARTESIAN_POINT('',(2.65,55.,-2.));
#3615 = VECTOR('',#3616,1.);
#3616 = DIRECTION('',(0.,0.,1.));
#3617 = ORIENTED_EDGE('',*,*,#3618,.T.);
#3618 = EDGE_CURVE('',#3611,#3619,#3621,.T.);
#3619 = VERTEX_POINT('',#3620);
#3620 = CARTESIAN_POINT('',(-2.454078238362,54.,-2.22044604925E-16));
#3621 = CIRCLE('',#3622,2.65);
#3622 = AXIS2_PLACEMENT_3D('',#3623,#3624,#3625);
#3623 = CARTESIAN_POINT('',(0.,55.,0.));
#3624 = DIRECTION('',(0.,0.,1.));
#3625 = DIRECTION('',(1.,0.,0.));
#3626 = ORIENTED_EDGE('',*,*,#3627,.T.);
#3627 = EDGE_CURVE('',#3619,#3628,#3630,.T.);
#3628 = VERTEX_POINT('',#3629);
#3629 = CARTESIAN_POINT('',(2.454078238362,54.,-2.22044604925E-16));
#3630 = CIRCLE('',#3631,2.65);
#3631 = AXIS2_PLACEMENT_3D('',#3632,#3633,#3634);
#3632 = CARTESIAN_POINT('',(0.,55.,0.));
#3633 = DIRECTION('',(0.,0.,1.));
#3634 = DIRECTION('',(1.,0.,0.));
#3635 = ORIENTED_EDGE('',*,*,#3636,.T.);
#3636 = EDGE_CURVE('',#3628,#3611,#3637,.T.);
#3637 = CIRCLE('',#3638,2.65);
#3638 = AXIS2_PLACEMENT_3D('',#3639,#3640,#3641);
#3639 = CARTESIAN_POINT('',(0.,55.,0.));
#3640 = DIRECTION('',(0.,0.,1.));
#3641 = DIRECTION('',(1.,0.,0.));
#3642 = ORIENTED_EDGE('',*,*,#3610,.T.);
#3643 = ORIENTED_EDGE('',*,*,#3594,.F.);
#3644 = ORIENTED_EDGE('',*,*,#3574,.F.);
#3645 = CYLINDRICAL_SURFACE('',#3646,2.65);
#3646 = AXIS2_PLACEMENT_3D('',#3647,#3648,#3649);
#3647 = CARTESIAN_POINT('',(0.,55.,-2.));
#3648 = DIRECTION('',(0.,0.,1.));
#3649 = DIRECTION('',(1.,0.,0.));
#3650 = ADVANCED_FACE('',(#3651,#3662),#3691,.T.);
#3651 = FACE_BOUND('',#3652,.T.);
#3652 = EDGE_LOOP('',(#3653,#3654,#3655,#3656,#3657,#3658,#3659,#3660,
    #3661));
#3653 = ORIENTED_EDGE('',*,*,#1428,.T.);
#3654 = ORIENTED_EDGE('',*,*,#1965,.T.);
#3655 = ORIENTED_EDGE('',*,*,#2544,.T.);
#3656 = ORIENTED_EDGE('',*,*,#3225,.F.);
#3657 = ORIENTED_EDGE('',*,*,#3286,.F.);
#3658 = ORIENTED_EDGE('',*,*,#2619,.F.);
#3659 = ORIENTED_EDGE('',*,*,#2107,.T.);
#3660 = ORIENTED_EDGE('',*,*,#1509,.F.);
#3661 = ORIENTED_EDGE('',*,*,#734,.F.);
#3662 = FACE_BOUND('',#3663,.T.);
#3663 = EDGE_LOOP('',(#3664,#3675,#3684));
#3664 = ORIENTED_EDGE('',*,*,#3665,.T.);
#3665 = EDGE_CURVE('',#3666,#3668,#3670,.T.);
#3666 = VERTEX_POINT('',#3667);
#3667 = CARTESIAN_POINT('',(-2.454078238362,54.,36.));
#3668 = VERTEX_POINT('',#3669);
#3669 = CARTESIAN_POINT('',(2.454078238362,54.,36.));
#3670 = CIRCLE('',#3671,2.65);
#3671 = AXIS2_PLACEMENT_3D('',#3672,#3673,#3674);
#3672 = CARTESIAN_POINT('',(0.,55.,36.));
#3673 = DIRECTION('',(0.,0.,1.));
#3674 = DIRECTION('',(1.,0.,0.));
#3675 = ORIENTED_EDGE('',*,*,#3676,.T.);
#3676 = EDGE_CURVE('',#3668,#3677,#3679,.T.);
#3677 = VERTEX_POINT('',#3678);
#3678 = CARTESIAN_POINT('',(2.65,55.,36.));
#3679 = CIRCLE('',#3680,2.65);
#3680 = AXIS2_PLACEMENT_3D('',#3681,#3682,#3683);
#3681 = CARTESIAN_POINT('',(0.,55.,36.));
#3682 = DIRECTION('',(0.,0.,1.));
#3683 = DIRECTION('',(1.,0.,0.));
#3684 = ORIENTED_EDGE('',*,*,#3685,.T.);
#3685 = EDGE_CURVE('',#3677,#3666,#3686,.T.);
#3686 = CIRCLE('',#3687,2.65);
#3687 = AXIS2_PLACEMENT_3D('',#3688,#3689,#3690);
#3688 = CARTESIAN_POINT('',(0.,55.,36.));
#3689 = DIRECTION('',(0.,0.,1.));
#3690 = DIRECTION('',(1.,0.,0.));
#3691 = PLANE('',#3692);
#3692 = AXIS2_PLACEMENT_3D('',#3693,#3694,#3695);
#3693 = CARTESIAN_POINT('',(7.90375013357E-02,36.691800372935,36.));
#3694 = DIRECTION('',(-0.,-0.,-1.));
#3695 = DIRECTION('',(-1.,0.,0.));
#3696 = ADVANCED_FACE('',(#3697),#3736,.F.);
#3697 = FACE_BOUND('',#3698,.F.);
#3698 = EDGE_LOOP('',(#3699,#3710,#3716,#3717,#3718,#3719,#3720,#3729));
#3699 = ORIENTED_EDGE('',*,*,#3700,.F.);
#3700 = EDGE_CURVE('',#3701,#3703,#3705,.T.);
#3701 = VERTEX_POINT('',#3702);
#3702 = CARTESIAN_POINT('',(2.65,55.,48.));
#3703 = VERTEX_POINT('',#3704);
#3704 = CARTESIAN_POINT('',(-2.454078238362,54.,48.));
#3705 = CIRCLE('',#3706,2.65);
#3706 = AXIS2_PLACEMENT_3D('',#3707,#3708,#3709);
#3707 = CARTESIAN_POINT('',(0.,55.,48.));
#3708 = DIRECTION('',(0.,0.,1.));
#3709 = DIRECTION('',(1.,0.,0.));
#3710 = ORIENTED_EDGE('',*,*,#3711,.F.);
#3711 = EDGE_CURVE('',#3677,#3701,#3712,.T.);
#3712 = LINE('',#3713,#3714);
#3713 = CARTESIAN_POINT('',(2.65,55.,-2.));
#3714 = VECTOR('',#3715,1.);
#3715 = DIRECTION('',(0.,0.,1.));
#3716 = ORIENTED_EDGE('',*,*,#3685,.T.);
#3717 = ORIENTED_EDGE('',*,*,#3665,.T.);
#3718 = ORIENTED_EDGE('',*,*,#3676,.T.);
#3719 = ORIENTED_EDGE('',*,*,#3711,.T.);
#3720 = ORIENTED_EDGE('',*,*,#3721,.F.);
#3721 = EDGE_CURVE('',#3722,#3701,#3724,.T.);
#3722 = VERTEX_POINT('',#3723);
#3723 = CARTESIAN_POINT('',(2.454078238362,54.,48.));
#3724 = CIRCLE('',#3725,2.65);
#3725 = AXIS2_PLACEMENT_3D('',#3726,#3727,#3728);
#3726 = CARTESIAN_POINT('',(0.,55.,48.));
#3727 = DIRECTION('',(0.,0.,1.));
#3728 = DIRECTION('',(1.,0.,0.));
#3729 = ORIENTED_EDGE('',*,*,#3730,.F.);
#3730 = EDGE_CURVE('',#3703,#3722,#3731,.T.);
#3731 = CIRCLE('',#3732,2.65);
#3732 = AXIS2_PLACEMENT_3D('',#3733,#3734,#3735);
#3733 = CARTESIAN_POINT('',(0.,55.,48.));
#3734 = DIRECTION('',(0.,0.,1.));
#3735 = DIRECTION('',(1.,0.,0.));
#3736 = CYLINDRICAL_SURFACE('',#3737,2.65);
#3737 = AXIS2_PLACEMENT_3D('',#3738,#3739,#3740);
#3738 = CARTESIAN_POINT('',(0.,55.,-2.));
#3739 = DIRECTION('',(0.,0.,1.));
#3740 = DIRECTION('',(1.,0.,0.));
#3741 = ADVANCED_FACE('',(#3742,#3749),#3754,.T.);
#3742 = FACE_BOUND('',#3743,.T.);
#3743 = EDGE_LOOP('',(#3744,#3745,#3746,#3747,#3748));
#3744 = ORIENTED_EDGE('',*,*,#2899,.T.);
#3745 = ORIENTED_EDGE('',*,*,#3357,.F.);
#3746 = ORIENTED_EDGE('',*,*,#3399,.F.);
#3747 = ORIENTED_EDGE('',*,*,#2839,.F.);
#3748 = ORIENTED_EDGE('',*,*,#2375,.T.);
#3749 = FACE_BOUND('',#3750,.T.);
#3750 = EDGE_LOOP('',(#3751,#3752,#3753));
#3751 = ORIENTED_EDGE('',*,*,#3627,.T.);
#3752 = ORIENTED_EDGE('',*,*,#3636,.T.);
#3753 = ORIENTED_EDGE('',*,*,#3618,.T.);
#3754 = PLANE('',#3755);
#3755 = AXIS2_PLACEMENT_3D('',#3756,#3757,#3758);
#3756 = CARTESIAN_POINT('',(9.740141296222E-02,45.216930445119,
    -7.208345830988E-17));
#3757 = DIRECTION('',(-0.,-0.,-1.));
#3758 = DIRECTION('',(-1.,0.,0.));
#3759 = ADVANCED_FACE('',(#3760,#3767),#3772,.T.);
#3760 = FACE_BOUND('',#3761,.T.);
#3761 = EDGE_LOOP('',(#3762,#3763,#3764,#3765,#3766));
#3762 = ORIENTED_EDGE('',*,*,#3017,.F.);
#3763 = ORIENTED_EDGE('',*,*,#2480,.F.);
#3764 = ORIENTED_EDGE('',*,*,#3083,.T.);
#3765 = ORIENTED_EDGE('',*,*,#3547,.T.);
#3766 = ORIENTED_EDGE('',*,*,#3494,.T.);
#3767 = FACE_BOUND('',#3768,.T.);
#3768 = EDGE_LOOP('',(#3769,#3770,#3771));
#3769 = ORIENTED_EDGE('',*,*,#3730,.F.);
#3770 = ORIENTED_EDGE('',*,*,#3700,.F.);
#3771 = ORIENTED_EDGE('',*,*,#3721,.F.);
#3772 = PLANE('',#3773);
#3773 = AXIS2_PLACEMENT_3D('',#3774,#3775,#3776);
#3774 = CARTESIAN_POINT('',(9.740141296222E-02,45.216930445119,48.));
#3775 = DIRECTION('',(0.,0.,1.));
#3776 = DIRECTION('',(1.,0.,0.));
#3777 = ADVANCED_FACE('',(#3778),#3794,.T.);
#3778 = FACE_BOUND('',#3779,.T.);
#3779 = EDGE_LOOP('',(#3780,#3781,#3782,#3783,#3784,#3785,#3786,#3787,
    #3788,#3789,#3790,#3791,#3792,#3793));
#3780 = ORIENTED_EDGE('',*,*,#2813,.F.);
#3781 = ORIENTED_EDGE('',*,*,#2321,.F.);
#3782 = ORIENTED_EDGE('',*,*,#2784,.F.);
#3783 = ORIENTED_EDGE('',*,*,#3000,.F.);
#3784 = ORIENTED_EDGE('',*,*,#3416,.F.);
#3785 = ORIENTED_EDGE('',*,*,#2872,.T.);
#3786 = ORIENTED_EDGE('',*,*,#3391,.T.);
#3787 = ORIENTED_EDGE('',*,*,#3375,.T.);
#3788 = ORIENTED_EDGE('',*,*,#2938,.F.);
#3789 = ORIENTED_EDGE('',*,*,#3328,.F.);
#3790 = ORIENTED_EDGE('',*,*,#2975,.T.);
#3791 = ORIENTED_EDGE('',*,*,#2712,.F.);
#3792 = ORIENTED_EDGE('',*,*,#2261,.T.);
#3793 = ORIENTED_EDGE('',*,*,#2752,.F.);
#3794 = CYLINDRICAL_SURFACE('',#3795,22.);
#3795 = AXIS2_PLACEMENT_3D('',#3796,#3797,#3798);
#3796 = CARTESIAN_POINT('',(0.,55.,0.));
#3797 = DIRECTION('',(0.,0.,1.));
#3798 = DIRECTION('',(1.,0.,0.));
#3799 = ADVANCED_FACE('',(#3800),#3816,.T.);
#3800 = FACE_BOUND('',#3801,.T.);
#3801 = EDGE_LOOP('',(#3802,#3803,#3804,#3805,#3806,#3807,#3808,#3809,
    #3810,#3811,#3812,#3813,#3814,#3815));
#3802 = ORIENTED_EDGE('',*,*,#3539,.F.);
#3803 = ORIENTED_EDGE('',*,*,#3116,.F.);
#3804 = ORIENTED_EDGE('',*,*,#3510,.F.);
#3805 = ORIENTED_EDGE('',*,*,#3304,.F.);
#3806 = ORIENTED_EDGE('',*,*,#3241,.F.);
#3807 = ORIENTED_EDGE('',*,*,#2652,.T.);
#3808 = ORIENTED_EDGE('',*,*,#3278,.T.);
#3809 = ORIENTED_EDGE('',*,*,#3217,.T.);
#3810 = ORIENTED_EDGE('',*,*,#2583,.F.);
#3811 = ORIENTED_EDGE('',*,*,#3177,.F.);
#3812 = ORIENTED_EDGE('',*,*,#3153,.T.);
#3813 = ORIENTED_EDGE('',*,*,#3446,.F.);
#3814 = ORIENTED_EDGE('',*,*,#3056,.T.);
#3815 = ORIENTED_EDGE('',*,*,#3486,.F.);
#3816 = CYLINDRICAL_SURFACE('',#3817,22.);
#3817 = AXIS2_PLACEMENT_3D('',#3818,#3819,#3820);
#3818 = CARTESIAN_POINT('',(0.,55.,36.));
#3819 = DIRECTION('',(0.,0.,1.));
#3820 = DIRECTION('',(1.,0.,0.));
#3821 = MANIFOLD_SOLID_BREP('',#3822);
#3822 = CLOSED_SHELL('',(#3823,#3901,#3926,#4004,#4029,#4113,#4138,#4200
    ,#4314,#4345,#4478,#4512,#4536,#4558,#4582,#4604,#4629,#4654,#4735,
    #4760,#4785,#4807,#4824,#4905,#4922,#4939,#5048,#5157,#5189,#5214,
    #5247,#5269,#5294,#5403,#5512,#5542,#5559,#5592,#5614,#5639,#5664,
    #5689,#5722,#5739,#5761,#5835,#5860,#5885,#5910,#5935,#5960,#5977,
    #5994,#6018,#6052,#6090,#6114,#6149,#6173,#6207,#6245,#6269,#6293,
    #6323,#6347,#6364,#6381,#6442,#6503,#6564,#6625,#6650,#6680,#6714,
    #6738,#6768,#6785,#6819,#6857,#6874,#6899,#6921,#6945,#6993,#7038,
    #7086,#7131,#7153,#7175,#7193,#7215));
#3823 = ADVANCED_FACE('',(#3824),#3896,.T.);
#3824 = FACE_BOUND('',#3825,.F.);
#3825 = EDGE_LOOP('',(#3826,#3837,#3845,#3854,#3865,#3890));
#3826 = ORIENTED_EDGE('',*,*,#3827,.F.);
#3827 = EDGE_CURVE('',#3828,#3830,#3832,.T.);
#3828 = VERTEX_POINT('',#3829);
#3829 = CARTESIAN_POINT('',(13.3,76.,2.));
#3830 = VERTEX_POINT('',#3831);
#3831 = CARTESIAN_POINT('',(12.3,76.,3.));
#3832 = CIRCLE('',#3833,1.);
#3833 = AXIS2_PLACEMENT_3D('',#3834,#3835,#3836);
#3834 = CARTESIAN_POINT('',(13.3,76.,3.));
#3835 = DIRECTION('',(0.,1.,-0.));
#3836 = DIRECTION('',(-1.,0.,0.));
#3837 = ORIENTED_EDGE('',*,*,#3838,.T.);
#3838 = EDGE_CURVE('',#3828,#3839,#3841,.T.);
#3839 = VERTEX_POINT('',#3840);
#3840 = CARTESIAN_POINT('',(13.3,109.,2.));
#3841 = LINE('',#3842,#3843);
#3842 = CARTESIAN_POINT('',(13.3,75.,2.));
#3843 = VECTOR('',#3844,1.);
#3844 = DIRECTION('',(0.,1.,0.));
#3845 = ORIENTED_EDGE('',*,*,#3846,.T.);
#3846 = EDGE_CURVE('',#3839,#3847,#3849,.T.);
#3847 = VERTEX_POINT('',#3848);
#3848 = CARTESIAN_POINT('',(13.087959944566,109.,2.022739024164));
#3849 = CIRCLE('',#3850,1.);
#3850 = AXIS2_PLACEMENT_3D('',#3851,#3852,#3853);
#3851 = CARTESIAN_POINT('',(13.3,109.,3.));
#3852 = DIRECTION('',(0.,1.,-0.));
#3853 = DIRECTION('',(-1.,0.,0.));
#3854 = ORIENTED_EDGE('',*,*,#3855,.F.);
#3855 = EDGE_CURVE('',#3856,#3847,#3858,.T.);
#3856 = VERTEX_POINT('',#3857);
#3857 = CARTESIAN_POINT('',(12.7,107.04027028261,2.2));
#3858 = B_SPLINE_CURVE_WITH_KNOTS('',5,(#3859,#3860,#3861,#3862,#3863,
    #3864),.UNSPECIFIED.,.F.,.F.,(6,6),(0.,1.),
  .PIECEWISE_BEZIER_KNOTS.);
#3859 = CARTESIAN_POINT('',(12.6999994,107.04026696811,2.20000045));
#3860 = CARTESIAN_POINT('',(12.770946392871,107.43218918186,
    2.146790122206));
#3861 = CARTESIAN_POINT('',(12.846347137922,107.82427031815,
    2.102528050153));
#3862 = CARTESIAN_POINT('',(12.924945115114,108.21623297781,
    2.067157143474));
#3863 = CARTESIAN_POINT('',(13.005765467368,108.60805642787,
    2.040573063488));
#3864 = CARTESIAN_POINT('',(13.087960070392,109.0000006,2.022738996863)
  );
#3865 = ORIENTED_EDGE('',*,*,#3866,.T.);
#3866 = EDGE_CURVE('',#3856,#3867,#3869,.T.);
#3867 = VERTEX_POINT('',#3868);
#3868 = CARTESIAN_POINT('',(12.3,104.94431013609,3.));
#3869 = B_SPLINE_CURVE_WITH_KNOTS('',7,(#3870,#3871,#3872,#3873,#3874,
    #3875,#3876,#3877,#3878,#3879,#3880,#3881,#3882,#3883,#3884,#3885,
    #3886,#3887,#3888,#3889),.UNSPECIFIED.,.F.,.F.,(8,6,6,8),(0.,
    0.516903683399,0.769453730478,1.),.UNSPECIFIED.);
#3870 = CARTESIAN_POINT('',(12.7,107.04027028261,2.2));
#3871 = CARTESIAN_POINT('',(12.668035724652,106.86369473286,
    2.223973206511));
#3872 = CARTESIAN_POINT('',(12.633360685,106.68966392556,2.252307315252)
  );
#3873 = CARTESIAN_POINT('',(12.59627423267,106.51871183213,
    2.285783712226));
#3874 = CARTESIAN_POINT('',(12.557365401492,106.35136360005,
    2.325244660262));
#3875 = CARTESIAN_POINT('',(12.517635942794,106.18808758099,
    2.371536498128));
#3876 = CARTESIAN_POINT('',(12.478634563891,106.02920579046,
    2.425192706854));
#3877 = CARTESIAN_POINT('',(12.424303805749,105.79947561526,
    2.515892174463));
#3878 = CARTESIAN_POINT('',(12.407067816974,105.72515528596,
    2.547399765229));
#3879 = CARTESIAN_POINT('',(12.390634107835,105.65193266172,
    2.580638066117));
#3880 = CARTESIAN_POINT('',(12.375221354327,105.57980556377,
    2.61556610321));
#3881 = CARTESIAN_POINT('',(12.361050690432,105.50875485142,
    2.652107450874));
#3882 = CARTESIAN_POINT('',(12.348335321062,105.43874565202,
    2.690148245931));
#3883 = CARTESIAN_POINT('',(12.327169018829,105.30672473807,
    2.76549051387));
#3884 = CARTESIAN_POINT('',(12.318442648633,105.24454626674,
    2.802568605999));
#3885 = CARTESIAN_POINT('',(12.311239244227,105.18315526436,
    2.840654789303));
#3886 = CARTESIAN_POINT('',(12.305692645602,105.12250125882,
    2.879609368595));
#3887 = CARTESIAN_POINT('',(12.301916770691,105.06252321974,
    2.919271859728));
#3888 = CARTESIAN_POINT('',(12.300000073127,105.00315155978,
    2.959465206907));
#3889 = CARTESIAN_POINT('',(12.3,104.94431013609,3.));
#3890 = ORIENTED_EDGE('',*,*,#3891,.F.);
#3891 = EDGE_CURVE('',#3830,#3867,#3892,.T.);
#3892 = LINE('',#3893,#3894);
#3893 = CARTESIAN_POINT('',(12.3,75.,3.));
#3894 = VECTOR('',#3895,1.);
#3895 = DIRECTION('',(0.,1.,0.));
#3896 = CYLINDRICAL_SURFACE('',#3897,1.);
#3897 = AXIS2_PLACEMENT_3D('',#3898,#3899,#3900);
#3898 = CARTESIAN_POINT('',(13.3,75.,3.));
#3899 = DIRECTION('',(0.,1.,0.));
#3900 = DIRECTION('',(-1.,0.,0.));
#3901 = ADVANCED_FACE('',(#3902),#3921,.T.);
#3902 = FACE_BOUND('',#3903,.T.);
#3903 = EDGE_LOOP('',(#3904,#3905,#3914));
#3904 = ORIENTED_EDGE('',*,*,#3827,.F.);
#3905 = ORIENTED_EDGE('',*,*,#3906,.T.);
#3906 = EDGE_CURVE('',#3828,#3907,#3909,.T.);
#3907 = VERTEX_POINT('',#3908);
#3908 = CARTESIAN_POINT('',(13.3,75.,3.));
#3909 = CIRCLE('',#3910,1.);
#3910 = AXIS2_PLACEMENT_3D('',#3911,#3912,#3913);
#3911 = CARTESIAN_POINT('',(13.3,76.,3.));
#3912 = DIRECTION('',(-1.,6.123233995737E-17,0.));
#3913 = DIRECTION('',(-6.123233995737E-17,-1.,0.));
#3914 = ORIENTED_EDGE('',*,*,#3915,.F.);
#3915 = EDGE_CURVE('',#3830,#3907,#3916,.T.);
#3916 = CIRCLE('',#3917,1.);
#3917 = AXIS2_PLACEMENT_3D('',#3918,#3919,#3920);
#3918 = CARTESIAN_POINT('',(13.3,76.,3.));
#3919 = DIRECTION('',(0.,0.,1.));
#3920 = DIRECTION('',(-1.,0.,0.));
#3921 = SPHERICAL_SURFACE('',#3922,1.);
#3922 = AXIS2_PLACEMENT_3D('',#3923,#3924,#3925);
#3923 = CARTESIAN_POINT('',(13.3,76.,3.));
#3924 = DIRECTION('',(0.,0.,1.));
#3925 = DIRECTION('',(-1.,0.,0.));
#3926 = ADVANCED_FACE('',(#3927),#3999,.T.);
#3927 = FACE_BOUND('',#3928,.T.);
#3928 = EDGE_LOOP('',(#3929,#3940,#3948,#3957,#3968,#3993));
#3929 = ORIENTED_EDGE('',*,*,#3930,.F.);
#3930 = EDGE_CURVE('',#3931,#3933,#3935,.T.);
#3931 = VERTEX_POINT('',#3932);
#3932 = CARTESIAN_POINT('',(-13.3,76.,2.));
#3933 = VERTEX_POINT('',#3934);
#3934 = CARTESIAN_POINT('',(-12.3,76.,3.));
#3935 = CIRCLE('',#3936,1.);
#3936 = AXIS2_PLACEMENT_3D('',#3937,#3938,#3939);
#3937 = CARTESIAN_POINT('',(-13.3,76.,3.));
#3938 = DIRECTION('',(0.,-1.,0.));
#3939 = DIRECTION('',(1.,0.,0.));
#3940 = ORIENTED_EDGE('',*,*,#3941,.T.);
#3941 = EDGE_CURVE('',#3931,#3942,#3944,.T.);
#3942 = VERTEX_POINT('',#3943);
#3943 = CARTESIAN_POINT('',(-13.3,109.,2.));
#3944 = LINE('',#3945,#3946);
#3945 = CARTESIAN_POINT('',(-13.3,75.,2.));
#3946 = VECTOR('',#3947,1.);
#3947 = DIRECTION('',(0.,1.,0.));
#3948 = ORIENTED_EDGE('',*,*,#3949,.T.);
#3949 = EDGE_CURVE('',#3942,#3950,#3952,.T.);
#3950 = VERTEX_POINT('',#3951);
#3951 = CARTESIAN_POINT('',(-13.08795994456,109.,2.022739024164));
#3952 = CIRCLE('',#3953,1.);
#3953 = AXIS2_PLACEMENT_3D('',#3954,#3955,#3956);
#3954 = CARTESIAN_POINT('',(-13.3,109.,3.));
#3955 = DIRECTION('',(0.,-1.,0.));
#3956 = DIRECTION('',(1.,0.,0.));
#3957 = ORIENTED_EDGE('',*,*,#3958,.F.);
#3958 = EDGE_CURVE('',#3959,#3950,#3961,.T.);
#3959 = VERTEX_POINT('',#3960);
#3960 = CARTESIAN_POINT('',(-12.7,107.04027028261,2.2));
#3961 = B_SPLINE_CURVE_WITH_KNOTS('',5,(#3962,#3963,#3964,#3965,#3966,
    #3967),.UNSPECIFIED.,.F.,.F.,(6,6),(0.,1.),
  .PIECEWISE_BEZIER_KNOTS.);
#3962 = CARTESIAN_POINT('',(-12.6999994,107.04026696811,2.20000045));
#3963 = CARTESIAN_POINT('',(-12.77094639287,107.43218918186,
    2.146790122206));
#3964 = CARTESIAN_POINT('',(-12.84634713792,107.82427031815,
    2.102528050153));
#3965 = CARTESIAN_POINT('',(-12.92494511511,108.21623297781,
    2.067157143474));
#3966 = CARTESIAN_POINT('',(-13.00576546736,108.60805642787,
    2.040573063488));
#3967 = CARTESIAN_POINT('',(-13.08796007039,109.0000006,2.022738996863)
  );
#3968 = ORIENTED_EDGE('',*,*,#3969,.T.);
#3969 = EDGE_CURVE('',#3959,#3970,#3972,.T.);
#3970 = VERTEX_POINT('',#3971);
#3971 = CARTESIAN_POINT('',(-12.3,104.94431013609,3.));
#3972 = B_SPLINE_CURVE_WITH_KNOTS('',7,(#3973,#3974,#3975,#3976,#3977,
    #3978,#3979,#3980,#3981,#3982,#3983,#3984,#3985,#3986,#3987,#3988,
    #3989,#3990,#3991,#3992),.UNSPECIFIED.,.F.,.F.,(8,6,6,8),(0.,
    0.516903683399,0.769453730478,1.),.UNSPECIFIED.);
#3973 = CARTESIAN_POINT('',(-12.7,107.04027028261,2.2));
#3974 = CARTESIAN_POINT('',(-12.66803572465,106.86369473286,
    2.223973206511));
#3975 = CARTESIAN_POINT('',(-12.633360685,106.68966392556,2.252307315252
    ));
#3976 = CARTESIAN_POINT('',(-12.59627423267,106.51871183213,
    2.285783712226));
#3977 = CARTESIAN_POINT('',(-12.55736540149,106.35136360005,
    2.325244660262));
#3978 = CARTESIAN_POINT('',(-12.51763594279,106.18808758099,
    2.371536498128));
#3979 = CARTESIAN_POINT('',(-12.47863456389,106.02920579046,
    2.425192706854));
#3980 = CARTESIAN_POINT('',(-12.42430380574,105.79947561526,
    2.515892174463));
#3981 = CARTESIAN_POINT('',(-12.40706781697,105.72515528596,
    2.547399765229));
#3982 = CARTESIAN_POINT('',(-12.39063410783,105.65193266172,
    2.580638066117));
#3983 = CARTESIAN_POINT('',(-12.37522135432,105.57980556377,
    2.61556610321));
#3984 = CARTESIAN_POINT('',(-12.36105069043,105.50875485142,
    2.652107450874));
#3985 = CARTESIAN_POINT('',(-12.34833532106,105.43874565202,
    2.690148245931));
#3986 = CARTESIAN_POINT('',(-12.32716901882,105.30672473807,
    2.76549051387));
#3987 = CARTESIAN_POINT('',(-12.31844264863,105.24454626674,
    2.802568605999));
#3988 = CARTESIAN_POINT('',(-12.31123924422,105.18315526436,
    2.840654789303));
#3989 = CARTESIAN_POINT('',(-12.3056926456,105.12250125882,
    2.879609368595));
#3990 = CARTESIAN_POINT('',(-12.30191677069,105.06252321974,
    2.919271859728));
#3991 = CARTESIAN_POINT('',(-12.30000007312,105.00315155978,
    2.959465206907));
#3992 = CARTESIAN_POINT('',(-12.3,104.94431013609,3.));
#3993 = ORIENTED_EDGE('',*,*,#3994,.F.);
#3994 = EDGE_CURVE('',#3933,#3970,#3995,.T.);
#3995 = LINE('',#3996,#3997);
#3996 = CARTESIAN_POINT('',(-12.3,75.,3.));
#3997 = VECTOR('',#3998,1.);
#3998 = DIRECTION('',(0.,1.,0.));
#3999 = CYLINDRICAL_SURFACE('',#4000,1.);
#4000 = AXIS2_PLACEMENT_3D('',#4001,#4002,#4003);
#4001 = CARTESIAN_POINT('',(-13.3,75.,3.));
#4002 = DIRECTION('',(0.,1.,0.));
#4003 = DIRECTION('',(1.,0.,0.));
#4004 = ADVANCED_FACE('',(#4005),#4024,.T.);
#4005 = FACE_BOUND('',#4006,.F.);
#4006 = EDGE_LOOP('',(#4007,#4008,#4017));
#4007 = ORIENTED_EDGE('',*,*,#3930,.F.);
#4008 = ORIENTED_EDGE('',*,*,#4009,.T.);
#4009 = EDGE_CURVE('',#3931,#4010,#4012,.T.);
#4010 = VERTEX_POINT('',#4011);
#4011 = CARTESIAN_POINT('',(-13.3,75.,3.));
#4012 = CIRCLE('',#4013,1.);
#4013 = AXIS2_PLACEMENT_3D('',#4014,#4015,#4016);
#4014 = CARTESIAN_POINT('',(-13.3,76.,3.));
#4015 = DIRECTION('',(-1.,-6.123233995737E-17,0.));
#4016 = DIRECTION('',(6.123233995737E-17,-1.,0.));
#4017 = ORIENTED_EDGE('',*,*,#4018,.F.);
#4018 = EDGE_CURVE('',#3933,#4010,#4019,.T.);
#4019 = CIRCLE('',#4020,1.);
#4020 = AXIS2_PLACEMENT_3D('',#4021,#4022,#4023);
#4021 = CARTESIAN_POINT('',(-13.3,76.,3.));
#4022 = DIRECTION('',(0.,0.,-1.));
#4023 = DIRECTION('',(1.,0.,0.));
#4024 = SPHERICAL_SURFACE('',#4025,1.);
#4025 = AXIS2_PLACEMENT_3D('',#4026,#4027,#4028);
#4026 = CARTESIAN_POINT('',(-13.3,76.,3.));
#4027 = DIRECTION('',(0.,0.,1.));
#4028 = DIRECTION('',(1.,0.,0.));
#4029 = ADVANCED_FACE('',(#4030),#4108,.T.);
#4030 = FACE_BOUND('',#4031,.T.);
#4031 = EDGE_LOOP('',(#4032,#4043,#4051,#4060,#4071,#4102));
#4032 = ORIENTED_EDGE('',*,*,#4033,.F.);
#4033 = EDGE_CURVE('',#4034,#4036,#4038,.T.);
#4034 = VERTEX_POINT('',#4035);
#4035 = CARTESIAN_POINT('',(13.3,76.,46.));
#4036 = VERTEX_POINT('',#4037);
#4037 = CARTESIAN_POINT('',(12.3,76.,45.));
#4038 = CIRCLE('',#4039,1.);
#4039 = AXIS2_PLACEMENT_3D('',#4040,#4041,#4042);
#4040 = CARTESIAN_POINT('',(13.3,76.,45.));
#4041 = DIRECTION('',(0.,-1.,0.));
#4042 = DIRECTION('',(-1.,0.,0.));
#4043 = ORIENTED_EDGE('',*,*,#4044,.T.);
#4044 = EDGE_CURVE('',#4034,#4045,#4047,.T.);
#4045 = VERTEX_POINT('',#4046);
#4046 = CARTESIAN_POINT('',(13.3,109.,46.));
#4047 = LINE('',#4048,#4049);
#4048 = CARTESIAN_POINT('',(13.3,75.,46.));
#4049 = VECTOR('',#4050,1.);
#4050 = DIRECTION('',(0.,1.,0.));
#4051 = ORIENTED_EDGE('',*,*,#4052,.F.);
#4052 = EDGE_CURVE('',#4053,#4045,#4055,.T.);
#4053 = VERTEX_POINT('',#4054);
#4054 = CARTESIAN_POINT('',(13.087959944566,109.,45.977260975836));
#4055 = CIRCLE('',#4056,1.);
#4056 = AXIS2_PLACEMENT_3D('',#4057,#4058,#4059);
#4057 = CARTESIAN_POINT('',(13.3,109.,45.));
#4058 = DIRECTION('',(0.,1.,-0.));
#4059 = DIRECTION('',(-1.,0.,0.));
#4060 = ORIENTED_EDGE('',*,*,#4061,.F.);
#4061 = EDGE_CURVE('',#4062,#4053,#4064,.T.);
#4062 = VERTEX_POINT('',#4063);
#4063 = CARTESIAN_POINT('',(12.7,107.04027028261,45.8));
#4064 = B_SPLINE_CURVE_WITH_KNOTS('',5,(#4065,#4066,#4067,#4068,#4069,
    #4070),.UNSPECIFIED.,.F.,.F.,(6,6),(0.,1.),
  .PIECEWISE_BEZIER_KNOTS.);
#4065 = CARTESIAN_POINT('',(12.6999994,107.04026696811,45.79999955));
#4066 = CARTESIAN_POINT('',(12.770946392871,107.43218918186,
    45.853209877794));
#4067 = CARTESIAN_POINT('',(12.846347137922,107.82427031815,
    45.897471949847));
#4068 = CARTESIAN_POINT('',(12.924945115114,108.21623297781,
    45.932842856526));
#4069 = CARTESIAN_POINT('',(13.005765467368,108.60805642787,
    45.959426936512));
#4070 = CARTESIAN_POINT('',(13.087960070392,109.0000006,45.977261003137)
  );
#4071 = ORIENTED_EDGE('',*,*,#4072,.T.);
#4072 = EDGE_CURVE('',#4062,#4073,#4075,.T.);
#4073 = VERTEX_POINT('',#4074);
#4074 = CARTESIAN_POINT('',(12.3,104.94431013609,45.));
#4075 = B_SPLINE_CURVE_WITH_KNOTS('',7,(#4076,#4077,#4078,#4079,#4080,
    #4081,#4082,#4083,#4084,#4085,#4086,#4087,#4088,#4089,#4090,#4091,
    #4092,#4093,#4094,#4095,#4096,#4097,#4098,#4099,#4100,#4101),
  .UNSPECIFIED.,.F.,.F.,(8,6,6,6,8),(0.,0.516903592286,0.768589960937,
    0.975719610511,1.),.UNSPECIFIED.);
#4076 = CARTESIAN_POINT('',(12.7,107.04027028261,45.8));
#4077 = CARTESIAN_POINT('',(12.668035724652,106.86369473286,
    45.776026793489));
#4078 = CARTESIAN_POINT('',(12.633360685002,106.68966392556,
    45.747692684748));
#4079 = CARTESIAN_POINT('',(12.596274232668,106.51871183213,
    45.714216287774));
#4080 = CARTESIAN_POINT('',(12.557365401493,106.35136360005,
    45.674755339739));
#4081 = CARTESIAN_POINT('',(12.517635942794,106.18808758098,
    45.628463501872));
#4082 = CARTESIAN_POINT('',(12.478634563891,106.02920579046,
    45.574807293146));
#4083 = CARTESIAN_POINT('',(12.424364786535,105.79973346417,
    45.484209626525));
#4084 = CARTESIAN_POINT('',(12.407185708848,105.72566361741,
    45.452815707516));
#4085 = CARTESIAN_POINT('',(12.390802736017,105.65268392206,
    45.41970287816));
#4086 = CARTESIAN_POINT('',(12.375432261126,105.58079227663,
    45.384911569847));
#4087 = CARTESIAN_POINT('',(12.361293137839,105.50996985633,
    45.34851717648));
#4088 = CARTESIAN_POINT('',(12.348596473775,105.44018231703,
    45.310632022638));
#4089 = CARTESIAN_POINT('',(12.328432541592,105.31475976488,
    45.239126694031));
#4090 = CARTESIAN_POINT('',(12.320437102889,105.2588054057,
    45.205938071147));
#4091 = CARTESIAN_POINT('',(12.313656707522,105.20349049463,
    45.171924361971));
#4092 = CARTESIAN_POINT('',(12.30818967834,105.14877942877,
    45.13718474514));
#4093 = CARTESIAN_POINT('',(12.304121781721,105.09462962024,
    45.101832265471));
#4094 = CARTESIAN_POINT('',(12.301522947986,105.04099268713,
    45.06599142039));
#4095 = CARTESIAN_POINT('',(12.300317513177,104.98158206406,
    45.025552775523));
#4096 = CARTESIAN_POINT('',(12.300211920352,104.9753548087,
    45.021304922755));
#4097 = CARTESIAN_POINT('',(12.300127295652,104.96913377583,
    45.017052407703));
#4098 = CARTESIAN_POINT('',(12.300063717834,104.96291887454,
    45.012795447262));
#4099 = CARTESIAN_POINT('',(12.300021262107,104.95671002551,
    45.00853425558));
#4100 = CARTESIAN_POINT('',(12.300000000128,104.95050716098,
    45.004269044059));
#4101 = CARTESIAN_POINT('',(12.3,104.94431022477,45.00000002135));
#4102 = ORIENTED_EDGE('',*,*,#4103,.F.);
#4103 = EDGE_CURVE('',#4036,#4073,#4104,.T.);
#4104 = LINE('',#4105,#4106);
#4105 = CARTESIAN_POINT('',(12.3,75.,45.));
#4106 = VECTOR('',#4107,1.);
#4107 = DIRECTION('',(0.,1.,0.));
#4108 = CYLINDRICAL_SURFACE('',#4109,1.);
#4109 = AXIS2_PLACEMENT_3D('',#4110,#4111,#4112);
#4110 = CARTESIAN_POINT('',(13.3,75.,45.));
#4111 = DIRECTION('',(0.,1.,0.));
#4112 = DIRECTION('',(-1.,0.,0.));
#4113 = ADVANCED_FACE('',(#4114),#4133,.T.);
#4114 = FACE_BOUND('',#4115,.F.);
#4115 = EDGE_LOOP('',(#4116,#4117,#4126));
#4116 = ORIENTED_EDGE('',*,*,#4033,.F.);
#4117 = ORIENTED_EDGE('',*,*,#4118,.T.);
#4118 = EDGE_CURVE('',#4034,#4119,#4121,.T.);
#4119 = VERTEX_POINT('',#4120);
#4120 = CARTESIAN_POINT('',(13.3,75.,45.));
#4121 = CIRCLE('',#4122,1.);
#4122 = AXIS2_PLACEMENT_3D('',#4123,#4124,#4125);
#4123 = CARTESIAN_POINT('',(13.3,76.,45.));
#4124 = DIRECTION('',(1.,-6.123233995737E-17,0.));
#4125 = DIRECTION('',(-6.123233995737E-17,-1.,0.));
#4126 = ORIENTED_EDGE('',*,*,#4127,.F.);
#4127 = EDGE_CURVE('',#4036,#4119,#4128,.T.);
#4128 = CIRCLE('',#4129,1.);
#4129 = AXIS2_PLACEMENT_3D('',#4130,#4131,#4132);
#4130 = CARTESIAN_POINT('',(13.3,76.,45.));
#4131 = DIRECTION('',(0.,0.,1.));
#4132 = DIRECTION('',(-1.,0.,0.));
#4133 = SPHERICAL_SURFACE('',#4134,1.);
#4134 = AXIS2_PLACEMENT_3D('',#4135,#4136,#4137);
#4135 = CARTESIAN_POINT('',(13.3,76.,45.));
#4136 = DIRECTION('',(-0.,-0.,-1.));
#4137 = DIRECTION('',(-1.,0.,0.));
#4138 = ADVANCED_FACE('',(#4139),#4195,.T.);
#4139 = FACE_BOUND('',#4140,.T.);
#4140 = EDGE_LOOP('',(#4141,#4152,#4161,#4188));
#4141 = ORIENTED_EDGE('',*,*,#4142,.F.);
#4142 = EDGE_CURVE('',#4143,#4145,#4147,.T.);
#4143 = VERTEX_POINT('',#4144);
#4144 = CARTESIAN_POINT('',(22.,55.,35.3));
#4145 = VERTEX_POINT('',#4146);
#4146 = CARTESIAN_POINT('',(21.6,55.,35.7));
#4147 = CIRCLE('',#4148,0.4);
#4148 = AXIS2_PLACEMENT_3D('',#4149,#4150,#4151);
#4149 = CARTESIAN_POINT('',(21.6,55.,35.3));
#4150 = DIRECTION('',(0.,-1.,0.));
#4151 = DIRECTION('',(1.,0.,0.));
#4152 = ORIENTED_EDGE('',*,*,#4153,.T.);
#4153 = EDGE_CURVE('',#4143,#4154,#4156,.T.);
#4154 = VERTEX_POINT('',#4155);
#4155 = CARTESIAN_POINT('',(19.343392721252,65.480131584643,35.3));
#4156 = CIRCLE('',#4157,22.);
#4157 = AXIS2_PLACEMENT_3D('',#4158,#4159,#4160);
#4158 = CARTESIAN_POINT('',(0.,55.,35.3));
#4159 = DIRECTION('',(0.,0.,1.));
#4160 = DIRECTION('',(1.,0.,0.));
#4161 = ORIENTED_EDGE('',*,*,#4162,.T.);
#4162 = EDGE_CURVE('',#4154,#4163,#4165,.T.);
#4163 = VERTEX_POINT('',#4164);
#4164 = CARTESIAN_POINT('',(18.620836957743,65.946434624714,35.7));
#4165 = B_SPLINE_CURVE_WITH_KNOTS('',6,(#4166,#4167,#4168,#4169,#4170,
    #4171,#4172,#4173,#4174,#4175,#4176,#4177,#4178,#4179,#4180,#4181,
    #4182,#4183,#4184,#4185,#4186,#4187),.UNSPECIFIED.,.F.,.F.,(7,5,5,5,
    7),(0.,0.252879842183,0.522150526729,0.769112308568,1.),
  .UNSPECIFIED.);
#4166 = CARTESIAN_POINT('',(19.343392721252,65.480131584643,35.3));
#4167 = CARTESIAN_POINT('',(19.330057008548,65.504745581705,
    35.328776951316));
#4168 = CARTESIAN_POINT('',(19.313468306896,65.53005873208,
    35.357047687293));
#4169 = CARTESIAN_POINT('',(19.293926632915,65.555835810607,
    35.384527767329));
#4170 = CARTESIAN_POINT('',(19.271779917903,65.581845254489,
    35.411020062594));
#4171 = CARTESIAN_POINT('',(19.247353518925,65.607876177264,
    35.436399970803));
#4172 = CARTESIAN_POINT('',(19.192797216689,65.661266301735,
    35.486342314566));
#4173 = CARTESIAN_POINT('',(19.162405409203,65.688597291375,
    35.51074028885));
#4174 = CARTESIAN_POINT('',(19.130097512111,65.715492948805,
    35.533689103118));
#4175 = CARTESIAN_POINT('',(19.096180204672,65.741719735984,
    35.555130899716));
#4176 = CARTESIAN_POINT('',(19.060929828687,65.7670254803,
    35.575020207966));
#4177 = CARTESIAN_POINT('',(18.991273650429,65.813220228903,
    35.610069343604));
#4178 = CARTESIAN_POINT('',(18.957050302462,65.834294107672,
    35.625479450946));
#4179 = CARTESIAN_POINT('',(18.922117517373,65.854122736269,
    35.639492076021));
#4180 = CARTESIAN_POINT('',(18.886680233542,65.872432804863,
    35.652045441773));
#4181 = CARTESIAN_POINT('',(18.850971620745,65.888892612453,
    35.66304820898));
#4182 = CARTESIAN_POINT('',(18.781886850502,65.916396368476,
    35.681087668486));
#4183 = CARTESIAN_POINT('',(18.748519458517,65.927719683606,
    35.688333366796));
#4184 = CARTESIAN_POINT('',(18.715392340715,65.936756704293,
    35.694002647932));
#4185 = CARTESIAN_POINT('',(18.682807611443,65.943128417648,
    35.697950885157));
#4186 = CARTESIAN_POINT('',(18.651152565673,65.946434624714,35.7));
#4187 = CARTESIAN_POINT('',(18.620836957743,65.946434624714,35.7));
#4188 = ORIENTED_EDGE('',*,*,#4189,.F.);
#4189 = EDGE_CURVE('',#4145,#4163,#4190,.T.);
#4190 = CIRCLE('',#4191,21.6);
#4191 = AXIS2_PLACEMENT_3D('',#4192,#4193,#4194);
#4192 = CARTESIAN_POINT('',(0.,55.,35.7));
#4193 = DIRECTION('',(0.,0.,1.));
#4194 = DIRECTION('',(1.,0.,0.));
#4195 = TOROIDAL_SURFACE('',#4196,21.6,0.4);
#4196 = AXIS2_PLACEMENT_3D('',#4197,#4198,#4199);
#4197 = CARTESIAN_POINT('',(0.,55.,35.3));
#4198 = DIRECTION('',(0.,0.,1.));
#4199 = DIRECTION('',(1.,0.,0.));
#4200 = ADVANCED_FACE('',(#4201),#4309,.T.);
#4201 = FACE_BOUND('',#4202,.F.);
#4202 = EDGE_LOOP('',(#4203,#4214,#4222,#4231,#4239,#4252,#4253,#4261,
    #4288,#4303));
#4203 = ORIENTED_EDGE('',*,*,#4204,.F.);
#4204 = EDGE_CURVE('',#4205,#4207,#4209,.T.);
#4205 = VERTEX_POINT('',#4206);
#4206 = CARTESIAN_POINT('',(-22.3,67.,36.));
#4207 = VERTEX_POINT('',#4208);
#4208 = CARTESIAN_POINT('',(-22.3,65.,34.));
#4209 = CIRCLE('',#4210,2.);
#4210 = AXIS2_PLACEMENT_3D('',#4211,#4212,#4213);
#4211 = CARTESIAN_POINT('',(-22.3,67.,34.));
#4212 = DIRECTION('',(1.,-6.123233995737E-17,0.));
#4213 = DIRECTION('',(-6.123233995737E-17,-1.,0.));
#4214 = ORIENTED_EDGE('',*,*,#4215,.T.);
#4215 = EDGE_CURVE('',#4205,#4216,#4218,.T.);
#4216 = VERTEX_POINT('',#4217);
#4217 = CARTESIAN_POINT('',(22.3,67.,36.));
#4218 = LINE('',#4219,#4220);
#4219 = CARTESIAN_POINT('',(-24.3,67.,36.));
#4220 = VECTOR('',#4221,1.);
#4221 = DIRECTION('',(1.,0.,0.));
#4222 = ORIENTED_EDGE('',*,*,#4223,.T.);
#4223 = EDGE_CURVE('',#4216,#4224,#4226,.T.);
#4224 = VERTEX_POINT('',#4225);
#4225 = CARTESIAN_POINT('',(22.3,65.,34.));
#4226 = CIRCLE('',#4227,2.);
#4227 = AXIS2_PLACEMENT_3D('',#4228,#4229,#4230);
#4228 = CARTESIAN_POINT('',(22.3,67.,34.));
#4229 = DIRECTION('',(1.,6.123233995737E-17,0.));
#4230 = DIRECTION('',(6.123233995737E-17,-1.,0.));
#4231 = ORIENTED_EDGE('',*,*,#4232,.F.);
#4232 = EDGE_CURVE('',#4233,#4224,#4235,.T.);
#4233 = VERTEX_POINT('',#4234);
#4234 = CARTESIAN_POINT('',(19.595917942265,65.,34.));
#4235 = LINE('',#4236,#4237);
#4236 = CARTESIAN_POINT('',(-24.3,65.,34.));
#4237 = VECTOR('',#4238,1.);
#4238 = DIRECTION('',(1.,0.,0.));
#4239 = ORIENTED_EDGE('',*,*,#4240,.T.);
#4240 = EDGE_CURVE('',#4233,#4154,#4241,.T.);
#4241 = B_SPLINE_CURVE_WITH_KNOTS('',5,(#4242,#4243,#4244,#4245,#4246,
    #4247,#4248,#4249,#4250,#4251),.UNSPECIFIED.,.F.,.F.,(6,4,6),(0.,
    0.673975716063,1.),.UNSPECIFIED.);
#4242 = CARTESIAN_POINT('',(19.595917942265,65.,34.));
#4243 = CARTESIAN_POINT('',(19.595917942265,65.,34.187846553889));
#4244 = CARTESIAN_POINT('',(19.584663378847,65.022053882913,
    34.375812713463));
#4245 = CARTESIAN_POINT('',(19.562126964554,65.066218094117,
    34.561031109726));
#4246 = CARTESIAN_POINT('',(19.528095183276,65.132287909315,
    34.740608902742));
#4247 = CARTESIAN_POINT('',(19.460003512061,65.262092723806,
    34.994133346694));
#4248 = CARTESIAN_POINT('',(19.435034526628,65.309413023936,
    35.074729730297));
#4249 = CARTESIAN_POINT('',(19.407278119336,65.361632233021,
    35.15284335848));
#4250 = CARTESIAN_POINT('',(19.376728576034,65.418602921123,
    35.228065078781));
#4251 = CARTESIAN_POINT('',(19.343392443202,65.480132097845,35.3000006)
  );
#4252 = ORIENTED_EDGE('',*,*,#4162,.T.);
#4253 = ORIENTED_EDGE('',*,*,#4254,.F.);
#4254 = EDGE_CURVE('',#4255,#4163,#4257,.T.);
#4255 = VERTEX_POINT('',#4256);
#4256 = CARTESIAN_POINT('',(-18.62083695774,65.946434624714,35.7));
#4257 = LINE('',#4258,#4259);
#4258 = CARTESIAN_POINT('',(-24.3,65.946434624715,35.7));
#4259 = VECTOR('',#4260,1.);
#4260 = DIRECTION('',(1.,0.,0.));
#4261 = ORIENTED_EDGE('',*,*,#4262,.F.);
#4262 = EDGE_CURVE('',#4263,#4255,#4265,.T.);
#4263 = VERTEX_POINT('',#4264);
#4264 = CARTESIAN_POINT('',(-19.34339272125,65.480131584643,35.3));
#4265 = B_SPLINE_CURVE_WITH_KNOTS('',6,(#4266,#4267,#4268,#4269,#4270,
    #4271,#4272,#4273,#4274,#4275,#4276,#4277,#4278,#4279,#4280,#4281,
    #4282,#4283,#4284,#4285,#4286,#4287),.UNSPECIFIED.,.F.,.F.,(7,5,5,5,
    7),(0.,0.252879842183,0.522150526729,0.769112308567,1.),
  .UNSPECIFIED.);
#4266 = CARTESIAN_POINT('',(-19.34339272125,65.480131584643,35.3));
#4267 = CARTESIAN_POINT('',(-19.33005700854,65.504745581705,
    35.328776951316));
#4268 = CARTESIAN_POINT('',(-19.31346830689,65.53005873208,
    35.357047687293));
#4269 = CARTESIAN_POINT('',(-19.29392663291,65.555835810607,
    35.384527767329));
#4270 = CARTESIAN_POINT('',(-19.2717799179,65.581845254489,
    35.411020062594));
#4271 = CARTESIAN_POINT('',(-19.24735351892,65.607876177264,
    35.436399970803));
#4272 = CARTESIAN_POINT('',(-19.19279721668,65.661266301735,
    35.486342314566));
#4273 = CARTESIAN_POINT('',(-19.1624054092,65.688597291375,
    35.51074028885));
#4274 = CARTESIAN_POINT('',(-19.13009751211,65.715492948805,
    35.533689103118));
#4275 = CARTESIAN_POINT('',(-19.09618020467,65.741719735984,
    35.555130899716));
#4276 = CARTESIAN_POINT('',(-19.06092982868,65.7670254803,
    35.575020207966));
#4277 = CARTESIAN_POINT('',(-18.99127365042,65.813220228903,
    35.610069343604));
#4278 = CARTESIAN_POINT('',(-18.95705030246,65.834294107672,
    35.625479450946));
#4279 = CARTESIAN_POINT('',(-18.92211751737,65.854122736269,
    35.639492076021));
#4280 = CARTESIAN_POINT('',(-18.88668023354,65.872432804863,
    35.652045441773));
#4281 = CARTESIAN_POINT('',(-18.85097162074,65.888892612453,
    35.66304820898));
#4282 = CARTESIAN_POINT('',(-18.7818868505,65.916396368476,
    35.681087668486));
#4283 = CARTESIAN_POINT('',(-18.74851945851,65.927719683606,
    35.688333366796));
#4284 = CARTESIAN_POINT('',(-18.71539234071,65.936756704293,
    35.694002647932));
#4285 = CARTESIAN_POINT('',(-18.68280761144,65.943128417648,
    35.697950885157));
#4286 = CARTESIAN_POINT('',(-18.65115256567,65.946434624714,35.7));
#4287 = CARTESIAN_POINT('',(-18.62083695774,65.946434624714,35.7));
#4288 = ORIENTED_EDGE('',*,*,#4289,.F.);
#4289 = EDGE_CURVE('',#4290,#4263,#4292,.T.);
#4290 = VERTEX_POINT('',#4291);
#4291 = CARTESIAN_POINT('',(-19.59591794226,65.,34.));
#4292 = B_SPLINE_CURVE_WITH_KNOTS('',5,(#4293,#4294,#4295,#4296,#4297,
    #4298,#4299,#4300,#4301,#4302),.UNSPECIFIED.,.F.,.F.,(6,4,6),(0.,
    0.673975745758,1.),.UNSPECIFIED.);
#4293 = CARTESIAN_POINT('',(-19.59591794226,65.,34.));
#4294 = CARTESIAN_POINT('',(-19.59591794226,65.,34.187846553889));
#4295 = CARTESIAN_POINT('',(-19.58466337884,65.022053882913,
    34.375812713463));
#4296 = CARTESIAN_POINT('',(-19.56212696455,65.066218094117,
    34.561031109726));
#4297 = CARTESIAN_POINT('',(-19.52809518327,65.132287909315,
    34.740608902742));
#4298 = CARTESIAN_POINT('',(-19.46000351506,65.262092718087,
    34.994133335524));
#4299 = CARTESIAN_POINT('',(-19.43503452309,65.309413030493,
    35.07472973872));
#4300 = CARTESIAN_POINT('',(-19.40727811656,65.361632238253,
    35.152843367596));
#4301 = CARTESIAN_POINT('',(-19.37672858056,65.418602912756,
    35.228065068998));
#4302 = CARTESIAN_POINT('',(-19.3433924432,65.480132097845,35.3000006));
#4303 = ORIENTED_EDGE('',*,*,#4304,.F.);
#4304 = EDGE_CURVE('',#4207,#4290,#4305,.T.);
#4305 = LINE('',#4306,#4307);
#4306 = CARTESIAN_POINT('',(-24.3,65.,34.));
#4307 = VECTOR('',#4308,1.);
#4308 = DIRECTION('',(1.,0.,0.));
#4309 = CYLINDRICAL_SURFACE('',#4310,2.);
#4310 = AXIS2_PLACEMENT_3D('',#4311,#4312,#4313);
#4311 = CARTESIAN_POINT('',(-24.3,67.,34.));
#4312 = DIRECTION('',(1.,0.,0.));
#4313 = DIRECTION('',(0.,-1.,0.));
#4314 = ADVANCED_FACE('',(#4315),#4340,.F.);
#4315 = FACE_BOUND('',#4316,.F.);
#4316 = EDGE_LOOP('',(#4317,#4327,#4333,#4334));
#4317 = ORIENTED_EDGE('',*,*,#4318,.F.);
#4318 = EDGE_CURVE('',#4319,#4321,#4323,.T.);
#4319 = VERTEX_POINT('',#4320);
#4320 = CARTESIAN_POINT('',(19.595917942265,65.,14.));
#4321 = VERTEX_POINT('',#4322);
#4322 = CARTESIAN_POINT('',(22.3,65.,14.));
#4323 = LINE('',#4324,#4325);
#4324 = CARTESIAN_POINT('',(-24.3,65.,14.));
#4325 = VECTOR('',#4326,1.);
#4326 = DIRECTION('',(1.,0.,0.));
#4327 = ORIENTED_EDGE('',*,*,#4328,.T.);
#4328 = EDGE_CURVE('',#4319,#4233,#4329,.T.);
#4329 = LINE('',#4330,#4331);
#4330 = CARTESIAN_POINT('',(19.595917942265,65.,12.3));
#4331 = VECTOR('',#4332,1.);
#4332 = DIRECTION('',(0.,0.,1.));
#4333 = ORIENTED_EDGE('',*,*,#4232,.T.);
#4334 = ORIENTED_EDGE('',*,*,#4335,.F.);
#4335 = EDGE_CURVE('',#4321,#4224,#4336,.T.);
#4336 = LINE('',#4337,#4338);
#4337 = CARTESIAN_POINT('',(22.3,65.,12.));
#4338 = VECTOR('',#4339,1.);
#4339 = DIRECTION('',(0.,0.,1.));
#4340 = PLANE('',#4341);
#4341 = AXIS2_PLACEMENT_3D('',#4342,#4343,#4344);
#4342 = CARTESIAN_POINT('',(-24.3,65.,12.));
#4343 = DIRECTION('',(0.,1.,0.));
#4344 = DIRECTION('',(0.,0.,1.));
#4345 = ADVANCED_FACE('',(#4346),#4473,.T.);
#4346 = FACE_BOUND('',#4347,.T.);
#4347 = EDGE_LOOP('',(#4348,#4359,#4367,#4374,#4375,#4390,#4417,#4425,
    #4452,#4467));
#4348 = ORIENTED_EDGE('',*,*,#4349,.F.);
#4349 = EDGE_CURVE('',#4350,#4352,#4354,.T.);
#4350 = VERTEX_POINT('',#4351);
#4351 = CARTESIAN_POINT('',(-22.3,67.,12.));
#4352 = VERTEX_POINT('',#4353);
#4353 = CARTESIAN_POINT('',(-22.3,65.,14.));
#4354 = CIRCLE('',#4355,2.);
#4355 = AXIS2_PLACEMENT_3D('',#4356,#4357,#4358);
#4356 = CARTESIAN_POINT('',(-22.3,67.,14.));
#4357 = DIRECTION('',(-1.,6.123233995737E-17,0.));
#4358 = DIRECTION('',(-6.123233995737E-17,-1.,0.));
#4359 = ORIENTED_EDGE('',*,*,#4360,.T.);
#4360 = EDGE_CURVE('',#4350,#4361,#4363,.T.);
#4361 = VERTEX_POINT('',#4362);
#4362 = CARTESIAN_POINT('',(22.3,67.,12.));
#4363 = LINE('',#4364,#4365);
#4364 = CARTESIAN_POINT('',(-24.3,67.,12.));
#4365 = VECTOR('',#4366,1.);
#4366 = DIRECTION('',(1.,0.,0.));
#4367 = ORIENTED_EDGE('',*,*,#4368,.T.);
#4368 = EDGE_CURVE('',#4361,#4321,#4369,.T.);
#4369 = CIRCLE('',#4370,2.);
#4370 = AXIS2_PLACEMENT_3D('',#4371,#4372,#4373);
#4371 = CARTESIAN_POINT('',(22.3,67.,14.));
#4372 = DIRECTION('',(-1.,-6.123233995737E-17,0.));
#4373 = DIRECTION('',(6.123233995737E-17,-1.,0.));
#4374 = ORIENTED_EDGE('',*,*,#4318,.F.);
#4375 = ORIENTED_EDGE('',*,*,#4376,.T.);
#4376 = EDGE_CURVE('',#4319,#4377,#4379,.T.);
#4377 = VERTEX_POINT('',#4378);
#4378 = CARTESIAN_POINT('',(19.343392721252,65.480131584643,12.7));
#4379 = B_SPLINE_CURVE_WITH_KNOTS('',5,(#4380,#4381,#4382,#4383,#4384,
    #4385,#4386,#4387,#4388,#4389),.UNSPECIFIED.,.F.,.F.,(6,4,6),(0.,
    0.673975745759,1.),.UNSPECIFIED.);
#4380 = CARTESIAN_POINT('',(19.595917942265,65.,14.));
#4381 = CARTESIAN_POINT('',(19.595917942265,65.,13.812153446111));
#4382 = CARTESIAN_POINT('',(19.584663378847,65.022053882913,
    13.624187286537));
#4383 = CARTESIAN_POINT('',(19.562126964554,65.066218094117,
    13.438968890274));
#4384 = CARTESIAN_POINT('',(19.528095183276,65.132287909315,
    13.259391097258));
#4385 = CARTESIAN_POINT('',(19.460003515061,65.262092718087,
    13.005866664477));
#4386 = CARTESIAN_POINT('',(19.435034523094,65.309413030493,
    12.92527026128));
#4387 = CARTESIAN_POINT('',(19.407278116569,65.361632238254,
    12.847156632403));
#4388 = CARTESIAN_POINT('',(19.376728580568,65.418602912756,
    12.771934931002));
#4389 = CARTESIAN_POINT('',(19.343392443202,65.480132097845,12.6999994)
  );
#4390 = ORIENTED_EDGE('',*,*,#4391,.T.);
#4391 = EDGE_CURVE('',#4377,#4392,#4394,.T.);
#4392 = VERTEX_POINT('',#4393);
#4393 = CARTESIAN_POINT('',(18.620836957743,65.946434624715,12.3));
#4394 = B_SPLINE_CURVE_WITH_KNOTS('',6,(#4395,#4396,#4397,#4398,#4399,
    #4400,#4401,#4402,#4403,#4404,#4405,#4406,#4407,#4408,#4409,#4410,
    #4411,#4412,#4413,#4414,#4415,#4416),.UNSPECIFIED.,.F.,.F.,(7,5,5,5,
    7),(0.,0.252879842183,0.522150526729,0.769112308567,1.),
  .UNSPECIFIED.);
#4395 = CARTESIAN_POINT('',(19.343392721252,65.480131584643,12.7));
#4396 = CARTESIAN_POINT('',(19.330057008548,65.504745581705,
    12.671223048684));
#4397 = CARTESIAN_POINT('',(19.313468306896,65.530058732081,
    12.642952312708));
#4398 = CARTESIAN_POINT('',(19.293926632916,65.555835810606,
    12.615472232671));
#4399 = CARTESIAN_POINT('',(19.271779917903,65.58184525449,
    12.588979937406));
#4400 = CARTESIAN_POINT('',(19.247353518925,65.607876177264,
    12.563600029197));
#4401 = CARTESIAN_POINT('',(19.192797216689,65.661266301735,
    12.513657685434));
#4402 = CARTESIAN_POINT('',(19.162405409203,65.688597291375,
    12.48925971115));
#4403 = CARTESIAN_POINT('',(19.130097512111,65.715492948805,
    12.466310896882));
#4404 = CARTESIAN_POINT('',(19.096180204672,65.741719735984,
    12.444869100284));
#4405 = CARTESIAN_POINT('',(19.060929828687,65.7670254803,
    12.424979792034));
#4406 = CARTESIAN_POINT('',(18.991273650429,65.813220228903,
    12.389930656396));
#4407 = CARTESIAN_POINT('',(18.957050302462,65.834294107672,
    12.374520549054));
#4408 = CARTESIAN_POINT('',(18.922117517373,65.854122736269,
    12.360507923979));
#4409 = CARTESIAN_POINT('',(18.886680233542,65.872432804863,
    12.347954558227));
#4410 = CARTESIAN_POINT('',(18.850971620745,65.888892612453,
    12.33695179102));
#4411 = CARTESIAN_POINT('',(18.781886850502,65.916396368476,
    12.318912331514));
#4412 = CARTESIAN_POINT('',(18.748519458517,65.927719683606,
    12.311666633204));
#4413 = CARTESIAN_POINT('',(18.715392340714,65.936756704294,
    12.305997352068));
#4414 = CARTESIAN_POINT('',(18.682807611443,65.943128417647,
    12.302049114843));
#4415 = CARTESIAN_POINT('',(18.651152565673,65.946434624715,12.3));
#4416 = CARTESIAN_POINT('',(18.620836957743,65.946434624715,12.3));
#4417 = ORIENTED_EDGE('',*,*,#4418,.F.);
#4418 = EDGE_CURVE('',#4419,#4392,#4421,.T.);
#4419 = VERTEX_POINT('',#4420);
#4420 = CARTESIAN_POINT('',(-18.62083695774,65.946434624715,12.3));
#4421 = LINE('',#4422,#4423);
#4422 = CARTESIAN_POINT('',(-24.3,65.946434624715,12.3));
#4423 = VECTOR('',#4424,1.);
#4424 = DIRECTION('',(1.,0.,0.));
#4425 = ORIENTED_EDGE('',*,*,#4426,.F.);
#4426 = EDGE_CURVE('',#4427,#4419,#4429,.T.);
#4427 = VERTEX_POINT('',#4428);
#4428 = CARTESIAN_POINT('',(-19.34339272125,65.480131584643,12.7));
#4429 = B_SPLINE_CURVE_WITH_KNOTS('',6,(#4430,#4431,#4432,#4433,#4434,
    #4435,#4436,#4437,#4438,#4439,#4440,#4441,#4442,#4443,#4444,#4445,
    #4446,#4447,#4448,#4449,#4450,#4451),.UNSPECIFIED.,.F.,.F.,(7,5,5,5,
    7),(0.,0.252879842183,0.522150526728,0.769112308566,1.),
  .UNSPECIFIED.);
#4430 = CARTESIAN_POINT('',(-19.34339272125,65.480131584643,12.7));
#4431 = CARTESIAN_POINT('',(-19.33005700854,65.504745581705,
    12.671223048684));
#4432 = CARTESIAN_POINT('',(-19.31346830689,65.530058732081,
    12.642952312708));
#4433 = CARTESIAN_POINT('',(-19.29392663291,65.555835810606,
    12.615472232671));
#4434 = CARTESIAN_POINT('',(-19.2717799179,65.58184525449,
    12.588979937406));
#4435 = CARTESIAN_POINT('',(-19.24735351892,65.607876177264,
    12.563600029197));
#4436 = CARTESIAN_POINT('',(-19.19279721668,65.661266301735,
    12.513657685434));
#4437 = CARTESIAN_POINT('',(-19.1624054092,65.688597291375,
    12.48925971115));
#4438 = CARTESIAN_POINT('',(-19.13009751211,65.715492948805,
    12.466310896882));
#4439 = CARTESIAN_POINT('',(-19.09618020467,65.741719735984,
    12.444869100284));
#4440 = CARTESIAN_POINT('',(-19.06092982868,65.7670254803,
    12.424979792034));
#4441 = CARTESIAN_POINT('',(-18.99127365042,65.813220228903,
    12.389930656396));
#4442 = CARTESIAN_POINT('',(-18.95705030246,65.834294107672,
    12.374520549054));
#4443 = CARTESIAN_POINT('',(-18.92211751737,65.854122736269,
    12.360507923979));
#4444 = CARTESIAN_POINT('',(-18.88668023354,65.872432804863,
    12.347954558227));
#4445 = CARTESIAN_POINT('',(-18.85097162074,65.888892612453,
    12.33695179102));
#4446 = CARTESIAN_POINT('',(-18.7818868505,65.916396368476,
    12.318912331514));
#4447 = CARTESIAN_POINT('',(-18.74851945851,65.927719683606,
    12.311666633205));
#4448 = CARTESIAN_POINT('',(-18.71539234071,65.936756704295,
    12.305997352068));
#4449 = CARTESIAN_POINT('',(-18.68280761144,65.943128417647,
    12.302049114843));
#4450 = CARTESIAN_POINT('',(-18.65115256567,65.946434624715,12.3));
#4451 = CARTESIAN_POINT('',(-18.62083695774,65.946434624715,12.3));
#4452 = ORIENTED_EDGE('',*,*,#4453,.F.);
#4453 = EDGE_CURVE('',#4454,#4427,#4456,.T.);
#4454 = VERTEX_POINT('',#4455);
#4455 = CARTESIAN_POINT('',(-19.59591794226,65.,14.));
#4456 = B_SPLINE_CURVE_WITH_KNOTS('',5,(#4457,#4458,#4459,#4460,#4461,
    #4462,#4463,#4464,#4465,#4466),.UNSPECIFIED.,.F.,.F.,(6,4,6),(0.,
    0.673975745759,1.),.UNSPECIFIED.);
#4457 = CARTESIAN_POINT('',(-19.59591794226,65.,14.));
#4458 = CARTESIAN_POINT('',(-19.59591794226,65.,13.812153446111));
#4459 = CARTESIAN_POINT('',(-19.58466337884,65.022053882913,
    13.624187286537));
#4460 = CARTESIAN_POINT('',(-19.56212696455,65.066218094117,
    13.438968890274));
#4461 = CARTESIAN_POINT('',(-19.52809518327,65.132287909315,
    13.259391097258));
#4462 = CARTESIAN_POINT('',(-19.46000351506,65.262092718087,
    13.005866664477));
#4463 = CARTESIAN_POINT('',(-19.43503452309,65.309413030493,
    12.92527026128));
#4464 = CARTESIAN_POINT('',(-19.40727811656,65.361632238254,
    12.847156632403));
#4465 = CARTESIAN_POINT('',(-19.37672858056,65.418602912756,
    12.771934931002));
#4466 = CARTESIAN_POINT('',(-19.3433924432,65.480132097845,12.6999994));
#4467 = ORIENTED_EDGE('',*,*,#4468,.F.);
#4468 = EDGE_CURVE('',#4352,#4454,#4469,.T.);
#4469 = LINE('',#4470,#4471);
#4470 = CARTESIAN_POINT('',(-24.3,65.,14.));
#4471 = VECTOR('',#4472,1.);
#4472 = DIRECTION('',(1.,0.,0.));
#4473 = CYLINDRICAL_SURFACE('',#4474,2.);
#4474 = AXIS2_PLACEMENT_3D('',#4475,#4476,#4477);
#4475 = CARTESIAN_POINT('',(-24.3,67.,14.));
#4476 = DIRECTION('',(1.,0.,0.));
#4477 = DIRECTION('',(0.,-1.,0.));
#4478 = ADVANCED_FACE('',(#4479),#4507,.T.);
#4479 = FACE_BOUND('',#4480,.F.);
#4480 = EDGE_LOOP('',(#4481,#4492,#4499,#4500));
#4481 = ORIENTED_EDGE('',*,*,#4482,.F.);
#4482 = EDGE_CURVE('',#4483,#4485,#4487,.T.);
#4483 = VERTEX_POINT('',#4484);
#4484 = CARTESIAN_POINT('',(22.,55.,12.7));
#4485 = VERTEX_POINT('',#4486);
#4486 = CARTESIAN_POINT('',(21.6,55.,12.3));
#4487 = CIRCLE('',#4488,0.4);
#4488 = AXIS2_PLACEMENT_3D('',#4489,#4490,#4491);
#4489 = CARTESIAN_POINT('',(21.6,55.,12.7));
#4490 = DIRECTION('',(-0.,1.,0.));
#4491 = DIRECTION('',(1.,0.,0.));
#4492 = ORIENTED_EDGE('',*,*,#4493,.T.);
#4493 = EDGE_CURVE('',#4483,#4377,#4494,.T.);
#4494 = CIRCLE('',#4495,22.);
#4495 = AXIS2_PLACEMENT_3D('',#4496,#4497,#4498);
#4496 = CARTESIAN_POINT('',(0.,55.,12.7));
#4497 = DIRECTION('',(0.,0.,1.));
#4498 = DIRECTION('',(1.,0.,0.));
#4499 = ORIENTED_EDGE('',*,*,#4391,.T.);
#4500 = ORIENTED_EDGE('',*,*,#4501,.F.);
#4501 = EDGE_CURVE('',#4485,#4392,#4502,.T.);
#4502 = CIRCLE('',#4503,21.6);
#4503 = AXIS2_PLACEMENT_3D('',#4504,#4505,#4506);
#4504 = CARTESIAN_POINT('',(0.,55.,12.3));
#4505 = DIRECTION('',(0.,0.,1.));
#4506 = DIRECTION('',(1.,0.,0.));
#4507 = TOROIDAL_SURFACE('',#4508,21.6,0.4);
#4508 = AXIS2_PLACEMENT_3D('',#4509,#4510,#4511);
#4509 = CARTESIAN_POINT('',(0.,55.,12.7));
#4510 = DIRECTION('',(-0.,-0.,-1.));
#4511 = DIRECTION('',(1.,0.,0.));
#4512 = ADVANCED_FACE('',(#4513),#4531,.T.);
#4513 = FACE_BOUND('',#4514,.F.);
#4514 = EDGE_LOOP('',(#4515,#4522,#4523,#4530));
#4515 = ORIENTED_EDGE('',*,*,#4516,.T.);
#4516 = EDGE_CURVE('',#4427,#4483,#4517,.T.);
#4517 = CIRCLE('',#4518,22.);
#4518 = AXIS2_PLACEMENT_3D('',#4519,#4520,#4521);
#4519 = CARTESIAN_POINT('',(0.,55.,12.7));
#4520 = DIRECTION('',(0.,0.,1.));
#4521 = DIRECTION('',(1.,0.,0.));
#4522 = ORIENTED_EDGE('',*,*,#4482,.T.);
#4523 = ORIENTED_EDGE('',*,*,#4524,.F.);
#4524 = EDGE_CURVE('',#4419,#4485,#4525,.T.);
#4525 = CIRCLE('',#4526,21.6);
#4526 = AXIS2_PLACEMENT_3D('',#4527,#4528,#4529);
#4527 = CARTESIAN_POINT('',(0.,55.,12.3));
#4528 = DIRECTION('',(0.,0.,1.));
#4529 = DIRECTION('',(1.,0.,0.));
#4530 = ORIENTED_EDGE('',*,*,#4426,.F.);
#4531 = TOROIDAL_SURFACE('',#4532,21.6,0.4);
#4532 = AXIS2_PLACEMENT_3D('',#4533,#4534,#4535);
#4533 = CARTESIAN_POINT('',(0.,55.,12.7));
#4534 = DIRECTION('',(-0.,-0.,-1.));
#4535 = DIRECTION('',(1.,0.,0.));
#4536 = ADVANCED_FACE('',(#4537),#4553,.F.);
#4537 = FACE_BOUND('',#4538,.F.);
#4538 = EDGE_LOOP('',(#4539,#4540,#4546,#4547));
#4539 = ORIENTED_EDGE('',*,*,#4468,.F.);
#4540 = ORIENTED_EDGE('',*,*,#4541,.T.);
#4541 = EDGE_CURVE('',#4352,#4207,#4542,.T.);
#4542 = LINE('',#4543,#4544);
#4543 = CARTESIAN_POINT('',(-22.3,65.,12.));
#4544 = VECTOR('',#4545,1.);
#4545 = DIRECTION('',(0.,0.,1.));
#4546 = ORIENTED_EDGE('',*,*,#4304,.T.);
#4547 = ORIENTED_EDGE('',*,*,#4548,.F.);
#4548 = EDGE_CURVE('',#4454,#4290,#4549,.T.);
#4549 = LINE('',#4550,#4551);
#4550 = CARTESIAN_POINT('',(-19.59591794226,65.,12.3));
#4551 = VECTOR('',#4552,1.);
#4552 = DIRECTION('',(0.,0.,1.));
#4553 = PLANE('',#4554);
#4554 = AXIS2_PLACEMENT_3D('',#4555,#4556,#4557);
#4555 = CARTESIAN_POINT('',(-24.3,65.,12.));
#4556 = DIRECTION('',(0.,1.,0.));
#4557 = DIRECTION('',(0.,0.,1.));
#4558 = ADVANCED_FACE('',(#4559),#4577,.T.);
#4559 = FACE_BOUND('',#4560,.T.);
#4560 = EDGE_LOOP('',(#4561,#4568,#4569,#4576));
#4561 = ORIENTED_EDGE('',*,*,#4562,.T.);
#4562 = EDGE_CURVE('',#4263,#4143,#4563,.T.);
#4563 = CIRCLE('',#4564,22.);
#4564 = AXIS2_PLACEMENT_3D('',#4565,#4566,#4567);
#4565 = CARTESIAN_POINT('',(0.,55.,35.3));
#4566 = DIRECTION('',(0.,0.,1.));
#4567 = DIRECTION('',(1.,0.,0.));
#4568 = ORIENTED_EDGE('',*,*,#4142,.T.);
#4569 = ORIENTED_EDGE('',*,*,#4570,.F.);
#4570 = EDGE_CURVE('',#4255,#4145,#4571,.T.);
#4571 = CIRCLE('',#4572,21.6);
#4572 = AXIS2_PLACEMENT_3D('',#4573,#4574,#4575);
#4573 = CARTESIAN_POINT('',(0.,55.,35.7));
#4574 = DIRECTION('',(0.,0.,1.));
#4575 = DIRECTION('',(1.,0.,0.));
#4576 = ORIENTED_EDGE('',*,*,#4262,.F.);
#4577 = TOROIDAL_SURFACE('',#4578,21.6,0.4);
#4578 = AXIS2_PLACEMENT_3D('',#4579,#4580,#4581);
#4579 = CARTESIAN_POINT('',(0.,55.,35.3));
#4580 = DIRECTION('',(0.,0.,1.));
#4581 = DIRECTION('',(1.,0.,0.));
#4582 = ADVANCED_FACE('',(#4583,#4588),#4599,.T.);
#4583 = FACE_BOUND('',#4584,.T.);
#4584 = EDGE_LOOP('',(#4585,#4586,#4587));
#4585 = ORIENTED_EDGE('',*,*,#4570,.T.);
#4586 = ORIENTED_EDGE('',*,*,#4189,.T.);
#4587 = ORIENTED_EDGE('',*,*,#4254,.F.);
#4588 = FACE_BOUND('',#4589,.T.);
#4589 = EDGE_LOOP('',(#4590));
#4590 = ORIENTED_EDGE('',*,*,#4591,.F.);
#4591 = EDGE_CURVE('',#4592,#4592,#4594,.T.);
#4592 = VERTEX_POINT('',#4593);
#4593 = CARTESIAN_POINT('',(2.65,55.,35.7));
#4594 = CIRCLE('',#4595,2.65);
#4595 = AXIS2_PLACEMENT_3D('',#4596,#4597,#4598);
#4596 = CARTESIAN_POINT('',(0.,55.,35.7));
#4597 = DIRECTION('',(0.,0.,1.));
#4598 = DIRECTION('',(1.,0.,0.));
#4599 = PLANE('',#4600);
#4600 = AXIS2_PLACEMENT_3D('',#4601,#4602,#4603);
#4601 = CARTESIAN_POINT('',(0.,55.,35.7));
#4602 = DIRECTION('',(0.,0.,1.));
#4603 = DIRECTION('',(1.,0.,0.));
#4604 = ADVANCED_FACE('',(#4605),#4624,.T.);
#4605 = FACE_BOUND('',#4606,.F.);
#4606 = EDGE_LOOP('',(#4607,#4616,#4617));
#4607 = ORIENTED_EDGE('',*,*,#4608,.F.);
#4608 = EDGE_CURVE('',#4205,#4609,#4611,.T.);
#4609 = VERTEX_POINT('',#4610);
#4610 = CARTESIAN_POINT('',(-24.3,67.,34.));
#4611 = CIRCLE('',#4612,2.);
#4612 = AXIS2_PLACEMENT_3D('',#4613,#4614,#4615);
#4613 = CARTESIAN_POINT('',(-22.3,67.,34.));
#4614 = DIRECTION('',(0.,-1.,0.));
#4615 = DIRECTION('',(-1.,0.,0.));
#4616 = ORIENTED_EDGE('',*,*,#4204,.T.);
#4617 = ORIENTED_EDGE('',*,*,#4618,.F.);
#4618 = EDGE_CURVE('',#4609,#4207,#4619,.T.);
#4619 = CIRCLE('',#4620,2.);
#4620 = AXIS2_PLACEMENT_3D('',#4621,#4622,#4623);
#4621 = CARTESIAN_POINT('',(-22.3,67.,34.));
#4622 = DIRECTION('',(0.,0.,1.));
#4623 = DIRECTION('',(-1.,0.,0.));
#4624 = SPHERICAL_SURFACE('',#4625,2.);
#4625 = AXIS2_PLACEMENT_3D('',#4626,#4627,#4628);
#4626 = CARTESIAN_POINT('',(-22.3,67.,34.));
#4627 = DIRECTION('',(-0.,-0.,-1.));
#4628 = DIRECTION('',(-1.,0.,0.));
#4629 = ADVANCED_FACE('',(#4630),#4649,.T.);
#4630 = FACE_BOUND('',#4631,.T.);
#4631 = EDGE_LOOP('',(#4632,#4641,#4642));
#4632 = ORIENTED_EDGE('',*,*,#4633,.F.);
#4633 = EDGE_CURVE('',#4216,#4634,#4636,.T.);
#4634 = VERTEX_POINT('',#4635);
#4635 = CARTESIAN_POINT('',(24.3,67.,34.));
#4636 = CIRCLE('',#4637,2.);
#4637 = AXIS2_PLACEMENT_3D('',#4638,#4639,#4640);
#4638 = CARTESIAN_POINT('',(22.3,67.,34.));
#4639 = DIRECTION('',(-0.,1.,0.));
#4640 = DIRECTION('',(1.,0.,0.));
#4641 = ORIENTED_EDGE('',*,*,#4223,.T.);
#4642 = ORIENTED_EDGE('',*,*,#4643,.F.);
#4643 = EDGE_CURVE('',#4634,#4224,#4644,.T.);
#4644 = CIRCLE('',#4645,2.);
#4645 = AXIS2_PLACEMENT_3D('',#4646,#4647,#4648);
#4646 = CARTESIAN_POINT('',(22.3,67.,34.));
#4647 = DIRECTION('',(0.,0.,-1.));
#4648 = DIRECTION('',(1.,0.,0.));
#4649 = SPHERICAL_SURFACE('',#4650,2.);
#4650 = AXIS2_PLACEMENT_3D('',#4651,#4652,#4653);
#4651 = CARTESIAN_POINT('',(22.3,67.,34.));
#4652 = DIRECTION('',(-0.,-0.,-1.));
#4653 = DIRECTION('',(1.,0.,0.));
#4654 = ADVANCED_FACE('',(#4655),#4730,.T.);
#4655 = FACE_BOUND('',#4656,.T.);
#4656 = EDGE_LOOP('',(#4657,#4665,#4666,#4674,#4682,#4691,#4699,#4707,
    #4715,#4724));
#4657 = ORIENTED_EDGE('',*,*,#4658,.F.);
#4658 = EDGE_CURVE('',#4205,#4659,#4661,.T.);
#4659 = VERTEX_POINT('',#4660);
#4660 = CARTESIAN_POINT('',(-22.3,75.,36.));
#4661 = LINE('',#4662,#4663);
#4662 = CARTESIAN_POINT('',(-22.3,65.,36.));
#4663 = VECTOR('',#4664,1.);
#4664 = DIRECTION('',(0.,1.,0.));
#4665 = ORIENTED_EDGE('',*,*,#4215,.T.);
#4666 = ORIENTED_EDGE('',*,*,#4667,.T.);
#4667 = EDGE_CURVE('',#4216,#4668,#4670,.T.);
#4668 = VERTEX_POINT('',#4669);
#4669 = CARTESIAN_POINT('',(22.3,75.,36.));
#4670 = LINE('',#4671,#4672);
#4671 = CARTESIAN_POINT('',(22.3,65.,36.));
#4672 = VECTOR('',#4673,1.);
#4673 = DIRECTION('',(0.,1.,0.));
#4674 = ORIENTED_EDGE('',*,*,#4675,.T.);
#4675 = EDGE_CURVE('',#4668,#4676,#4678,.T.);
#4676 = VERTEX_POINT('',#4677);
#4677 = CARTESIAN_POINT('',(13.3,75.,36.));
#4678 = LINE('',#4679,#4680);
#4679 = CARTESIAN_POINT('',(-6.,75.,36.));
#4680 = VECTOR('',#4681,1.);
#4681 = DIRECTION('',(-1.,0.,0.));
#4682 = ORIENTED_EDGE('',*,*,#4683,.F.);
#4683 = EDGE_CURVE('',#4684,#4676,#4686,.T.);
#4684 = VERTEX_POINT('',#4685);
#4685 = CARTESIAN_POINT('',(12.3,76.,36.));
#4686 = CIRCLE('',#4687,1.);
#4687 = AXIS2_PLACEMENT_3D('',#4688,#4689,#4690);
#4688 = CARTESIAN_POINT('',(13.3,76.,36.));
#4689 = DIRECTION('',(0.,0.,1.));
#4690 = DIRECTION('',(-1.,0.,0.));
#4691 = ORIENTED_EDGE('',*,*,#4692,.T.);
#4692 = EDGE_CURVE('',#4684,#4693,#4695,.T.);
#4693 = VERTEX_POINT('',#4694);
#4694 = CARTESIAN_POINT('',(12.3,79.,36.));
#4695 = LINE('',#4696,#4697);
#4696 = CARTESIAN_POINT('',(12.3,70.,36.));
#4697 = VECTOR('',#4698,1.);
#4698 = DIRECTION('',(0.,1.,0.));
#4699 = ORIENTED_EDGE('',*,*,#4700,.F.);
#4700 = EDGE_CURVE('',#4701,#4693,#4703,.T.);
#4701 = VERTEX_POINT('',#4702);
#4702 = CARTESIAN_POINT('',(-12.3,79.,36.));
#4703 = LINE('',#4704,#4705);
#4704 = CARTESIAN_POINT('',(-24.3,79.,36.));
#4705 = VECTOR('',#4706,1.);
#4706 = DIRECTION('',(1.,0.,0.));
#4707 = ORIENTED_EDGE('',*,*,#4708,.F.);
#4708 = EDGE_CURVE('',#4709,#4701,#4711,.T.);
#4709 = VERTEX_POINT('',#4710);
#4710 = CARTESIAN_POINT('',(-12.3,76.,36.));
#4711 = LINE('',#4712,#4713);
#4712 = CARTESIAN_POINT('',(-12.3,70.,36.));
#4713 = VECTOR('',#4714,1.);
#4714 = DIRECTION('',(0.,1.,0.));
#4715 = ORIENTED_EDGE('',*,*,#4716,.F.);
#4716 = EDGE_CURVE('',#4717,#4709,#4719,.T.);
#4717 = VERTEX_POINT('',#4718);
#4718 = CARTESIAN_POINT('',(-13.3,75.,36.));
#4719 = CIRCLE('',#4720,1.);
#4720 = AXIS2_PLACEMENT_3D('',#4721,#4722,#4723);
#4721 = CARTESIAN_POINT('',(-13.3,76.,36.));
#4722 = DIRECTION('',(0.,0.,1.));
#4723 = DIRECTION('',(1.,0.,0.));
#4724 = ORIENTED_EDGE('',*,*,#4725,.T.);
#4725 = EDGE_CURVE('',#4717,#4659,#4726,.T.);
#4726 = LINE('',#4727,#4728);
#4727 = CARTESIAN_POINT('',(-24.3,75.,36.));
#4728 = VECTOR('',#4729,1.);
#4729 = DIRECTION('',(-1.,0.,0.));
#4730 = PLANE('',#4731);
#4731 = AXIS2_PLACEMENT_3D('',#4732,#4733,#4734);
#4732 = CARTESIAN_POINT('',(-24.3,65.,36.));
#4733 = DIRECTION('',(0.,0.,1.));
#4734 = DIRECTION('',(1.,0.,0.));
#4735 = ADVANCED_FACE('',(#4736),#4755,.T.);
#4736 = FACE_BOUND('',#4737,.F.);
#4737 = EDGE_LOOP('',(#4738,#4746,#4753,#4754));
#4738 = ORIENTED_EDGE('',*,*,#4739,.F.);
#4739 = EDGE_CURVE('',#4740,#4634,#4742,.T.);
#4740 = VERTEX_POINT('',#4741);
#4741 = CARTESIAN_POINT('',(24.3,67.,14.));
#4742 = LINE('',#4743,#4744);
#4743 = CARTESIAN_POINT('',(24.3,67.,12.));
#4744 = VECTOR('',#4745,1.);
#4745 = DIRECTION('',(0.,0.,1.));
#4746 = ORIENTED_EDGE('',*,*,#4747,.T.);
#4747 = EDGE_CURVE('',#4740,#4321,#4748,.T.);
#4748 = CIRCLE('',#4749,2.);
#4749 = AXIS2_PLACEMENT_3D('',#4750,#4751,#4752);
#4750 = CARTESIAN_POINT('',(22.3,67.,14.));
#4751 = DIRECTION('',(0.,0.,-1.));
#4752 = DIRECTION('',(1.,0.,0.));
#4753 = ORIENTED_EDGE('',*,*,#4335,.T.);
#4754 = ORIENTED_EDGE('',*,*,#4643,.F.);
#4755 = CYLINDRICAL_SURFACE('',#4756,2.);
#4756 = AXIS2_PLACEMENT_3D('',#4757,#4758,#4759);
#4757 = CARTESIAN_POINT('',(22.3,67.,12.));
#4758 = DIRECTION('',(0.,0.,1.));
#4759 = DIRECTION('',(1.,0.,0.));
#4760 = ADVANCED_FACE('',(#4761),#4780,.T.);
#4761 = FACE_BOUND('',#4762,.T.);
#4762 = EDGE_LOOP('',(#4763,#4772,#4773));
#4763 = ORIENTED_EDGE('',*,*,#4764,.F.);
#4764 = EDGE_CURVE('',#4350,#4765,#4767,.T.);
#4765 = VERTEX_POINT('',#4766);
#4766 = CARTESIAN_POINT('',(-24.3,67.,14.));
#4767 = CIRCLE('',#4768,2.);
#4768 = AXIS2_PLACEMENT_3D('',#4769,#4770,#4771);
#4769 = CARTESIAN_POINT('',(-22.3,67.,14.));
#4770 = DIRECTION('',(0.,1.,-0.));
#4771 = DIRECTION('',(-1.,0.,0.));
#4772 = ORIENTED_EDGE('',*,*,#4349,.T.);
#4773 = ORIENTED_EDGE('',*,*,#4774,.F.);
#4774 = EDGE_CURVE('',#4765,#4352,#4775,.T.);
#4775 = CIRCLE('',#4776,2.);
#4776 = AXIS2_PLACEMENT_3D('',#4777,#4778,#4779);
#4777 = CARTESIAN_POINT('',(-22.3,67.,14.));
#4778 = DIRECTION('',(0.,0.,1.));
#4779 = DIRECTION('',(-1.,0.,0.));
#4780 = SPHERICAL_SURFACE('',#4781,2.);
#4781 = AXIS2_PLACEMENT_3D('',#4782,#4783,#4784);
#4782 = CARTESIAN_POINT('',(-22.3,67.,14.));
#4783 = DIRECTION('',(0.,0.,1.));
#4784 = DIRECTION('',(-1.,0.,0.));
#4785 = ADVANCED_FACE('',(#4786,#4791),#4802,.F.);
#4786 = FACE_BOUND('',#4787,.F.);
#4787 = EDGE_LOOP('',(#4788,#4789,#4790));
#4788 = ORIENTED_EDGE('',*,*,#4524,.T.);
#4789 = ORIENTED_EDGE('',*,*,#4501,.T.);
#4790 = ORIENTED_EDGE('',*,*,#4418,.F.);
#4791 = FACE_BOUND('',#4792,.F.);
#4792 = EDGE_LOOP('',(#4793));
#4793 = ORIENTED_EDGE('',*,*,#4794,.F.);
#4794 = EDGE_CURVE('',#4795,#4795,#4797,.T.);
#4795 = VERTEX_POINT('',#4796);
#4796 = CARTESIAN_POINT('',(2.65,55.,12.3));
#4797 = CIRCLE('',#4798,2.65);
#4798 = AXIS2_PLACEMENT_3D('',#4799,#4800,#4801);
#4799 = CARTESIAN_POINT('',(0.,55.,12.3));
#4800 = DIRECTION('',(0.,0.,1.));
#4801 = DIRECTION('',(1.,0.,0.));
#4802 = PLANE('',#4803);
#4803 = AXIS2_PLACEMENT_3D('',#4804,#4805,#4806);
#4804 = CARTESIAN_POINT('',(0.,55.,12.3));
#4805 = DIRECTION('',(0.,0.,1.));
#4806 = DIRECTION('',(1.,0.,0.));
#4807 = ADVANCED_FACE('',(#4808),#4819,.T.);
#4808 = FACE_BOUND('',#4809,.F.);
#4809 = EDGE_LOOP('',(#4810,#4817,#4818));
#4810 = ORIENTED_EDGE('',*,*,#4811,.F.);
#4811 = EDGE_CURVE('',#4361,#4740,#4812,.T.);
#4812 = CIRCLE('',#4813,2.);
#4813 = AXIS2_PLACEMENT_3D('',#4814,#4815,#4816);
#4814 = CARTESIAN_POINT('',(22.3,67.,14.));
#4815 = DIRECTION('',(0.,-1.,0.));
#4816 = DIRECTION('',(1.,0.,0.));
#4817 = ORIENTED_EDGE('',*,*,#4368,.T.);
#4818 = ORIENTED_EDGE('',*,*,#4747,.F.);
#4819 = SPHERICAL_SURFACE('',#4820,2.);
#4820 = AXIS2_PLACEMENT_3D('',#4821,#4822,#4823);
#4821 = CARTESIAN_POINT('',(22.3,67.,14.));
#4822 = DIRECTION('',(0.,0.,1.));
#4823 = DIRECTION('',(1.,0.,0.));
#4824 = ADVANCED_FACE('',(#4825),#4900,.F.);
#4825 = FACE_BOUND('',#4826,.F.);
#4826 = EDGE_LOOP('',(#4827,#4835,#4836,#4844,#4852,#4861,#4869,#4877,
    #4885,#4894));
#4827 = ORIENTED_EDGE('',*,*,#4828,.F.);
#4828 = EDGE_CURVE('',#4350,#4829,#4831,.T.);
#4829 = VERTEX_POINT('',#4830);
#4830 = CARTESIAN_POINT('',(-22.3,75.,12.));
#4831 = LINE('',#4832,#4833);
#4832 = CARTESIAN_POINT('',(-22.3,65.,12.));
#4833 = VECTOR('',#4834,1.);
#4834 = DIRECTION('',(0.,1.,0.));
#4835 = ORIENTED_EDGE('',*,*,#4360,.T.);
#4836 = ORIENTED_EDGE('',*,*,#4837,.T.);
#4837 = EDGE_CURVE('',#4361,#4838,#4840,.T.);
#4838 = VERTEX_POINT('',#4839);
#4839 = CARTESIAN_POINT('',(22.3,75.,12.));
#4840 = LINE('',#4841,#4842);
#4841 = CARTESIAN_POINT('',(22.3,65.,12.));
#4842 = VECTOR('',#4843,1.);
#4843 = DIRECTION('',(0.,1.,0.));
#4844 = ORIENTED_EDGE('',*,*,#4845,.T.);
#4845 = EDGE_CURVE('',#4838,#4846,#4848,.T.);
#4846 = VERTEX_POINT('',#4847);
#4847 = CARTESIAN_POINT('',(13.3,75.,12.));
#4848 = LINE('',#4849,#4850);
#4849 = CARTESIAN_POINT('',(-6.,75.,12.));
#4850 = VECTOR('',#4851,1.);
#4851 = DIRECTION('',(-1.,0.,0.));
#4852 = ORIENTED_EDGE('',*,*,#4853,.F.);
#4853 = EDGE_CURVE('',#4854,#4846,#4856,.T.);
#4854 = VERTEX_POINT('',#4855);
#4855 = CARTESIAN_POINT('',(12.3,76.,12.));
#4856 = CIRCLE('',#4857,1.);
#4857 = AXIS2_PLACEMENT_3D('',#4858,#4859,#4860);
#4858 = CARTESIAN_POINT('',(13.3,76.,12.));
#4859 = DIRECTION('',(0.,0.,1.));
#4860 = DIRECTION('',(-1.,0.,0.));
#4861 = ORIENTED_EDGE('',*,*,#4862,.T.);
#4862 = EDGE_CURVE('',#4854,#4863,#4865,.T.);
#4863 = VERTEX_POINT('',#4864);
#4864 = CARTESIAN_POINT('',(12.3,79.,12.));
#4865 = LINE('',#4866,#4867);
#4866 = CARTESIAN_POINT('',(12.3,70.,12.));
#4867 = VECTOR('',#4868,1.);
#4868 = DIRECTION('',(0.,1.,0.));
#4869 = ORIENTED_EDGE('',*,*,#4870,.F.);
#4870 = EDGE_CURVE('',#4871,#4863,#4873,.T.);
#4871 = VERTEX_POINT('',#4872);
#4872 = CARTESIAN_POINT('',(-12.3,79.,12.));
#4873 = LINE('',#4874,#4875);
#4874 = CARTESIAN_POINT('',(-24.3,79.,12.));
#4875 = VECTOR('',#4876,1.);
#4876 = DIRECTION('',(1.,0.,0.));
#4877 = ORIENTED_EDGE('',*,*,#4878,.F.);
#4878 = EDGE_CURVE('',#4879,#4871,#4881,.T.);
#4879 = VERTEX_POINT('',#4880);
#4880 = CARTESIAN_POINT('',(-12.3,76.,12.));
#4881 = LINE('',#4882,#4883);
#4882 = CARTESIAN_POINT('',(-12.3,70.,12.));
#4883 = VECTOR('',#4884,1.);
#4884 = DIRECTION('',(0.,1.,0.));
#4885 = ORIENTED_EDGE('',*,*,#4886,.F.);
#4886 = EDGE_CURVE('',#4887,#4879,#4889,.T.);
#4887 = VERTEX_POINT('',#4888);
#4888 = CARTESIAN_POINT('',(-13.3,75.,12.));
#4889 = CIRCLE('',#4890,1.);
#4890 = AXIS2_PLACEMENT_3D('',#4891,#4892,#4893);
#4891 = CARTESIAN_POINT('',(-13.3,76.,12.));
#4892 = DIRECTION('',(0.,0.,1.));
#4893 = DIRECTION('',(1.,0.,0.));
#4894 = ORIENTED_EDGE('',*,*,#4895,.T.);
#4895 = EDGE_CURVE('',#4887,#4829,#4896,.T.);
#4896 = LINE('',#4897,#4898);
#4897 = CARTESIAN_POINT('',(-24.3,75.,12.));
#4898 = VECTOR('',#4899,1.);
#4899 = DIRECTION('',(-1.,0.,0.));
#4900 = PLANE('',#4901);
#4901 = AXIS2_PLACEMENT_3D('',#4902,#4903,#4904);
#4902 = CARTESIAN_POINT('',(-24.3,65.,12.));
#4903 = DIRECTION('',(0.,0.,1.));
#4904 = DIRECTION('',(1.,0.,0.));
#4905 = ADVANCED_FACE('',(#4906),#4917,.T.);
#4906 = FACE_BOUND('',#4907,.T.);
#4907 = EDGE_LOOP('',(#4908,#4914,#4915,#4916));
#4908 = ORIENTED_EDGE('',*,*,#4909,.F.);
#4909 = EDGE_CURVE('',#4765,#4609,#4910,.T.);
#4910 = LINE('',#4911,#4912);
#4911 = CARTESIAN_POINT('',(-24.3,67.,12.));
#4912 = VECTOR('',#4913,1.);
#4913 = DIRECTION('',(0.,0.,1.));
#4914 = ORIENTED_EDGE('',*,*,#4774,.T.);
#4915 = ORIENTED_EDGE('',*,*,#4541,.T.);
#4916 = ORIENTED_EDGE('',*,*,#4618,.F.);
#4917 = CYLINDRICAL_SURFACE('',#4918,2.);
#4918 = AXIS2_PLACEMENT_3D('',#4919,#4920,#4921);
#4919 = CARTESIAN_POINT('',(-22.3,67.,12.));
#4920 = DIRECTION('',(0.,0.,1.));
#4921 = DIRECTION('',(-1.,0.,0.));
#4922 = ADVANCED_FACE('',(#4923),#4934,.F.);
#4923 = FACE_BOUND('',#4924,.F.);
#4924 = EDGE_LOOP('',(#4925,#4926,#4932,#4933));
#4925 = ORIENTED_EDGE('',*,*,#4591,.F.);
#4926 = ORIENTED_EDGE('',*,*,#4927,.F.);
#4927 = EDGE_CURVE('',#4795,#4592,#4928,.T.);
#4928 = LINE('',#4929,#4930);
#4929 = CARTESIAN_POINT('',(2.65,55.,11.));
#4930 = VECTOR('',#4931,1.);
#4931 = DIRECTION('',(0.,0.,1.));
#4932 = ORIENTED_EDGE('',*,*,#4794,.T.);
#4933 = ORIENTED_EDGE('',*,*,#4927,.T.);
#4934 = CYLINDRICAL_SURFACE('',#4935,2.65);
#4935 = AXIS2_PLACEMENT_3D('',#4936,#4937,#4938);
#4936 = CARTESIAN_POINT('',(0.,55.,11.));
#4937 = DIRECTION('',(0.,0.,1.));
#4938 = DIRECTION('',(1.,0.,0.));
#4939 = ADVANCED_FACE('',(#4940),#5043,.T.);
#4940 = FACE_BOUND('',#4941,.T.);
#4941 = EDGE_LOOP('',(#4942,#4943,#4944,#4953,#5037));
#4942 = ORIENTED_EDGE('',*,*,#4608,.F.);
#4943 = ORIENTED_EDGE('',*,*,#4658,.T.);
#4944 = ORIENTED_EDGE('',*,*,#4945,.F.);
#4945 = EDGE_CURVE('',#4946,#4659,#4948,.T.);
#4946 = VERTEX_POINT('',#4947);
#4947 = CARTESIAN_POINT('',(-23.3,75.,35.732050807569));
#4948 = CIRCLE('',#4949,2.);
#4949 = AXIS2_PLACEMENT_3D('',#4950,#4951,#4952);
#4950 = CARTESIAN_POINT('',(-22.3,75.,34.));
#4951 = DIRECTION('',(0.,1.,-0.));
#4952 = DIRECTION('',(-1.,0.,0.));
#4953 = ORIENTED_EDGE('',*,*,#4954,.F.);
#4954 = EDGE_CURVE('',#4955,#4946,#4957,.T.);
#4955 = VERTEX_POINT('',#4956);
#4956 = CARTESIAN_POINT('',(-24.3,76.,34.));
#4957 = B_SPLINE_CURVE_WITH_KNOTS('',8,(#4958,#4959,#4960,#4961,#4962,
    #4963,#4964,#4965,#4966,#4967,#4968,#4969,#4970,#4971,#4972,#4973,
    #4974,#4975,#4976,#4977,#4978,#4979,#4980,#4981,#4982,#4983,#4984,
    #4985,#4986,#4987,#4988,#4989,#4990,#4991,#4992,#4993,#4994,#4995,
    #4996,#4997,#4998,#4999,#5000,#5001,#5002,#5003,#5004,#5005,#5006,
    #5007,#5008,#5009,#5010,#5011,#5012,#5013,#5014,#5015,#5016,#5017,
    #5018,#5019,#5020,#5021,#5022,#5023,#5024,#5025,#5026,#5027,#5028,
    #5029,#5030,#5031,#5032,#5033,#5034,#5035,#5036),.UNSPECIFIED.,.F.,
  .F.,(9,7,7,7,7,7,7,7,7,7,7,9),(0.,8.716993879905E-04,
    1.807968623186E-03,2.711951767425E-03,3.648218541274E-03,
    4.584483293659E-03,5.520745505867E-03,6.424719917219E-03,
    7.360975624539E-03,8.232658316912E-03,0.778878315894,1.),
  .UNSPECIFIED.);
#4958 = CARTESIAN_POINT('',(-24.3,76.,34.));
#4959 = CARTESIAN_POINT('',(-24.3,75.999853567102,34.00020708739));
#4960 = CARTESIAN_POINT('',(-24.29999997549,75.999707134205,
    34.00041417478));
#4961 = CARTESIAN_POINT('',(-24.29999992648,75.99956070131,
    34.000621262168));
#4962 = CARTESIAN_POINT('',(-24.29999985296,75.99941426842,
    34.000828349555));
#4963 = CARTESIAN_POINT('',(-24.29999975494,75.999267835537,
    34.001035436939));
#4964 = CARTESIAN_POINT('',(-24.29999963241,75.999121402664,
    34.001242524318));
#4965 = CARTESIAN_POINT('',(-24.29999948537,75.998974969805,
    34.001449611693));
#4966 = CARTESIAN_POINT('',(-24.29999912959,75.998671257318,
    34.001879126121));
#4967 = CARTESIAN_POINT('',(-24.29999891707,75.998513977693,
    34.002101553174));
#4968 = CARTESIAN_POINT('',(-24.29999867628,75.998356698089,
    34.002323980219));
#4969 = CARTESIAN_POINT('',(-24.29999840722,75.998199418509,
    34.002546407254));
#4970 = CARTESIAN_POINT('',(-24.29999810989,75.998042138955,
    34.002768834279));
#4971 = CARTESIAN_POINT('',(-24.29999778429,75.997884859431,
    34.002991261291));
#4972 = CARTESIAN_POINT('',(-24.29999743041,75.99772757994,
    34.00321368829));
#4973 = CARTESIAN_POINT('',(-24.29999667931,75.997418444618,
    34.003650872138));
#4974 = CARTESIAN_POINT('',(-24.29999628399,75.997266588785,
    34.003865628989));
#4975 = CARTESIAN_POINT('',(-24.29999586231,75.997114732989,
    34.004080385824));
#4976 = CARTESIAN_POINT('',(-24.29999541428,75.996962877231,
    34.004295142644));
#4977 = CARTESIAN_POINT('',(-24.2999949399,75.996811021516,
    34.004509899447));
#4978 = CARTESIAN_POINT('',(-24.29999443916,75.996659165845,
    34.004724656232));
#4979 = CARTESIAN_POINT('',(-24.29999391207,75.996507310222,
    34.004939412997));
#4980 = CARTESIAN_POINT('',(-24.2999927854,75.996198175913,
    34.005376596019));
#4981 = CARTESIAN_POINT('',(-24.29999218392,75.99604089723,
    34.005599022273));
#4982 = CARTESIAN_POINT('',(-24.29999155417,75.995883618605,
    34.005821448505));
#4983 = CARTESIAN_POINT('',(-24.29999089614,75.995726340039,
    34.006043874712));
#4984 = CARTESIAN_POINT('',(-24.29999020984,75.995569061538,
    34.006266300894));
#4985 = CARTESIAN_POINT('',(-24.29998949528,75.995411783102,
    34.006488727049));
#4986 = CARTESIAN_POINT('',(-24.29998875244,75.995254504737,
    34.006711153175));
#4987 = CARTESIAN_POINT('',(-24.29998721022,75.994939948491,
    34.007156004889));
#4988 = CARTESIAN_POINT('',(-24.29998641084,75.994782670611,
    34.007378430477));
#4989 = CARTESIAN_POINT('',(-24.29998558319,75.994625392806,
    34.007600856034));
#4990 = CARTESIAN_POINT('',(-24.29998472727,75.99446811508,
    34.007823281559));
#4991 = CARTESIAN_POINT('',(-24.29998384308,75.994310837437,
    34.008045707051));
#4992 = CARTESIAN_POINT('',(-24.29998293062,75.994153559879,
    34.008268132508));
#4993 = CARTESIAN_POINT('',(-24.29998198989,75.993996282409,
    34.00849055793));
#4994 = CARTESIAN_POINT('',(-24.29998005188,75.993681728079,
    34.008935408096));
#4995 = CARTESIAN_POINT('',(-24.29997905461,75.993524451218,
    34.00915783284));
#4996 = CARTESIAN_POINT('',(-24.29997802907,75.993367174453,
    34.009380257546));
#4997 = CARTESIAN_POINT('',(-24.29997697526,75.993209897785,
    34.009602682212));
#4998 = CARTESIAN_POINT('',(-24.29997589317,75.993052621217,
    34.009825106838));
#4999 = CARTESIAN_POINT('',(-24.29997478282,75.992895344754,
    34.010047531422));
#5000 = CARTESIAN_POINT('',(-24.29997364419,75.992738068398,
    34.010269955963));
#5001 = CARTESIAN_POINT('',(-24.29997135064,75.992428939711,
    34.010707134457));
#5002 = CARTESIAN_POINT('',(-24.29997019763,75.992277087373,
    34.010921888413));
#5003 = CARTESIAN_POINT('',(-24.29996901826,75.99212523514,
    34.011136642327));
#5004 = CARTESIAN_POINT('',(-24.29996781254,75.991973383016,
    34.011351396197));
#5005 = CARTESIAN_POINT('',(-24.29996658047,75.991821531002,
    34.011566150022));
#5006 = CARTESIAN_POINT('',(-24.29996532204,75.991669679103,
    34.011780903801));
#5007 = CARTESIAN_POINT('',(-24.29996403725,75.99151782732,
    34.011995657532));
#5008 = CARTESIAN_POINT('',(-24.29996136815,75.991208701308,
    34.012432833842));
#5009 = CARTESIAN_POINT('',(-24.29995998192,75.991051427088,
    34.012655256415));
#5010 = CARTESIAN_POINT('',(-24.29995856742,75.990894152999,
    34.012877678936));
#5011 = CARTESIAN_POINT('',(-24.29995712464,75.990736879045,
    34.013100101402));
#5012 = CARTESIAN_POINT('',(-24.2999556536,75.990579605228,
    34.013322523813));
#5013 = CARTESIAN_POINT('',(-24.29995415428,75.990422331551,
    34.013544946167));
#5014 = CARTESIAN_POINT('',(-24.29995262669,75.990265058018,
    34.013767368463));
#5015 = CARTESIAN_POINT('',(-24.29994962228,75.989961358301,
    34.014196872603));
#5016 = CARTESIAN_POINT('',(-24.29994814923,75.989814932097,
    34.014403954455));
#5017 = CARTESIAN_POINT('',(-24.29994665166,75.989668506023,
    34.014611036255));
#5018 = CARTESIAN_POINT('',(-24.29994512959,75.989522080081,
    34.014818118001));
#5019 = CARTESIAN_POINT('',(-24.29994358302,75.989375654273,
    34.015025199693));
#5020 = CARTESIAN_POINT('',(-24.29994201194,75.989229228603,
    34.015232281329));
#5021 = CARTESIAN_POINT('',(-24.29994041635,75.989082803073,
    34.015439362909));
#5022 = CARTESIAN_POINT('',(-24.29850648759,75.85948320602,
    34.198725077581));
#5023 = CARTESIAN_POINT('',(-24.27793848086,75.731737226305,
    34.379503109316));
#5024 = CARTESIAN_POINT('',(-24.23900302128,75.605949772233,
    34.559363089323));
#5025 = CARTESIAN_POINT('',(-24.18067068934,75.48297099214,
    34.738736362743));
#5026 = CARTESIAN_POINT('',(-24.10106211478,75.364786056698,
    34.916943019292));
#5027 = CARTESIAN_POINT('',(-23.99786137834,75.255171520303,
    35.09189180546));
#5028 = CARTESIAN_POINT('',(-23.86889791617,75.160215559879,
    35.259529208569));
#5029 = CARTESIAN_POINT('',(-23.66982991538,75.069621731157,
    35.45859720936));
#5030 = CARTESIAN_POINT('',(-23.62313230587,75.051355885726,
    35.502111027723));
#5031 = CARTESIAN_POINT('',(-23.57418666247,75.035332576612,
    35.544507520955));
#5032 = CARTESIAN_POINT('',(-23.52308548347,75.021864924005,
    35.58555211089));
#5033 = CARTESIAN_POINT('',(-23.46994861566,75.011270144967,
    35.625024004966));
#5034 = CARTESIAN_POINT('',(-23.41492585707,75.003871303505,
    35.66271814294));
#5035 = CARTESIAN_POINT('',(-23.35820138367,75.,35.698448223038));
#5036 = CARTESIAN_POINT('',(-23.3,75.,35.732050807569));
#5037 = ORIENTED_EDGE('',*,*,#5038,.F.);
#5038 = EDGE_CURVE('',#4609,#4955,#5039,.T.);
#5039 = LINE('',#5040,#5041);
#5040 = CARTESIAN_POINT('',(-24.3,65.,34.));
#5041 = VECTOR('',#5042,1.);
#5042 = DIRECTION('',(0.,1.,0.));
#5043 = CYLINDRICAL_SURFACE('',#5044,2.);
#5044 = AXIS2_PLACEMENT_3D('',#5045,#5046,#5047);
#5045 = CARTESIAN_POINT('',(-22.3,65.,34.));
#5046 = DIRECTION('',(0.,1.,0.));
#5047 = DIRECTION('',(-1.,0.,0.));
#5048 = ADVANCED_FACE('',(#5049),#5152,.T.);
#5049 = FACE_BOUND('',#5050,.F.);
#5050 = EDGE_LOOP('',(#5051,#5052,#5053,#5062,#5146));
#5051 = ORIENTED_EDGE('',*,*,#4633,.F.);
#5052 = ORIENTED_EDGE('',*,*,#4667,.T.);
#5053 = ORIENTED_EDGE('',*,*,#5054,.T.);
#5054 = EDGE_CURVE('',#4668,#5055,#5057,.T.);
#5055 = VERTEX_POINT('',#5056);
#5056 = CARTESIAN_POINT('',(23.3,75.,35.732050807569));
#5057 = CIRCLE('',#5058,2.);
#5058 = AXIS2_PLACEMENT_3D('',#5059,#5060,#5061);
#5059 = CARTESIAN_POINT('',(22.3,75.,34.));
#5060 = DIRECTION('',(-0.,1.,0.));
#5061 = DIRECTION('',(1.,0.,0.));
#5062 = ORIENTED_EDGE('',*,*,#5063,.F.);
#5063 = EDGE_CURVE('',#5064,#5055,#5066,.T.);
#5064 = VERTEX_POINT('',#5065);
#5065 = CARTESIAN_POINT('',(24.3,76.,34.));
#5066 = B_SPLINE_CURVE_WITH_KNOTS('',8,(#5067,#5068,#5069,#5070,#5071,
    #5072,#5073,#5074,#5075,#5076,#5077,#5078,#5079,#5080,#5081,#5082,
    #5083,#5084,#5085,#5086,#5087,#5088,#5089,#5090,#5091,#5092,#5093,
    #5094,#5095,#5096,#5097,#5098,#5099,#5100,#5101,#5102,#5103,#5104,
    #5105,#5106,#5107,#5108,#5109,#5110,#5111,#5112,#5113,#5114,#5115,
    #5116,#5117,#5118,#5119,#5120,#5121,#5122,#5123,#5124,#5125,#5126,
    #5127,#5128,#5129,#5130,#5131,#5132,#5133,#5134,#5135,#5136,#5137,
    #5138,#5139,#5140,#5141,#5142,#5143,#5144,#5145),.UNSPECIFIED.,.F.,
  .F.,(9,7,7,7,7,7,7,7,7,7,7,9),(0.,8.716993879809E-04,
    1.807968623166E-03,2.711951767396E-03,3.648218541234E-03,
    4.584483293609E-03,5.520745505767E-03,6.42471991707E-03,
    7.360975624341E-03,8.232658316666E-03,0.778878315907,1.),
  .UNSPECIFIED.);
#5067 = CARTESIAN_POINT('',(24.3,76.,34.));
#5068 = CARTESIAN_POINT('',(24.3,75.999853567102,34.00020708739));
#5069 = CARTESIAN_POINT('',(24.299999975494,75.999707134205,
    34.00041417478));
#5070 = CARTESIAN_POINT('',(24.299999926483,75.99956070131,
    34.000621262168));
#5071 = CARTESIAN_POINT('',(24.299999852965,75.99941426842,
    34.000828349555));
#5072 = CARTESIAN_POINT('',(24.299999754942,75.999267835537,
    34.001035436939));
#5073 = CARTESIAN_POINT('',(24.299999632413,75.999121402664,
    34.001242524318));
#5074 = CARTESIAN_POINT('',(24.299999485378,75.998974969805,
    34.001449611693));
#5075 = CARTESIAN_POINT('',(24.29999912959,75.998671257318,
    34.001879126121));
#5076 = CARTESIAN_POINT('',(24.299998917071,75.998513977693,
    34.002101553174));
#5077 = CARTESIAN_POINT('',(24.299998676282,75.998356698089,
    34.002323980219));
#5078 = CARTESIAN_POINT('',(24.299998407223,75.998199418509,
    34.002546407254));
#5079 = CARTESIAN_POINT('',(24.299998109892,75.998042138955,
    34.002768834279));
#5080 = CARTESIAN_POINT('',(24.299997784291,75.997884859431,
    34.002991261291));
#5081 = CARTESIAN_POINT('',(24.299997430419,75.99772757994,
    34.00321368829));
#5082 = CARTESIAN_POINT('',(24.299996679311,75.997418444618,
    34.003650872138));
#5083 = CARTESIAN_POINT('',(24.299996283991,75.997266588785,
    34.003865628989));
#5084 = CARTESIAN_POINT('',(24.299995862316,75.997114732989,
    34.004080385824));
#5085 = CARTESIAN_POINT('',(24.299995414287,75.996962877231,
    34.004295142644));
#5086 = CARTESIAN_POINT('',(24.299994939903,75.996811021516,
    34.004509899447));
#5087 = CARTESIAN_POINT('',(24.299994439164,75.996659165845,
    34.004724656232));
#5088 = CARTESIAN_POINT('',(24.299993912071,75.996507310222,
    34.004939412997));
#5089 = CARTESIAN_POINT('',(24.299992785409,75.996198175913,
    34.005376596019));
#5090 = CARTESIAN_POINT('',(24.299992183925,75.99604089723,
    34.005599022273));
#5091 = CARTESIAN_POINT('',(24.29999155417,75.995883618605,
    34.005821448505));
#5092 = CARTESIAN_POINT('',(24.299990896145,75.995726340039,
    34.006043874712));
#5093 = CARTESIAN_POINT('',(24.299990209848,75.995569061538,
    34.006266300894));
#5094 = CARTESIAN_POINT('',(24.299989495281,75.995411783102,
    34.006488727049));
#5095 = CARTESIAN_POINT('',(24.299988752443,75.995254504737,
    34.006711153175));
#5096 = CARTESIAN_POINT('',(24.299987210226,75.994939948491,
    34.007156004889));
#5097 = CARTESIAN_POINT('',(24.299986410848,75.994782670611,
    34.007378430477));
#5098 = CARTESIAN_POINT('',(24.299985583199,75.994625392806,
    34.007600856034));
#5099 = CARTESIAN_POINT('',(24.299984727279,75.99446811508,
    34.007823281559));
#5100 = CARTESIAN_POINT('',(24.299983843088,75.994310837437,
    34.008045707051));
#5101 = CARTESIAN_POINT('',(24.299982930626,75.994153559879,
    34.008268132508));
#5102 = CARTESIAN_POINT('',(24.299981989894,75.993996282409,
    34.00849055793));
#5103 = CARTESIAN_POINT('',(24.299980051889,75.993681728079,
    34.008935408096));
#5104 = CARTESIAN_POINT('',(24.299979054618,75.993524451218,
    34.00915783284));
#5105 = CARTESIAN_POINT('',(24.299978029075,75.993367174453,
    34.009380257546));
#5106 = CARTESIAN_POINT('',(24.299976975262,75.993209897785,
    34.009602682212));
#5107 = CARTESIAN_POINT('',(24.299975893177,75.993052621217,
    34.009825106838));
#5108 = CARTESIAN_POINT('',(24.299974782822,75.992895344754,
    34.010047531422));
#5109 = CARTESIAN_POINT('',(24.299973644196,75.992738068398,
    34.010269955963));
#5110 = CARTESIAN_POINT('',(24.299971350643,75.992428939711,
    34.010707134457));
#5111 = CARTESIAN_POINT('',(24.299970197632,75.992277087373,
    34.010921888413));
#5112 = CARTESIAN_POINT('',(24.299969018267,75.99212523514,
    34.011136642327));
#5113 = CARTESIAN_POINT('',(24.299967812547,75.991973383016,
    34.011351396197));
#5114 = CARTESIAN_POINT('',(24.299966580472,75.991821531002,
    34.011566150022));
#5115 = CARTESIAN_POINT('',(24.299965322042,75.991669679103,
    34.011780903801));
#5116 = CARTESIAN_POINT('',(24.299964037257,75.99151782732,
    34.011995657532));
#5117 = CARTESIAN_POINT('',(24.299961368156,75.991208701308,
    34.012432833842));
#5118 = CARTESIAN_POINT('',(24.299959981924,75.991051427088,
    34.012655256415));
#5119 = CARTESIAN_POINT('',(24.299958567421,75.990894152999,
    34.012877678936));
#5120 = CARTESIAN_POINT('',(24.299957124647,75.990736879045,
    34.013100101402));
#5121 = CARTESIAN_POINT('',(24.299955653602,75.990579605228,
    34.013322523813));
#5122 = CARTESIAN_POINT('',(24.299954154286,75.990422331551,
    34.013544946167));
#5123 = CARTESIAN_POINT('',(24.299952626699,75.990265058018,
    34.013767368463));
#5124 = CARTESIAN_POINT('',(24.299949622289,75.989961358301,
    34.014196872603));
#5125 = CARTESIAN_POINT('',(24.299948149231,75.989814932097,
    34.014403954455));
#5126 = CARTESIAN_POINT('',(24.299946651668,75.989668506023,
    34.014611036255));
#5127 = CARTESIAN_POINT('',(24.299945129598,75.989522080081,
    34.014818118001));
#5128 = CARTESIAN_POINT('',(24.299943583022,75.989375654273,
    34.015025199693));
#5129 = CARTESIAN_POINT('',(24.29994201194,75.989229228603,
    34.015232281329));
#5130 = CARTESIAN_POINT('',(24.299940416352,75.989082803073,
    34.015439362909));
#5131 = CARTESIAN_POINT('',(24.298506487596,75.859483206011,
    34.198725077594));
#5132 = CARTESIAN_POINT('',(24.27793848086,75.73173722631,
    34.379503109309));
#5133 = CARTESIAN_POINT('',(24.23900302129,75.605949772245,
    34.559363089306));
#5134 = CARTESIAN_POINT('',(24.180670689343,75.482970992136,
    34.738736362747));
#5135 = CARTESIAN_POINT('',(24.101062114776,75.364786056687,
    34.916943019306));
#5136 = CARTESIAN_POINT('',(23.99786137834,75.255171520304,
    35.091891805464));
#5137 = CARTESIAN_POINT('',(23.868897916188,75.160215559884,
    35.259529208558));
#5138 = CARTESIAN_POINT('',(23.669829915386,75.069621731157,
    35.45859720936));
#5139 = CARTESIAN_POINT('',(23.623132305873,75.051355885726,
    35.502111027723));
#5140 = CARTESIAN_POINT('',(23.574186662473,75.035332576612,
    35.544507520955));
#5141 = CARTESIAN_POINT('',(23.523085483478,75.021864924005,
    35.58555211089));
#5142 = CARTESIAN_POINT('',(23.469948615669,75.011270144967,
    35.625024004967));
#5143 = CARTESIAN_POINT('',(23.414925857076,75.003871303505,
    35.66271814294));
#5144 = CARTESIAN_POINT('',(23.358201383673,75.,35.698448223038));
#5145 = CARTESIAN_POINT('',(23.3,75.,35.732050807569));
#5146 = ORIENTED_EDGE('',*,*,#5147,.F.);
#5147 = EDGE_CURVE('',#4634,#5064,#5148,.T.);
#5148 = LINE('',#5149,#5150);
#5149 = CARTESIAN_POINT('',(24.3,65.,34.));
#5150 = VECTOR('',#5151,1.);
#5151 = DIRECTION('',(0.,1.,0.));
#5152 = CYLINDRICAL_SURFACE('',#5153,2.);
#5153 = AXIS2_PLACEMENT_3D('',#5154,#5155,#5156);
#5154 = CARTESIAN_POINT('',(22.3,65.,34.));
#5155 = DIRECTION('',(0.,1.,0.));
#5156 = DIRECTION('',(1.,0.,0.));
#5157 = ADVANCED_FACE('',(#5158),#5184,.F.);
#5158 = FACE_BOUND('',#5159,.F.);
#5159 = EDGE_LOOP('',(#5160,#5161,#5169,#5177,#5183));
#5160 = ORIENTED_EDGE('',*,*,#4945,.F.);
#5161 = ORIENTED_EDGE('',*,*,#5162,.T.);
#5162 = EDGE_CURVE('',#4946,#5163,#5165,.T.);
#5163 = VERTEX_POINT('',#5164);
#5164 = CARTESIAN_POINT('',(-23.3,75.,45.));
#5165 = LINE('',#5166,#5167);
#5166 = CARTESIAN_POINT('',(-23.3,75.,2.));
#5167 = VECTOR('',#5168,1.);
#5168 = DIRECTION('',(0.,0.,1.));
#5169 = ORIENTED_EDGE('',*,*,#5170,.T.);
#5170 = EDGE_CURVE('',#5163,#5171,#5173,.T.);
#5171 = VERTEX_POINT('',#5172);
#5172 = CARTESIAN_POINT('',(-13.3,75.,45.));
#5173 = LINE('',#5174,#5175);
#5174 = CARTESIAN_POINT('',(-24.3,75.,45.));
#5175 = VECTOR('',#5176,1.);
#5176 = DIRECTION('',(1.,0.,0.));
#5177 = ORIENTED_EDGE('',*,*,#5178,.F.);
#5178 = EDGE_CURVE('',#4717,#5171,#5179,.T.);
#5179 = LINE('',#5180,#5181);
#5180 = CARTESIAN_POINT('',(-13.3,75.,2.));
#5181 = VECTOR('',#5182,1.);
#5182 = DIRECTION('',(0.,0.,1.));
#5183 = ORIENTED_EDGE('',*,*,#4725,.T.);
#5184 = PLANE('',#5185);
#5185 = AXIS2_PLACEMENT_3D('',#5186,#5187,#5188);
#5186 = CARTESIAN_POINT('',(-24.3,75.,2.));
#5187 = DIRECTION('',(0.,1.,0.));
#5188 = DIRECTION('',(0.,0.,1.));
#5189 = ADVANCED_FACE('',(#5190),#5209,.T.);
#5190 = FACE_BOUND('',#5191,.F.);
#5191 = EDGE_LOOP('',(#5192,#5200,#5201,#5202));
#5192 = ORIENTED_EDGE('',*,*,#5193,.F.);
#5193 = EDGE_CURVE('',#4709,#5194,#5196,.T.);
#5194 = VERTEX_POINT('',#5195);
#5195 = CARTESIAN_POINT('',(-12.3,76.,45.));
#5196 = LINE('',#5197,#5198);
#5197 = CARTESIAN_POINT('',(-12.3,76.,2.));
#5198 = VECTOR('',#5199,1.);
#5199 = DIRECTION('',(0.,0.,1.));
#5200 = ORIENTED_EDGE('',*,*,#4716,.F.);
#5201 = ORIENTED_EDGE('',*,*,#5178,.T.);
#5202 = ORIENTED_EDGE('',*,*,#5203,.F.);
#5203 = EDGE_CURVE('',#5194,#5171,#5204,.T.);
#5204 = CIRCLE('',#5205,1.);
#5205 = AXIS2_PLACEMENT_3D('',#5206,#5207,#5208);
#5206 = CARTESIAN_POINT('',(-13.3,76.,45.));
#5207 = DIRECTION('',(0.,0.,-1.));
#5208 = DIRECTION('',(1.,0.,0.));
#5209 = CYLINDRICAL_SURFACE('',#5210,1.);
#5210 = AXIS2_PLACEMENT_3D('',#5211,#5212,#5213);
#5211 = CARTESIAN_POINT('',(-13.3,76.,2.));
#5212 = DIRECTION('',(0.,0.,1.));
#5213 = DIRECTION('',(1.,0.,0.));
#5214 = ADVANCED_FACE('',(#5215),#5242,.T.);
#5215 = FACE_BOUND('',#5216,.T.);
#5216 = EDGE_LOOP('',(#5217,#5227,#5234,#5235));
#5217 = ORIENTED_EDGE('',*,*,#5218,.F.);
#5218 = EDGE_CURVE('',#5219,#5221,#5223,.T.);
#5219 = VERTEX_POINT('',#5220);
#5220 = CARTESIAN_POINT('',(-12.3,81.,34.));
#5221 = VERTEX_POINT('',#5222);
#5222 = CARTESIAN_POINT('',(12.3,81.,34.));
#5223 = LINE('',#5224,#5225);
#5224 = CARTESIAN_POINT('',(-24.3,81.,34.));
#5225 = VECTOR('',#5226,1.);
#5226 = DIRECTION('',(1.,0.,0.));
#5227 = ORIENTED_EDGE('',*,*,#5228,.T.);
#5228 = EDGE_CURVE('',#5219,#4701,#5229,.T.);
#5229 = CIRCLE('',#5230,2.);
#5230 = AXIS2_PLACEMENT_3D('',#5231,#5232,#5233);
#5231 = CARTESIAN_POINT('',(-12.3,79.,34.));
#5232 = DIRECTION('',(1.,0.,0.));
#5233 = DIRECTION('',(0.,1.,0.));
#5234 = ORIENTED_EDGE('',*,*,#4700,.T.);
#5235 = ORIENTED_EDGE('',*,*,#5236,.F.);
#5236 = EDGE_CURVE('',#5221,#4693,#5237,.T.);
#5237 = CIRCLE('',#5238,2.);
#5238 = AXIS2_PLACEMENT_3D('',#5239,#5240,#5241);
#5239 = CARTESIAN_POINT('',(12.3,79.,34.));
#5240 = DIRECTION('',(1.,0.,0.));
#5241 = DIRECTION('',(0.,1.,0.));
#5242 = CYLINDRICAL_SURFACE('',#5243,2.);
#5243 = AXIS2_PLACEMENT_3D('',#5244,#5245,#5246);
#5244 = CARTESIAN_POINT('',(-24.3,79.,34.));
#5245 = DIRECTION('',(1.,0.,0.));
#5246 = DIRECTION('',(0.,1.,0.));
#5247 = ADVANCED_FACE('',(#5248),#5264,.T.);
#5248 = FACE_BOUND('',#5249,.T.);
#5249 = EDGE_LOOP('',(#5250,#5256,#5257,#5263));
#5250 = ORIENTED_EDGE('',*,*,#5251,.F.);
#5251 = EDGE_CURVE('',#4684,#4036,#5252,.T.);
#5252 = LINE('',#5253,#5254);
#5253 = CARTESIAN_POINT('',(12.3,76.,2.));
#5254 = VECTOR('',#5255,1.);
#5255 = DIRECTION('',(0.,0.,1.));
#5256 = ORIENTED_EDGE('',*,*,#4683,.T.);
#5257 = ORIENTED_EDGE('',*,*,#5258,.T.);
#5258 = EDGE_CURVE('',#4676,#4119,#5259,.T.);
#5259 = LINE('',#5260,#5261);
#5260 = CARTESIAN_POINT('',(13.3,75.,2.));
#5261 = VECTOR('',#5262,1.);
#5262 = DIRECTION('',(0.,0.,1.));
#5263 = ORIENTED_EDGE('',*,*,#4127,.F.);
#5264 = CYLINDRICAL_SURFACE('',#5265,1.);
#5265 = AXIS2_PLACEMENT_3D('',#5266,#5267,#5268);
#5266 = CARTESIAN_POINT('',(13.3,76.,2.));
#5267 = DIRECTION('',(0.,0.,1.));
#5268 = DIRECTION('',(-1.,0.,0.));
#5269 = ADVANCED_FACE('',(#5270),#5289,.F.);
#5270 = FACE_BOUND('',#5271,.F.);
#5271 = EDGE_LOOP('',(#5272,#5273,#5274,#5282,#5288));
#5272 = ORIENTED_EDGE('',*,*,#4675,.T.);
#5273 = ORIENTED_EDGE('',*,*,#5258,.T.);
#5274 = ORIENTED_EDGE('',*,*,#5275,.T.);
#5275 = EDGE_CURVE('',#4119,#5276,#5278,.T.);
#5276 = VERTEX_POINT('',#5277);
#5277 = CARTESIAN_POINT('',(23.3,75.,45.));
#5278 = LINE('',#5279,#5280);
#5279 = CARTESIAN_POINT('',(12.3,75.,45.));
#5280 = VECTOR('',#5281,1.);
#5281 = DIRECTION('',(1.,0.,0.));
#5282 = ORIENTED_EDGE('',*,*,#5283,.F.);
#5283 = EDGE_CURVE('',#5055,#5276,#5284,.T.);
#5284 = LINE('',#5285,#5286);
#5285 = CARTESIAN_POINT('',(23.3,75.,2.));
#5286 = VECTOR('',#5287,1.);
#5287 = DIRECTION('',(0.,0.,1.));
#5288 = ORIENTED_EDGE('',*,*,#5054,.F.);
#5289 = PLANE('',#5290);
#5290 = AXIS2_PLACEMENT_3D('',#5291,#5292,#5293);
#5291 = CARTESIAN_POINT('',(12.3,75.,2.));
#5292 = DIRECTION('',(0.,1.,0.));
#5293 = DIRECTION('',(0.,0.,1.));
#5294 = ADVANCED_FACE('',(#5295),#5398,.T.);
#5295 = FACE_BOUND('',#5296,.F.);
#5296 = EDGE_LOOP('',(#5297,#5298,#5299,#5308,#5392));
#5297 = ORIENTED_EDGE('',*,*,#4764,.F.);
#5298 = ORIENTED_EDGE('',*,*,#4828,.T.);
#5299 = ORIENTED_EDGE('',*,*,#5300,.T.);
#5300 = EDGE_CURVE('',#4829,#5301,#5303,.T.);
#5301 = VERTEX_POINT('',#5302);
#5302 = CARTESIAN_POINT('',(-23.3,75.,12.267949192431));
#5303 = CIRCLE('',#5304,2.);
#5304 = AXIS2_PLACEMENT_3D('',#5305,#5306,#5307);
#5305 = CARTESIAN_POINT('',(-22.3,75.,14.));
#5306 = DIRECTION('',(0.,1.,-0.));
#5307 = DIRECTION('',(-1.,0.,0.));
#5308 = ORIENTED_EDGE('',*,*,#5309,.F.);
#5309 = EDGE_CURVE('',#5310,#5301,#5312,.T.);
#5310 = VERTEX_POINT('',#5311);
#5311 = CARTESIAN_POINT('',(-24.3,76.,14.));
#5312 = B_SPLINE_CURVE_WITH_KNOTS('',8,(#5313,#5314,#5315,#5316,#5317,
    #5318,#5319,#5320,#5321,#5322,#5323,#5324,#5325,#5326,#5327,#5328,
    #5329,#5330,#5331,#5332,#5333,#5334,#5335,#5336,#5337,#5338,#5339,
    #5340,#5341,#5342,#5343,#5344,#5345,#5346,#5347,#5348,#5349,#5350,
    #5351,#5352,#5353,#5354,#5355,#5356,#5357,#5358,#5359,#5360,#5361,
    #5362,#5363,#5364,#5365,#5366,#5367,#5368,#5369,#5370,#5371,#5372,
    #5373,#5374,#5375,#5376,#5377,#5378,#5379,#5380,#5381,#5382,#5383,
    #5384,#5385,#5386,#5387,#5388,#5389,#5390,#5391),.UNSPECIFIED.,.F.,
  .F.,(9,7,7,7,7,7,7,7,7,7,7,9),(0.,8.716993878861E-04,
    1.807968622958E-03,2.711951767055E-03,3.648218540858E-03,
    4.584483293163E-03,5.520745505227E-03,6.424719916429E-03,
    7.36097562362E-03,8.232658315921E-03,0.77887831591,1.),
  .UNSPECIFIED.);
#5313 = CARTESIAN_POINT('',(-24.3,76.,14.));
#5314 = CARTESIAN_POINT('',(-24.3,75.999853567102,13.99979291261));
#5315 = CARTESIAN_POINT('',(-24.29999997549,75.999707134205,
    13.99958582522));
#5316 = CARTESIAN_POINT('',(-24.29999992648,75.99956070131,
    13.999378737832));
#5317 = CARTESIAN_POINT('',(-24.29999985296,75.99941426842,
    13.999171650445));
#5318 = CARTESIAN_POINT('',(-24.29999975494,75.999267835537,
    13.998964563061));
#5319 = CARTESIAN_POINT('',(-24.29999963241,75.999121402664,
    13.998757475682));
#5320 = CARTESIAN_POINT('',(-24.29999948537,75.998974969805,
    13.998550388307));
#5321 = CARTESIAN_POINT('',(-24.29999912959,75.998671257318,
    13.998120873879));
#5322 = CARTESIAN_POINT('',(-24.29999891707,75.998513977693,
    13.997898446826));
#5323 = CARTESIAN_POINT('',(-24.29999867628,75.998356698089,
    13.997676019781));
#5324 = CARTESIAN_POINT('',(-24.29999840722,75.998199418509,
    13.997453592746));
#5325 = CARTESIAN_POINT('',(-24.29999810989,75.998042138955,
    13.997231165721));
#5326 = CARTESIAN_POINT('',(-24.29999778429,75.997884859431,
    13.997008738709));
#5327 = CARTESIAN_POINT('',(-24.29999743041,75.99772757994,
    13.99678631171));
#5328 = CARTESIAN_POINT('',(-24.29999667931,75.997418444618,
    13.996349127862));
#5329 = CARTESIAN_POINT('',(-24.29999628399,75.997266588785,
    13.996134371011));
#5330 = CARTESIAN_POINT('',(-24.29999586231,75.997114732988,
    13.995919614176));
#5331 = CARTESIAN_POINT('',(-24.29999541428,75.996962877231,
    13.995704857356));
#5332 = CARTESIAN_POINT('',(-24.2999949399,75.996811021516,
    13.995490100553));
#5333 = CARTESIAN_POINT('',(-24.29999443916,75.996659165845,
    13.995275343768));
#5334 = CARTESIAN_POINT('',(-24.29999391207,75.996507310222,
    13.995060587003));
#5335 = CARTESIAN_POINT('',(-24.2999927854,75.996198175913,
    13.994623403981));
#5336 = CARTESIAN_POINT('',(-24.29999218392,75.99604089723,
    13.994400977727));
#5337 = CARTESIAN_POINT('',(-24.29999155417,75.995883618605,
    13.994178551495));
#5338 = CARTESIAN_POINT('',(-24.29999089614,75.995726340039,
    13.993956125288));
#5339 = CARTESIAN_POINT('',(-24.29999020984,75.995569061538,
    13.993733699106));
#5340 = CARTESIAN_POINT('',(-24.29998949528,75.995411783102,
    13.993511272951));
#5341 = CARTESIAN_POINT('',(-24.29998875244,75.995254504737,
    13.993288846825));
#5342 = CARTESIAN_POINT('',(-24.29998721022,75.994939948491,
    13.992843995111));
#5343 = CARTESIAN_POINT('',(-24.29998641084,75.994782670611,
    13.992621569523));
#5344 = CARTESIAN_POINT('',(-24.29998558319,75.994625392806,
    13.992399143966));
#5345 = CARTESIAN_POINT('',(-24.29998472727,75.99446811508,
    13.992176718441));
#5346 = CARTESIAN_POINT('',(-24.29998384308,75.994310837437,
    13.991954292949));
#5347 = CARTESIAN_POINT('',(-24.29998293062,75.994153559879,
    13.991731867492));
#5348 = CARTESIAN_POINT('',(-24.29998198989,75.993996282409,
    13.99150944207));
#5349 = CARTESIAN_POINT('',(-24.29998005188,75.993681728079,
    13.991064591904));
#5350 = CARTESIAN_POINT('',(-24.29997905461,75.993524451218,
    13.99084216716));
#5351 = CARTESIAN_POINT('',(-24.29997802907,75.993367174453,
    13.990619742454));
#5352 = CARTESIAN_POINT('',(-24.29997697526,75.993209897785,
    13.990397317788));
#5353 = CARTESIAN_POINT('',(-24.29997589317,75.993052621217,
    13.990174893162));
#5354 = CARTESIAN_POINT('',(-24.29997478282,75.992895344754,
    13.989952468578));
#5355 = CARTESIAN_POINT('',(-24.29997364419,75.992738068398,
    13.989730044037));
#5356 = CARTESIAN_POINT('',(-24.29997135064,75.992428939711,
    13.989292865543));
#5357 = CARTESIAN_POINT('',(-24.29997019763,75.992277087373,
    13.989078111587));
#5358 = CARTESIAN_POINT('',(-24.29996901826,75.99212523514,
    13.988863357673));
#5359 = CARTESIAN_POINT('',(-24.29996781254,75.991973383016,
    13.988648603803));
#5360 = CARTESIAN_POINT('',(-24.29996658047,75.991821531002,
    13.988433849978));
#5361 = CARTESIAN_POINT('',(-24.29996532204,75.991669679103,
    13.988219096199));
#5362 = CARTESIAN_POINT('',(-24.29996403725,75.99151782732,
    13.988004342467));
#5363 = CARTESIAN_POINT('',(-24.29996136815,75.991208701308,
    13.987567166158));
#5364 = CARTESIAN_POINT('',(-24.29995998192,75.991051427088,
    13.987344743585));
#5365 = CARTESIAN_POINT('',(-24.29995856742,75.990894152999,
    13.987122321064));
#5366 = CARTESIAN_POINT('',(-24.29995712464,75.990736879045,
    13.986899898598));
#5367 = CARTESIAN_POINT('',(-24.2999556536,75.990579605228,
    13.986677476187));
#5368 = CARTESIAN_POINT('',(-24.29995415428,75.990422331551,
    13.986455053833));
#5369 = CARTESIAN_POINT('',(-24.29995262669,75.990265058018,
    13.986232631537));
#5370 = CARTESIAN_POINT('',(-24.29994962228,75.989961358301,
    13.985803127397));
#5371 = CARTESIAN_POINT('',(-24.29994814923,75.989814932097,
    13.985596045545));
#5372 = CARTESIAN_POINT('',(-24.29994665166,75.989668506023,
    13.985388963745));
#5373 = CARTESIAN_POINT('',(-24.29994512959,75.989522080081,
    13.985181881999));
#5374 = CARTESIAN_POINT('',(-24.29994358302,75.989375654273,
    13.984974800307));
#5375 = CARTESIAN_POINT('',(-24.29994201194,75.989229228603,
    13.984767718671));
#5376 = CARTESIAN_POINT('',(-24.29994041635,75.989082803073,
    13.984560637091));
#5377 = CARTESIAN_POINT('',(-24.29850648759,75.859483206009,
    13.801274922404));
#5378 = CARTESIAN_POINT('',(-24.27793848086,75.73173722631,
    13.620496890691));
#5379 = CARTESIAN_POINT('',(-24.23900302129,75.605949772248,
    13.440636910698));
#5380 = CARTESIAN_POINT('',(-24.18067068934,75.482970992135,
    13.261263637252));
#5381 = CARTESIAN_POINT('',(-24.10106211477,75.364786056685,
    13.083056980691));
#5382 = CARTESIAN_POINT('',(-23.99786137833,75.255171520304,
    12.908108194535));
#5383 = CARTESIAN_POINT('',(-23.86889791619,75.160215559885,
    12.740470791444));
#5384 = CARTESIAN_POINT('',(-23.66982991538,75.069621731157,
    12.54140279064));
#5385 = CARTESIAN_POINT('',(-23.62313230587,75.051355885726,
    12.497888972277));
#5386 = CARTESIAN_POINT('',(-23.57418666247,75.035332576612,
    12.455492479045));
#5387 = CARTESIAN_POINT('',(-23.52308548347,75.021864924005,
    12.41444788911));
#5388 = CARTESIAN_POINT('',(-23.46994861566,75.011270144967,
    12.374975995033));
#5389 = CARTESIAN_POINT('',(-23.41492585707,75.003871303505,
    12.33728185706));
#5390 = CARTESIAN_POINT('',(-23.35820138367,75.,12.301551776962));
#5391 = CARTESIAN_POINT('',(-23.3,75.,12.267949192431));
#5392 = ORIENTED_EDGE('',*,*,#5393,.F.);
#5393 = EDGE_CURVE('',#4765,#5310,#5394,.T.);
#5394 = LINE('',#5395,#5396);
#5395 = CARTESIAN_POINT('',(-24.3,65.,14.));
#5396 = VECTOR('',#5397,1.);
#5397 = DIRECTION('',(0.,1.,0.));
#5398 = CYLINDRICAL_SURFACE('',#5399,2.);
#5399 = AXIS2_PLACEMENT_3D('',#5400,#5401,#5402);
#5400 = CARTESIAN_POINT('',(-22.3,65.,14.));
#5401 = DIRECTION('',(0.,1.,0.));
#5402 = DIRECTION('',(-1.,0.,0.));
#5403 = ADVANCED_FACE('',(#5404),#5507,.T.);
#5404 = FACE_BOUND('',#5405,.T.);
#5405 = EDGE_LOOP('',(#5406,#5407,#5408,#5417,#5501));
#5406 = ORIENTED_EDGE('',*,*,#4811,.F.);
#5407 = ORIENTED_EDGE('',*,*,#4837,.T.);
#5408 = ORIENTED_EDGE('',*,*,#5409,.F.);
#5409 = EDGE_CURVE('',#5410,#4838,#5412,.T.);
#5410 = VERTEX_POINT('',#5411);
#5411 = CARTESIAN_POINT('',(23.3,75.,12.267949192431));
#5412 = CIRCLE('',#5413,2.);
#5413 = AXIS2_PLACEMENT_3D('',#5414,#5415,#5416);
#5414 = CARTESIAN_POINT('',(22.3,75.,14.));
#5415 = DIRECTION('',(-0.,1.,0.));
#5416 = DIRECTION('',(1.,0.,0.));
#5417 = ORIENTED_EDGE('',*,*,#5418,.F.);
#5418 = EDGE_CURVE('',#5419,#5410,#5421,.T.);
#5419 = VERTEX_POINT('',#5420);
#5420 = CARTESIAN_POINT('',(24.3,76.,14.));
#5421 = B_SPLINE_CURVE_WITH_KNOTS('',8,(#5422,#5423,#5424,#5425,#5426,
    #5427,#5428,#5429,#5430,#5431,#5432,#5433,#5434,#5435,#5436,#5437,
    #5438,#5439,#5440,#5441,#5442,#5443,#5444,#5445,#5446,#5447,#5448,
    #5449,#5450,#5451,#5452,#5453,#5454,#5455,#5456,#5457,#5458,#5459,
    #5460,#5461,#5462,#5463,#5464,#5465,#5466,#5467,#5468,#5469,#5470,
    #5471,#5472,#5473,#5474,#5475,#5476,#5477,#5478,#5479,#5480,#5481,
    #5482,#5483,#5484,#5485,#5486,#5487,#5488,#5489,#5490,#5491,#5492,
    #5493,#5494,#5495,#5496,#5497,#5498,#5499,#5500),.UNSPECIFIED.,.F.,
  .F.,(9,7,7,7,7,7,7,7,7,7,7,9),(0.,8.716993879119E-04,
    1.807968623016E-03,2.711951767149E-03,3.648218540984E-03,
    4.584483293311E-03,5.520745505397E-03,6.42471991662E-03,
    7.360975623823E-03,8.23265831614E-03,0.778878315924,1.),
  .UNSPECIFIED.);
#5422 = CARTESIAN_POINT('',(24.3,76.,14.));
#5423 = CARTESIAN_POINT('',(24.3,75.999853567102,13.99979291261));
#5424 = CARTESIAN_POINT('',(24.299999975494,75.999707134205,
    13.99958582522));
#5425 = CARTESIAN_POINT('',(24.299999926483,75.99956070131,
    13.999378737832));
#5426 = CARTESIAN_POINT('',(24.299999852965,75.99941426842,
    13.999171650445));
#5427 = CARTESIAN_POINT('',(24.299999754942,75.999267835537,
    13.998964563061));
#5428 = CARTESIAN_POINT('',(24.299999632413,75.999121402664,
    13.998757475682));
#5429 = CARTESIAN_POINT('',(24.299999485378,75.998974969805,
    13.998550388307));
#5430 = CARTESIAN_POINT('',(24.29999912959,75.998671257318,
    13.998120873879));
#5431 = CARTESIAN_POINT('',(24.299998917071,75.998513977693,
    13.997898446826));
#5432 = CARTESIAN_POINT('',(24.299998676282,75.998356698089,
    13.997676019781));
#5433 = CARTESIAN_POINT('',(24.299998407223,75.998199418509,
    13.997453592746));
#5434 = CARTESIAN_POINT('',(24.299998109892,75.998042138955,
    13.997231165721));
#5435 = CARTESIAN_POINT('',(24.299997784291,75.997884859431,
    13.997008738709));
#5436 = CARTESIAN_POINT('',(24.299997430419,75.99772757994,
    13.99678631171));
#5437 = CARTESIAN_POINT('',(24.299996679311,75.997418444618,
    13.996349127862));
#5438 = CARTESIAN_POINT('',(24.299996283991,75.997266588785,
    13.996134371011));
#5439 = CARTESIAN_POINT('',(24.299995862316,75.997114732988,
    13.995919614176));
#5440 = CARTESIAN_POINT('',(24.299995414287,75.996962877231,
    13.995704857356));
#5441 = CARTESIAN_POINT('',(24.299994939903,75.996811021516,
    13.995490100553));
#5442 = CARTESIAN_POINT('',(24.299994439164,75.996659165845,
    13.995275343768));
#5443 = CARTESIAN_POINT('',(24.299993912071,75.996507310222,
    13.995060587003));
#5444 = CARTESIAN_POINT('',(24.299992785409,75.996198175913,
    13.994623403981));
#5445 = CARTESIAN_POINT('',(24.299992183925,75.99604089723,
    13.994400977727));
#5446 = CARTESIAN_POINT('',(24.29999155417,75.995883618605,
    13.994178551495));
#5447 = CARTESIAN_POINT('',(24.299990896145,75.995726340039,
    13.993956125288));
#5448 = CARTESIAN_POINT('',(24.299990209848,75.995569061538,
    13.993733699106));
#5449 = CARTESIAN_POINT('',(24.299989495281,75.995411783102,
    13.993511272951));
#5450 = CARTESIAN_POINT('',(24.299988752443,75.995254504737,
    13.993288846825));
#5451 = CARTESIAN_POINT('',(24.299987210226,75.994939948491,
    13.992843995111));
#5452 = CARTESIAN_POINT('',(24.299986410848,75.994782670611,
    13.992621569523));
#5453 = CARTESIAN_POINT('',(24.299985583199,75.994625392806,
    13.992399143966));
#5454 = CARTESIAN_POINT('',(24.299984727279,75.99446811508,
    13.992176718441));
#5455 = CARTESIAN_POINT('',(24.299983843088,75.994310837437,
    13.991954292949));
#5456 = CARTESIAN_POINT('',(24.299982930626,75.994153559879,
    13.991731867492));
#5457 = CARTESIAN_POINT('',(24.299981989894,75.993996282409,
    13.99150944207));
#5458 = CARTESIAN_POINT('',(24.299980051889,75.993681728079,
    13.991064591904));
#5459 = CARTESIAN_POINT('',(24.299979054618,75.993524451218,
    13.99084216716));
#5460 = CARTESIAN_POINT('',(24.299978029075,75.993367174453,
    13.990619742454));
#5461 = CARTESIAN_POINT('',(24.299976975262,75.993209897785,
    13.990397317788));
#5462 = CARTESIAN_POINT('',(24.299975893177,75.993052621217,
    13.990174893162));
#5463 = CARTESIAN_POINT('',(24.299974782822,75.992895344754,
    13.989952468578));
#5464 = CARTESIAN_POINT('',(24.299973644196,75.992738068398,
    13.989730044037));
#5465 = CARTESIAN_POINT('',(24.299971350643,75.992428939711,
    13.989292865543));
#5466 = CARTESIAN_POINT('',(24.299970197632,75.992277087373,
    13.989078111587));
#5467 = CARTESIAN_POINT('',(24.299969018267,75.99212523514,
    13.988863357673));
#5468 = CARTESIAN_POINT('',(24.299967812547,75.991973383016,
    13.988648603803));
#5469 = CARTESIAN_POINT('',(24.299966580472,75.991821531002,
    13.988433849978));
#5470 = CARTESIAN_POINT('',(24.299965322042,75.991669679103,
    13.988219096199));
#5471 = CARTESIAN_POINT('',(24.299964037257,75.99151782732,
    13.988004342467));
#5472 = CARTESIAN_POINT('',(24.299961368156,75.991208701308,
    13.987567166158));
#5473 = CARTESIAN_POINT('',(24.299959981924,75.991051427088,
    13.987344743585));
#5474 = CARTESIAN_POINT('',(24.299958567421,75.990894152999,
    13.987122321064));
#5475 = CARTESIAN_POINT('',(24.299957124647,75.990736879045,
    13.986899898598));
#5476 = CARTESIAN_POINT('',(24.299955653602,75.990579605228,
    13.986677476187));
#5477 = CARTESIAN_POINT('',(24.299954154286,75.990422331551,
    13.986455053833));
#5478 = CARTESIAN_POINT('',(24.299952626699,75.990265058018,
    13.986232631537));
#5479 = CARTESIAN_POINT('',(24.299949622289,75.989961358301,
    13.985803127397));
#5480 = CARTESIAN_POINT('',(24.299948149231,75.989814932097,
    13.985596045545));
#5481 = CARTESIAN_POINT('',(24.299946651668,75.989668506023,
    13.985388963745));
#5482 = CARTESIAN_POINT('',(24.299945129598,75.989522080081,
    13.985181881999));
#5483 = CARTESIAN_POINT('',(24.299943583022,75.989375654273,
    13.984974800307));
#5484 = CARTESIAN_POINT('',(24.29994201194,75.989229228603,
    13.984767718671));
#5485 = CARTESIAN_POINT('',(24.299940416352,75.989082803073,
    13.984560637091));
#5486 = CARTESIAN_POINT('',(24.298506487596,75.859483206009,
    13.801274922403));
#5487 = CARTESIAN_POINT('',(24.27793848086,75.731737226311,
    13.620496890693));
#5488 = CARTESIAN_POINT('',(24.239003021289,75.605949772246,
    13.440636910694));
#5489 = CARTESIAN_POINT('',(24.180670689346,75.482970992137,
    13.261263637256));
#5490 = CARTESIAN_POINT('',(24.101062114773,75.364786056684,
    13.083056980689));
#5491 = CARTESIAN_POINT('',(23.997861378339,75.255171520305,
    12.908108194537));
#5492 = CARTESIAN_POINT('',(23.86889791619,75.160215559885,
    12.740470791444));
#5493 = CARTESIAN_POINT('',(23.66982991539,75.069621731159,
    12.541402790644));
#5494 = CARTESIAN_POINT('',(23.623132305875,75.051355885726,
    12.497888972278));
#5495 = CARTESIAN_POINT('',(23.57418666247,75.035332576611,
    12.455492479042));
#5496 = CARTESIAN_POINT('',(23.523085483474,75.021864924004,
    12.414447889107));
#5497 = CARTESIAN_POINT('',(23.469948615667,75.011270144967,
    12.374975995032));
#5498 = CARTESIAN_POINT('',(23.414925857078,75.003871303505,
    12.337281857062));
#5499 = CARTESIAN_POINT('',(23.358201383677,75.,12.301551776964));
#5500 = CARTESIAN_POINT('',(23.3,75.,12.267949192431));
#5501 = ORIENTED_EDGE('',*,*,#5502,.F.);
#5502 = EDGE_CURVE('',#4740,#5419,#5503,.T.);
#5503 = LINE('',#5504,#5505);
#5504 = CARTESIAN_POINT('',(24.3,65.,14.));
#5505 = VECTOR('',#5506,1.);
#5506 = DIRECTION('',(0.,1.,0.));
#5507 = CYLINDRICAL_SURFACE('',#5508,2.);
#5508 = AXIS2_PLACEMENT_3D('',#5509,#5510,#5511);
#5509 = CARTESIAN_POINT('',(22.3,65.,14.));
#5510 = DIRECTION('',(0.,1.,0.));
#5511 = DIRECTION('',(1.,0.,0.));
#5512 = ADVANCED_FACE('',(#5513),#5537,.F.);
#5513 = FACE_BOUND('',#5514,.F.);
#5514 = EDGE_LOOP('',(#5515,#5523,#5529,#5530,#5531));
#5515 = ORIENTED_EDGE('',*,*,#5516,.F.);
#5516 = EDGE_CURVE('',#5517,#4010,#5519,.T.);
#5517 = VERTEX_POINT('',#5518);
#5518 = CARTESIAN_POINT('',(-23.3,75.,3.));
#5519 = LINE('',#5520,#5521);
#5520 = CARTESIAN_POINT('',(-24.3,75.,3.));
#5521 = VECTOR('',#5522,1.);
#5522 = DIRECTION('',(1.,0.,0.));
#5523 = ORIENTED_EDGE('',*,*,#5524,.T.);
#5524 = EDGE_CURVE('',#5517,#5301,#5525,.T.);
#5525 = LINE('',#5526,#5527);
#5526 = CARTESIAN_POINT('',(-23.3,75.,2.));
#5527 = VECTOR('',#5528,1.);
#5528 = DIRECTION('',(0.,0.,1.));
#5529 = ORIENTED_EDGE('',*,*,#5300,.F.);
#5530 = ORIENTED_EDGE('',*,*,#4895,.F.);
#5531 = ORIENTED_EDGE('',*,*,#5532,.F.);
#5532 = EDGE_CURVE('',#4010,#4887,#5533,.T.);
#5533 = LINE('',#5534,#5535);
#5534 = CARTESIAN_POINT('',(-13.3,75.,2.));
#5535 = VECTOR('',#5536,1.);
#5536 = DIRECTION('',(0.,0.,1.));
#5537 = PLANE('',#5538);
#5538 = AXIS2_PLACEMENT_3D('',#5539,#5540,#5541);
#5539 = CARTESIAN_POINT('',(-24.3,75.,2.));
#5540 = DIRECTION('',(0.,1.,0.));
#5541 = DIRECTION('',(0.,0.,1.));
#5542 = ADVANCED_FACE('',(#5543),#5554,.T.);
#5543 = FACE_BOUND('',#5544,.F.);
#5544 = EDGE_LOOP('',(#5545,#5551,#5552,#5553));
#5545 = ORIENTED_EDGE('',*,*,#5546,.F.);
#5546 = EDGE_CURVE('',#3933,#4879,#5547,.T.);
#5547 = LINE('',#5548,#5549);
#5548 = CARTESIAN_POINT('',(-12.3,76.,2.));
#5549 = VECTOR('',#5550,1.);
#5550 = DIRECTION('',(0.,0.,1.));
#5551 = ORIENTED_EDGE('',*,*,#4018,.T.);
#5552 = ORIENTED_EDGE('',*,*,#5532,.T.);
#5553 = ORIENTED_EDGE('',*,*,#4886,.T.);
#5554 = CYLINDRICAL_SURFACE('',#5555,1.);
#5555 = AXIS2_PLACEMENT_3D('',#5556,#5557,#5558);
#5556 = CARTESIAN_POINT('',(-13.3,76.,2.));
#5557 = DIRECTION('',(0.,0.,1.));
#5558 = DIRECTION('',(1.,0.,0.));
#5559 = ADVANCED_FACE('',(#5560),#5587,.T.);
#5560 = FACE_BOUND('',#5561,.F.);
#5561 = EDGE_LOOP('',(#5562,#5571,#5572,#5581));
#5562 = ORIENTED_EDGE('',*,*,#5563,.F.);
#5563 = EDGE_CURVE('',#4871,#5564,#5566,.T.);
#5564 = VERTEX_POINT('',#5565);
#5565 = CARTESIAN_POINT('',(-12.3,81.,14.));
#5566 = CIRCLE('',#5567,2.);
#5567 = AXIS2_PLACEMENT_3D('',#5568,#5569,#5570);
#5568 = CARTESIAN_POINT('',(-12.3,79.,14.));
#5569 = DIRECTION('',(1.,0.,0.));
#5570 = DIRECTION('',(0.,1.,0.));
#5571 = ORIENTED_EDGE('',*,*,#4870,.T.);
#5572 = ORIENTED_EDGE('',*,*,#5573,.T.);
#5573 = EDGE_CURVE('',#4863,#5574,#5576,.T.);
#5574 = VERTEX_POINT('',#5575);
#5575 = CARTESIAN_POINT('',(12.3,81.,14.));
#5576 = CIRCLE('',#5577,2.);
#5577 = AXIS2_PLACEMENT_3D('',#5578,#5579,#5580);
#5578 = CARTESIAN_POINT('',(12.3,79.,14.));
#5579 = DIRECTION('',(1.,0.,0.));
#5580 = DIRECTION('',(0.,1.,0.));
#5581 = ORIENTED_EDGE('',*,*,#5582,.F.);
#5582 = EDGE_CURVE('',#5564,#5574,#5583,.T.);
#5583 = LINE('',#5584,#5585);
#5584 = CARTESIAN_POINT('',(-24.3,81.,14.));
#5585 = VECTOR('',#5586,1.);
#5586 = DIRECTION('',(1.,0.,0.));
#5587 = CYLINDRICAL_SURFACE('',#5588,2.);
#5588 = AXIS2_PLACEMENT_3D('',#5589,#5590,#5591);
#5589 = CARTESIAN_POINT('',(-24.3,79.,14.));
#5590 = DIRECTION('',(1.,0.,0.));
#5591 = DIRECTION('',(0.,1.,0.));
#5592 = ADVANCED_FACE('',(#5593),#5609,.T.);
#5593 = FACE_BOUND('',#5594,.T.);
#5594 = EDGE_LOOP('',(#5595,#5601,#5602,#5608));
#5595 = ORIENTED_EDGE('',*,*,#5596,.F.);
#5596 = EDGE_CURVE('',#3830,#4854,#5597,.T.);
#5597 = LINE('',#5598,#5599);
#5598 = CARTESIAN_POINT('',(12.3,76.,2.));
#5599 = VECTOR('',#5600,1.);
#5600 = DIRECTION('',(0.,0.,1.));
#5601 = ORIENTED_EDGE('',*,*,#3915,.T.);
#5602 = ORIENTED_EDGE('',*,*,#5603,.T.);
#5603 = EDGE_CURVE('',#3907,#4846,#5604,.T.);
#5604 = LINE('',#5605,#5606);
#5605 = CARTESIAN_POINT('',(13.3,75.,2.));
#5606 = VECTOR('',#5607,1.);
#5607 = DIRECTION('',(0.,0.,1.));
#5608 = ORIENTED_EDGE('',*,*,#4853,.F.);
#5609 = CYLINDRICAL_SURFACE('',#5610,1.);
#5610 = AXIS2_PLACEMENT_3D('',#5611,#5612,#5613);
#5611 = CARTESIAN_POINT('',(13.3,76.,2.));
#5612 = DIRECTION('',(0.,0.,1.));
#5613 = DIRECTION('',(-1.,0.,0.));
#5614 = ADVANCED_FACE('',(#5615),#5634,.F.);
#5615 = FACE_BOUND('',#5616,.F.);
#5616 = EDGE_LOOP('',(#5617,#5625,#5626,#5627,#5628));
#5617 = ORIENTED_EDGE('',*,*,#5618,.F.);
#5618 = EDGE_CURVE('',#3907,#5619,#5621,.T.);
#5619 = VERTEX_POINT('',#5620);
#5620 = CARTESIAN_POINT('',(23.3,75.,3.));
#5621 = LINE('',#5622,#5623);
#5622 = CARTESIAN_POINT('',(12.3,75.,3.));
#5623 = VECTOR('',#5624,1.);
#5624 = DIRECTION('',(1.,0.,0.));
#5625 = ORIENTED_EDGE('',*,*,#5603,.T.);
#5626 = ORIENTED_EDGE('',*,*,#4845,.F.);
#5627 = ORIENTED_EDGE('',*,*,#5409,.F.);
#5628 = ORIENTED_EDGE('',*,*,#5629,.F.);
#5629 = EDGE_CURVE('',#5619,#5410,#5630,.T.);
#5630 = LINE('',#5631,#5632);
#5631 = CARTESIAN_POINT('',(23.3,75.,2.));
#5632 = VECTOR('',#5633,1.);
#5633 = DIRECTION('',(0.,0.,1.));
#5634 = PLANE('',#5635);
#5635 = AXIS2_PLACEMENT_3D('',#5636,#5637,#5638);
#5636 = CARTESIAN_POINT('',(12.3,75.,2.));
#5637 = DIRECTION('',(0.,1.,0.));
#5638 = DIRECTION('',(0.,0.,1.));
#5639 = ADVANCED_FACE('',(#5640),#5659,.T.);
#5640 = FACE_BOUND('',#5641,.T.);
#5641 = EDGE_LOOP('',(#5642,#5650,#5651,#5652));
#5642 = ORIENTED_EDGE('',*,*,#5643,.F.);
#5643 = EDGE_CURVE('',#4955,#5644,#5646,.T.);
#5644 = VERTEX_POINT('',#5645);
#5645 = CARTESIAN_POINT('',(-24.3,76.,45.));
#5646 = LINE('',#5647,#5648);
#5647 = CARTESIAN_POINT('',(-24.3,76.,2.));
#5648 = VECTOR('',#5649,1.);
#5649 = DIRECTION('',(0.,0.,1.));
#5650 = ORIENTED_EDGE('',*,*,#4954,.T.);
#5651 = ORIENTED_EDGE('',*,*,#5162,.T.);
#5652 = ORIENTED_EDGE('',*,*,#5653,.F.);
#5653 = EDGE_CURVE('',#5644,#5163,#5654,.T.);
#5654 = CIRCLE('',#5655,1.);
#5655 = AXIS2_PLACEMENT_3D('',#5656,#5657,#5658);
#5656 = CARTESIAN_POINT('',(-23.3,76.,45.));
#5657 = DIRECTION('',(0.,0.,1.));
#5658 = DIRECTION('',(-1.,0.,0.));
#5659 = CYLINDRICAL_SURFACE('',#5660,1.);
#5660 = AXIS2_PLACEMENT_3D('',#5661,#5662,#5663);
#5661 = CARTESIAN_POINT('',(-23.3,76.,2.));
#5662 = DIRECTION('',(0.,0.,1.));
#5663 = DIRECTION('',(-1.,0.,0.));
#5664 = ADVANCED_FACE('',(#5665),#5684,.T.);
#5665 = FACE_BOUND('',#5666,.F.);
#5666 = EDGE_LOOP('',(#5667,#5675,#5676,#5677));
#5667 = ORIENTED_EDGE('',*,*,#5668,.F.);
#5668 = EDGE_CURVE('',#5064,#5669,#5671,.T.);
#5669 = VERTEX_POINT('',#5670);
#5670 = CARTESIAN_POINT('',(24.3,76.,45.));
#5671 = LINE('',#5672,#5673);
#5672 = CARTESIAN_POINT('',(24.3,76.,2.));
#5673 = VECTOR('',#5674,1.);
#5674 = DIRECTION('',(0.,0.,1.));
#5675 = ORIENTED_EDGE('',*,*,#5063,.T.);
#5676 = ORIENTED_EDGE('',*,*,#5283,.T.);
#5677 = ORIENTED_EDGE('',*,*,#5678,.F.);
#5678 = EDGE_CURVE('',#5669,#5276,#5679,.T.);
#5679 = CIRCLE('',#5680,1.);
#5680 = AXIS2_PLACEMENT_3D('',#5681,#5682,#5683);
#5681 = CARTESIAN_POINT('',(23.3,76.,45.));
#5682 = DIRECTION('',(0.,0.,-1.));
#5683 = DIRECTION('',(1.,0.,0.));
#5684 = CYLINDRICAL_SURFACE('',#5685,1.);
#5685 = AXIS2_PLACEMENT_3D('',#5686,#5687,#5688);
#5686 = CARTESIAN_POINT('',(23.3,76.,2.));
#5687 = DIRECTION('',(0.,0.,1.));
#5688 = DIRECTION('',(1.,0.,0.));
#5689 = ADVANCED_FACE('',(#5690),#5717,.T.);
#5690 = FACE_BOUND('',#5691,.F.);
#5691 = EDGE_LOOP('',(#5692,#5701,#5709,#5716));
#5692 = ORIENTED_EDGE('',*,*,#5693,.F.);
#5693 = EDGE_CURVE('',#5694,#5163,#5696,.T.);
#5694 = VERTEX_POINT('',#5695);
#5695 = CARTESIAN_POINT('',(-23.3,76.,46.));
#5696 = CIRCLE('',#5697,1.);
#5697 = AXIS2_PLACEMENT_3D('',#5698,#5699,#5700);
#5698 = CARTESIAN_POINT('',(-23.3,76.,45.));
#5699 = DIRECTION('',(1.,-6.123233995737E-17,0.));
#5700 = DIRECTION('',(-6.123233995737E-17,-1.,0.));
#5701 = ORIENTED_EDGE('',*,*,#5702,.T.);
#5702 = EDGE_CURVE('',#5694,#5703,#5705,.T.);
#5703 = VERTEX_POINT('',#5704);
#5704 = CARTESIAN_POINT('',(-13.3,76.,46.));
#5705 = LINE('',#5706,#5707);
#5706 = CARTESIAN_POINT('',(-24.3,76.,46.));
#5707 = VECTOR('',#5708,1.);
#5708 = DIRECTION('',(1.,0.,0.));
#5709 = ORIENTED_EDGE('',*,*,#5710,.T.);
#5710 = EDGE_CURVE('',#5703,#5171,#5711,.T.);
#5711 = CIRCLE('',#5712,1.);
#5712 = AXIS2_PLACEMENT_3D('',#5713,#5714,#5715);
#5713 = CARTESIAN_POINT('',(-13.3,76.,45.));
#5714 = DIRECTION('',(1.,6.123233995737E-17,0.));
#5715 = DIRECTION('',(6.123233995737E-17,-1.,0.));
#5716 = ORIENTED_EDGE('',*,*,#5170,.F.);
#5717 = CYLINDRICAL_SURFACE('',#5718,1.);
#5718 = AXIS2_PLACEMENT_3D('',#5719,#5720,#5721);
#5719 = CARTESIAN_POINT('',(-24.3,76.,45.));
#5720 = DIRECTION('',(1.,0.,0.));
#5721 = DIRECTION('',(0.,-1.,0.));
#5722 = ADVANCED_FACE('',(#5723),#5734,.T.);
#5723 = FACE_BOUND('',#5724,.T.);
#5724 = EDGE_LOOP('',(#5725,#5732,#5733));
#5725 = ORIENTED_EDGE('',*,*,#5726,.F.);
#5726 = EDGE_CURVE('',#5703,#5194,#5727,.T.);
#5727 = CIRCLE('',#5728,1.);
#5728 = AXIS2_PLACEMENT_3D('',#5729,#5730,#5731);
#5729 = CARTESIAN_POINT('',(-13.3,76.,45.));
#5730 = DIRECTION('',(-0.,1.,0.));
#5731 = DIRECTION('',(1.,0.,0.));
#5732 = ORIENTED_EDGE('',*,*,#5710,.T.);
#5733 = ORIENTED_EDGE('',*,*,#5203,.F.);
#5734 = SPHERICAL_SURFACE('',#5735,1.);
#5735 = AXIS2_PLACEMENT_3D('',#5736,#5737,#5738);
#5736 = CARTESIAN_POINT('',(-13.3,76.,45.));
#5737 = DIRECTION('',(-0.,-0.,-1.));
#5738 = DIRECTION('',(1.,0.,0.));
#5739 = ADVANCED_FACE('',(#5740),#5756,.T.);
#5740 = FACE_BOUND('',#5741,.T.);
#5741 = EDGE_LOOP('',(#5742,#5743,#5749,#5750));
#5742 = ORIENTED_EDGE('',*,*,#5582,.F.);
#5743 = ORIENTED_EDGE('',*,*,#5744,.F.);
#5744 = EDGE_CURVE('',#5219,#5564,#5745,.T.);
#5745 = LINE('',#5746,#5747);
#5746 = CARTESIAN_POINT('',(-12.3,81.,7.));
#5747 = VECTOR('',#5748,1.);
#5748 = DIRECTION('',(0.,0.,-1.));
#5749 = ORIENTED_EDGE('',*,*,#5218,.T.);
#5750 = ORIENTED_EDGE('',*,*,#5751,.T.);
#5751 = EDGE_CURVE('',#5221,#5574,#5752,.T.);
#5752 = LINE('',#5753,#5754);
#5753 = CARTESIAN_POINT('',(12.3,81.,7.));
#5754 = VECTOR('',#5755,1.);
#5755 = DIRECTION('',(0.,0.,-1.));
#5756 = PLANE('',#5757);
#5757 = AXIS2_PLACEMENT_3D('',#5758,#5759,#5760);
#5758 = CARTESIAN_POINT('',(-24.3,81.,12.));
#5759 = DIRECTION('',(0.,1.,0.));
#5760 = DIRECTION('',(0.,0.,1.));
#5761 = ADVANCED_FACE('',(#5762),#5830,.T.);
#5762 = FACE_BOUND('',#5763,.F.);
#5763 = EDGE_LOOP('',(#5764,#5765,#5773,#5782,#5793,#5824));
#5764 = ORIENTED_EDGE('',*,*,#5726,.F.);
#5765 = ORIENTED_EDGE('',*,*,#5766,.T.);
#5766 = EDGE_CURVE('',#5703,#5767,#5769,.T.);
#5767 = VERTEX_POINT('',#5768);
#5768 = CARTESIAN_POINT('',(-13.3,109.,46.));
#5769 = LINE('',#5770,#5771);
#5770 = CARTESIAN_POINT('',(-13.3,75.,46.));
#5771 = VECTOR('',#5772,1.);
#5772 = DIRECTION('',(0.,1.,0.));
#5773 = ORIENTED_EDGE('',*,*,#5774,.F.);
#5774 = EDGE_CURVE('',#5775,#5767,#5777,.T.);
#5775 = VERTEX_POINT('',#5776);
#5776 = CARTESIAN_POINT('',(-13.08795994456,109.,45.977260975836));
#5777 = CIRCLE('',#5778,1.);
#5778 = AXIS2_PLACEMENT_3D('',#5779,#5780,#5781);
#5779 = CARTESIAN_POINT('',(-13.3,109.,45.));
#5780 = DIRECTION('',(0.,-1.,0.));
#5781 = DIRECTION('',(1.,0.,0.));
#5782 = ORIENTED_EDGE('',*,*,#5783,.F.);
#5783 = EDGE_CURVE('',#5784,#5775,#5786,.T.);
#5784 = VERTEX_POINT('',#5785);
#5785 = CARTESIAN_POINT('',(-12.7,107.04027028261,45.8));
#5786 = B_SPLINE_CURVE_WITH_KNOTS('',5,(#5787,#5788,#5789,#5790,#5791,
    #5792),.UNSPECIFIED.,.F.,.F.,(6,6),(0.,1.),
  .PIECEWISE_BEZIER_KNOTS.);
#5787 = CARTESIAN_POINT('',(-12.6999994,107.04026696811,45.79999955));
#5788 = CARTESIAN_POINT('',(-12.77094639287,107.43218918186,
    45.853209877794));
#5789 = CARTESIAN_POINT('',(-12.84634713792,107.82427031815,
    45.897471949847));
#5790 = CARTESIAN_POINT('',(-12.92494511511,108.21623297781,
    45.932842856526));
#5791 = CARTESIAN_POINT('',(-13.00576546736,108.60805642787,
    45.959426936512));
#5792 = CARTESIAN_POINT('',(-13.08796007039,109.0000006,45.977261003137)
  );
#5793 = ORIENTED_EDGE('',*,*,#5794,.T.);
#5794 = EDGE_CURVE('',#5784,#5795,#5797,.T.);
#5795 = VERTEX_POINT('',#5796);
#5796 = CARTESIAN_POINT('',(-12.3,104.94431013609,45.));
#5797 = B_SPLINE_CURVE_WITH_KNOTS('',7,(#5798,#5799,#5800,#5801,#5802,
    #5803,#5804,#5805,#5806,#5807,#5808,#5809,#5810,#5811,#5812,#5813,
    #5814,#5815,#5816,#5817,#5818,#5819,#5820,#5821,#5822,#5823),
  .UNSPECIFIED.,.F.,.F.,(8,6,6,6,8),(0.,0.516903592286,0.768589960937,
    0.975719610511,1.),.UNSPECIFIED.);
#5798 = CARTESIAN_POINT('',(-12.7,107.04027028261,45.8));
#5799 = CARTESIAN_POINT('',(-12.66803572465,106.86369473286,
    45.776026793489));
#5800 = CARTESIAN_POINT('',(-12.633360685,106.68966392556,
    45.747692684748));
#5801 = CARTESIAN_POINT('',(-12.59627423266,106.51871183213,
    45.714216287774));
#5802 = CARTESIAN_POINT('',(-12.55736540149,106.35136360005,
    45.674755339738));
#5803 = CARTESIAN_POINT('',(-12.51763594279,106.18808758099,
    45.628463501872));
#5804 = CARTESIAN_POINT('',(-12.47863456389,106.02920579046,
    45.574807293146));
#5805 = CARTESIAN_POINT('',(-12.42436478653,105.79973346417,
    45.484209626525));
#5806 = CARTESIAN_POINT('',(-12.40718570884,105.72566361741,
    45.452815707516));
#5807 = CARTESIAN_POINT('',(-12.39080273601,105.65268392206,
    45.41970287816));
#5808 = CARTESIAN_POINT('',(-12.37543226112,105.58079227663,
    45.384911569847));
#5809 = CARTESIAN_POINT('',(-12.36129313783,105.50996985633,
    45.34851717648));
#5810 = CARTESIAN_POINT('',(-12.34859647377,105.44018231703,
    45.310632022638));
#5811 = CARTESIAN_POINT('',(-12.32843254159,105.31475976488,
    45.239126694031));
#5812 = CARTESIAN_POINT('',(-12.32043710288,105.2588054057,
    45.205938071147));
#5813 = CARTESIAN_POINT('',(-12.31365670752,105.20349049463,
    45.171924361971));
#5814 = CARTESIAN_POINT('',(-12.30818967834,105.14877942877,
    45.13718474514));
#5815 = CARTESIAN_POINT('',(-12.30412178172,105.09462962024,
    45.101832265471));
#5816 = CARTESIAN_POINT('',(-12.30152294798,105.04099268713,
    45.06599142039));
#5817 = CARTESIAN_POINT('',(-12.30031751317,104.98158206406,
    45.025552775523));
#5818 = CARTESIAN_POINT('',(-12.30021192035,104.9753548087,
    45.021304922755));
#5819 = CARTESIAN_POINT('',(-12.30012729565,104.96913377583,
    45.017052407703));
#5820 = CARTESIAN_POINT('',(-12.30006371783,104.96291887454,
    45.012795447262));
#5821 = CARTESIAN_POINT('',(-12.3000212621,104.95671002551,
    45.00853425558));
#5822 = CARTESIAN_POINT('',(-12.30000000012,104.95050716098,
    45.004269044059));
#5823 = CARTESIAN_POINT('',(-12.3,104.94431022477,45.00000002135));
#5824 = ORIENTED_EDGE('',*,*,#5825,.F.);
#5825 = EDGE_CURVE('',#5194,#5795,#5826,.T.);
#5826 = LINE('',#5827,#5828);
#5827 = CARTESIAN_POINT('',(-12.3,75.,45.));
#5828 = VECTOR('',#5829,1.);
#5829 = DIRECTION('',(0.,1.,0.));
#5830 = CYLINDRICAL_SURFACE('',#5831,1.);
#5831 = AXIS2_PLACEMENT_3D('',#5832,#5833,#5834);
#5832 = CARTESIAN_POINT('',(-13.3,75.,45.));
#5833 = DIRECTION('',(0.,1.,0.));
#5834 = DIRECTION('',(1.,0.,0.));
#5835 = ADVANCED_FACE('',(#5836),#5855,.T.);
#5836 = FACE_BOUND('',#5837,.F.);
#5837 = EDGE_LOOP('',(#5838,#5839,#5847,#5854));
#5838 = ORIENTED_EDGE('',*,*,#4118,.F.);
#5839 = ORIENTED_EDGE('',*,*,#5840,.T.);
#5840 = EDGE_CURVE('',#4034,#5841,#5843,.T.);
#5841 = VERTEX_POINT('',#5842);
#5842 = CARTESIAN_POINT('',(23.3,76.,46.));
#5843 = LINE('',#5844,#5845);
#5844 = CARTESIAN_POINT('',(12.3,76.,46.));
#5845 = VECTOR('',#5846,1.);
#5846 = DIRECTION('',(1.,0.,0.));
#5847 = ORIENTED_EDGE('',*,*,#5848,.T.);
#5848 = EDGE_CURVE('',#5841,#5276,#5849,.T.);
#5849 = CIRCLE('',#5850,1.);
#5850 = AXIS2_PLACEMENT_3D('',#5851,#5852,#5853);
#5851 = CARTESIAN_POINT('',(23.3,76.,45.));
#5852 = DIRECTION('',(1.,6.123233995737E-17,0.));
#5853 = DIRECTION('',(6.123233995737E-17,-1.,0.));
#5854 = ORIENTED_EDGE('',*,*,#5275,.F.);
#5855 = CYLINDRICAL_SURFACE('',#5856,1.);
#5856 = AXIS2_PLACEMENT_3D('',#5857,#5858,#5859);
#5857 = CARTESIAN_POINT('',(12.3,76.,45.));
#5858 = DIRECTION('',(1.,0.,0.));
#5859 = DIRECTION('',(0.,-1.,0.));
#5860 = ADVANCED_FACE('',(#5861),#5880,.T.);
#5861 = FACE_BOUND('',#5862,.T.);
#5862 = EDGE_LOOP('',(#5863,#5871,#5878,#5879));
#5863 = ORIENTED_EDGE('',*,*,#5864,.F.);
#5864 = EDGE_CURVE('',#5865,#5310,#5867,.T.);
#5865 = VERTEX_POINT('',#5866);
#5866 = CARTESIAN_POINT('',(-24.3,76.,3.));
#5867 = LINE('',#5868,#5869);
#5868 = CARTESIAN_POINT('',(-24.3,76.,2.));
#5869 = VECTOR('',#5870,1.);
#5870 = DIRECTION('',(0.,0.,1.));
#5871 = ORIENTED_EDGE('',*,*,#5872,.T.);
#5872 = EDGE_CURVE('',#5865,#5517,#5873,.T.);
#5873 = CIRCLE('',#5874,1.);
#5874 = AXIS2_PLACEMENT_3D('',#5875,#5876,#5877);
#5875 = CARTESIAN_POINT('',(-23.3,76.,3.));
#5876 = DIRECTION('',(0.,0.,1.));
#5877 = DIRECTION('',(-1.,0.,0.));
#5878 = ORIENTED_EDGE('',*,*,#5524,.T.);
#5879 = ORIENTED_EDGE('',*,*,#5309,.F.);
#5880 = CYLINDRICAL_SURFACE('',#5881,1.);
#5881 = AXIS2_PLACEMENT_3D('',#5882,#5883,#5884);
#5882 = CARTESIAN_POINT('',(-23.3,76.,2.));
#5883 = DIRECTION('',(0.,0.,1.));
#5884 = DIRECTION('',(-1.,0.,0.));
#5885 = ADVANCED_FACE('',(#5886),#5905,.T.);
#5886 = FACE_BOUND('',#5887,.F.);
#5887 = EDGE_LOOP('',(#5888,#5896,#5903,#5904));
#5888 = ORIENTED_EDGE('',*,*,#5889,.F.);
#5889 = EDGE_CURVE('',#5890,#5419,#5892,.T.);
#5890 = VERTEX_POINT('',#5891);
#5891 = CARTESIAN_POINT('',(24.3,76.,3.));
#5892 = LINE('',#5893,#5894);
#5893 = CARTESIAN_POINT('',(24.3,76.,2.));
#5894 = VECTOR('',#5895,1.);
#5895 = DIRECTION('',(0.,0.,1.));
#5896 = ORIENTED_EDGE('',*,*,#5897,.T.);
#5897 = EDGE_CURVE('',#5890,#5619,#5898,.T.);
#5898 = CIRCLE('',#5899,1.);
#5899 = AXIS2_PLACEMENT_3D('',#5900,#5901,#5902);
#5900 = CARTESIAN_POINT('',(23.3,76.,3.));
#5901 = DIRECTION('',(0.,0.,-1.));
#5902 = DIRECTION('',(1.,0.,0.));
#5903 = ORIENTED_EDGE('',*,*,#5629,.T.);
#5904 = ORIENTED_EDGE('',*,*,#5418,.F.);
#5905 = CYLINDRICAL_SURFACE('',#5906,1.);
#5906 = AXIS2_PLACEMENT_3D('',#5907,#5908,#5909);
#5907 = CARTESIAN_POINT('',(23.3,76.,2.));
#5908 = DIRECTION('',(0.,0.,1.));
#5909 = DIRECTION('',(1.,0.,0.));
#5910 = ADVANCED_FACE('',(#5911),#5930,.T.);
#5911 = FACE_BOUND('',#5912,.T.);
#5912 = EDGE_LOOP('',(#5913,#5922,#5928,#5929));
#5913 = ORIENTED_EDGE('',*,*,#5914,.F.);
#5914 = EDGE_CURVE('',#5915,#5517,#5917,.T.);
#5915 = VERTEX_POINT('',#5916);
#5916 = CARTESIAN_POINT('',(-23.3,76.,2.));
#5917 = CIRCLE('',#5918,1.);
#5918 = AXIS2_PLACEMENT_3D('',#5919,#5920,#5921);
#5919 = CARTESIAN_POINT('',(-23.3,76.,3.));
#5920 = DIRECTION('',(-1.,6.123233995737E-17,0.));
#5921 = DIRECTION('',(-6.123233995737E-17,-1.,0.));
#5922 = ORIENTED_EDGE('',*,*,#5923,.T.);
#5923 = EDGE_CURVE('',#5915,#3931,#5924,.T.);
#5924 = LINE('',#5925,#5926);
#5925 = CARTESIAN_POINT('',(-24.3,76.,2.));
#5926 = VECTOR('',#5927,1.);
#5927 = DIRECTION('',(1.,0.,0.));
#5928 = ORIENTED_EDGE('',*,*,#4009,.T.);
#5929 = ORIENTED_EDGE('',*,*,#5516,.F.);
#5930 = CYLINDRICAL_SURFACE('',#5931,1.);
#5931 = AXIS2_PLACEMENT_3D('',#5932,#5933,#5934);
#5932 = CARTESIAN_POINT('',(-24.3,76.,3.));
#5933 = DIRECTION('',(1.,0.,0.));
#5934 = DIRECTION('',(0.,-1.,0.));
#5935 = ADVANCED_FACE('',(#5936),#5955,.T.);
#5936 = FACE_BOUND('',#5937,.T.);
#5937 = EDGE_LOOP('',(#5938,#5939,#5947,#5954));
#5938 = ORIENTED_EDGE('',*,*,#3906,.F.);
#5939 = ORIENTED_EDGE('',*,*,#5940,.T.);
#5940 = EDGE_CURVE('',#3828,#5941,#5943,.T.);
#5941 = VERTEX_POINT('',#5942);
#5942 = CARTESIAN_POINT('',(23.3,76.,2.));
#5943 = LINE('',#5944,#5945);
#5944 = CARTESIAN_POINT('',(12.3,76.,2.));
#5945 = VECTOR('',#5946,1.);
#5946 = DIRECTION('',(1.,0.,0.));
#5947 = ORIENTED_EDGE('',*,*,#5948,.T.);
#5948 = EDGE_CURVE('',#5941,#5619,#5949,.T.);
#5949 = CIRCLE('',#5950,1.);
#5950 = AXIS2_PLACEMENT_3D('',#5951,#5952,#5953);
#5951 = CARTESIAN_POINT('',(23.3,76.,3.));
#5952 = DIRECTION('',(-1.,-6.123233995737E-17,0.));
#5953 = DIRECTION('',(6.123233995737E-17,-1.,0.));
#5954 = ORIENTED_EDGE('',*,*,#5618,.F.);
#5955 = CYLINDRICAL_SURFACE('',#5956,1.);
#5956 = AXIS2_PLACEMENT_3D('',#5957,#5958,#5959);
#5957 = CARTESIAN_POINT('',(12.3,76.,3.));
#5958 = DIRECTION('',(1.,0.,0.));
#5959 = DIRECTION('',(0.,-1.,0.));
#5960 = ADVANCED_FACE('',(#5961),#5972,.T.);
#5961 = FACE_BOUND('',#5962,.F.);
#5962 = EDGE_LOOP('',(#5963,#5970,#5971));
#5963 = ORIENTED_EDGE('',*,*,#5964,.F.);
#5964 = EDGE_CURVE('',#5694,#5644,#5965,.T.);
#5965 = CIRCLE('',#5966,1.);
#5966 = AXIS2_PLACEMENT_3D('',#5967,#5968,#5969);
#5967 = CARTESIAN_POINT('',(-23.3,76.,45.));
#5968 = DIRECTION('',(0.,-1.,0.));
#5969 = DIRECTION('',(-1.,0.,0.));
#5970 = ORIENTED_EDGE('',*,*,#5693,.T.);
#5971 = ORIENTED_EDGE('',*,*,#5653,.F.);
#5972 = SPHERICAL_SURFACE('',#5973,1.);
#5973 = AXIS2_PLACEMENT_3D('',#5974,#5975,#5976);
#5974 = CARTESIAN_POINT('',(-23.3,76.,45.));
#5975 = DIRECTION('',(-0.,-0.,-1.));
#5976 = DIRECTION('',(-1.,0.,0.));
#5977 = ADVANCED_FACE('',(#5978),#5989,.T.);
#5978 = FACE_BOUND('',#5979,.T.);
#5979 = EDGE_LOOP('',(#5980,#5987,#5988));
#5980 = ORIENTED_EDGE('',*,*,#5981,.F.);
#5981 = EDGE_CURVE('',#5841,#5669,#5982,.T.);
#5982 = CIRCLE('',#5983,1.);
#5983 = AXIS2_PLACEMENT_3D('',#5984,#5985,#5986);
#5984 = CARTESIAN_POINT('',(23.3,76.,45.));
#5985 = DIRECTION('',(-0.,1.,0.));
#5986 = DIRECTION('',(1.,0.,0.));
#5987 = ORIENTED_EDGE('',*,*,#5848,.T.);
#5988 = ORIENTED_EDGE('',*,*,#5678,.F.);
#5989 = SPHERICAL_SURFACE('',#5990,1.);
#5990 = AXIS2_PLACEMENT_3D('',#5991,#5992,#5993);
#5991 = CARTESIAN_POINT('',(23.3,76.,45.));
#5992 = DIRECTION('',(-0.,-0.,-1.));
#5993 = DIRECTION('',(1.,0.,0.));
#5994 = ADVANCED_FACE('',(#5995),#6013,.T.);
#5995 = FACE_BOUND('',#5996,.T.);
#5996 = EDGE_LOOP('',(#5997,#6005,#6006,#6007));
#5997 = ORIENTED_EDGE('',*,*,#5998,.F.);
#5998 = EDGE_CURVE('',#5694,#5999,#6001,.T.);
#5999 = VERTEX_POINT('',#6000);
#6000 = CARTESIAN_POINT('',(-23.3,109.,46.));
#6001 = LINE('',#6002,#6003);
#6002 = CARTESIAN_POINT('',(-23.3,75.,46.));
#6003 = VECTOR('',#6004,1.);
#6004 = DIRECTION('',(0.,1.,0.));
#6005 = ORIENTED_EDGE('',*,*,#5702,.T.);
#6006 = ORIENTED_EDGE('',*,*,#5766,.T.);
#6007 = ORIENTED_EDGE('',*,*,#6008,.F.);
#6008 = EDGE_CURVE('',#5999,#5767,#6009,.T.);
#6009 = LINE('',#6010,#6011);
#6010 = CARTESIAN_POINT('',(-24.3,109.,46.));
#6011 = VECTOR('',#6012,1.);
#6012 = DIRECTION('',(1.,0.,0.));
#6013 = PLANE('',#6014);
#6014 = AXIS2_PLACEMENT_3D('',#6015,#6016,#6017);
#6015 = CARTESIAN_POINT('',(-24.3,75.,46.));
#6016 = DIRECTION('',(0.,0.,1.));
#6017 = DIRECTION('',(1.,0.,0.));
#6018 = ADVANCED_FACE('',(#6019),#6047,.T.);
#6019 = FACE_BOUND('',#6020,.T.);
#6020 = EDGE_LOOP('',(#6021,#6030,#6039,#6046));
#6021 = ORIENTED_EDGE('',*,*,#6022,.F.);
#6022 = EDGE_CURVE('',#6023,#5795,#6025,.T.);
#6023 = VERTEX_POINT('',#6024);
#6024 = CARTESIAN_POINT('',(-12.3,110.,45.6));
#6025 = CIRCLE('',#6026,21.6);
#6026 = AXIS2_PLACEMENT_3D('',#6027,#6028,#6029);
#6027 = CARTESIAN_POINT('',(-12.3,110.,24.));
#6028 = DIRECTION('',(1.,0.,-0.));
#6029 = DIRECTION('',(0.,0.,1.));
#6030 = ORIENTED_EDGE('',*,*,#6031,.F.);
#6031 = EDGE_CURVE('',#6032,#6023,#6034,.T.);
#6032 = VERTEX_POINT('',#6033);
#6033 = CARTESIAN_POINT('',(-12.7,110.,46.));
#6034 = CIRCLE('',#6035,0.4);
#6035 = AXIS2_PLACEMENT_3D('',#6036,#6037,#6038);
#6036 = CARTESIAN_POINT('',(-12.7,110.,45.6));
#6037 = DIRECTION('',(0.,1.,0.));
#6038 = DIRECTION('',(0.,0.,1.));
#6039 = ORIENTED_EDGE('',*,*,#6040,.T.);
#6040 = EDGE_CURVE('',#6032,#5784,#6041,.T.);
#6041 = CIRCLE('',#6042,22.);
#6042 = AXIS2_PLACEMENT_3D('',#6043,#6044,#6045);
#6043 = CARTESIAN_POINT('',(-12.7,110.,24.));
#6044 = DIRECTION('',(1.,0.,-0.));
#6045 = DIRECTION('',(0.,0.,1.));
#6046 = ORIENTED_EDGE('',*,*,#5794,.T.);
#6047 = TOROIDAL_SURFACE('',#6048,21.6,0.4);
#6048 = AXIS2_PLACEMENT_3D('',#6049,#6050,#6051);
#6049 = CARTESIAN_POINT('',(-12.7,110.,24.));
#6050 = DIRECTION('',(1.,0.,0.));
#6051 = DIRECTION('',(0.,0.,1.));
#6052 = ADVANCED_FACE('',(#6053),#6085,.T.);
#6053 = FACE_BOUND('',#6054,.T.);
#6054 = EDGE_LOOP('',(#6055,#6077,#6084));
#6055 = ORIENTED_EDGE('',*,*,#6056,.T.);
#6056 = EDGE_CURVE('',#5775,#6057,#6059,.T.);
#6057 = VERTEX_POINT('',#6058);
#6058 = CARTESIAN_POINT('',(-13.3,109.17519791868,45.984533234223));
#6059 = B_SPLINE_CURVE_WITH_KNOTS('',6,(#6060,#6061,#6062,#6063,#6064,
    #6065,#6066,#6067,#6068,#6069,#6070,#6071,#6072,#6073,#6074,#6075,
    #6076),.UNSPECIFIED.,.F.,.F.,(7,5,5,7),(0.,0.347319318583,
    0.537411825956,1.),.UNSPECIFIED.);
#6060 = CARTESIAN_POINT('',(-13.08795994455,109.,45.977260975836));
#6061 = CARTESIAN_POINT('',(-13.0919235333,109.01890033508,
    45.97812097086));
#6062 = CARTESIAN_POINT('',(-13.0977870866,109.03720524633,
    45.978934327662));
#6063 = CARTESIAN_POINT('',(-13.10540688192,109.05456578492,
    45.97968748129));
#6064 = CARTESIAN_POINT('',(-13.11455200672,109.07075891911,
    45.980374880796));
#6065 = CARTESIAN_POINT('',(-13.12498734494,109.08564151893,
    45.980994766906));
#6066 = CARTESIAN_POINT('',(-13.14278193534,109.10651986571,
    45.981850419842));
#6067 = CARTESIAN_POINT('',(-13.14939743967,109.1134912705,
    45.982133144687));
#6068 = CARTESIAN_POINT('',(-13.15629984049,109.12003791579,
    45.982396107609));
#6069 = CARTESIAN_POINT('',(-13.16345669035,109.12615330399,
    45.982639636082));
#6070 = CARTESIAN_POINT('',(-13.17083812408,109.1318343423,45.9828641435
    ));
#6071 = CARTESIAN_POINT('',(-13.19686202808,109.14984572982,
    45.98357115958));
#6072 = CARTESIAN_POINT('',(-13.21646347537,109.16002318013,
    45.983961754002));
#6073 = CARTESIAN_POINT('',(-13.23686229848,109.16762635905,
    45.984249164383));
#6074 = CARTESIAN_POINT('',(-13.25775220408,109.17267223122,
    45.984438478078));
#6075 = CARTESIAN_POINT('',(-13.27886954015,109.17519791868,
    45.984533234223));
#6076 = CARTESIAN_POINT('',(-13.3,109.17519791868,45.984533234223));
#6077 = ORIENTED_EDGE('',*,*,#6078,.T.);
#6078 = EDGE_CURVE('',#6057,#5767,#6079,.T.);
#6079 = CIRCLE('',#6080,1.);
#6080 = AXIS2_PLACEMENT_3D('',#6081,#6082,#6083);
#6081 = CARTESIAN_POINT('',(-13.3,109.,45.));
#6082 = DIRECTION('',(1.,0.,-6.123233995737E-17));
#6083 = DIRECTION('',(6.123233995737E-17,0.,1.));
#6084 = ORIENTED_EDGE('',*,*,#5774,.F.);
#6085 = SPHERICAL_SURFACE('',#6086,1.);
#6086 = AXIS2_PLACEMENT_3D('',#6087,#6088,#6089);
#6087 = CARTESIAN_POINT('',(-13.3,109.,45.));
#6088 = DIRECTION('',(0.,-1.,0.));
#6089 = DIRECTION('',(1.,0.,0.));
#6090 = ADVANCED_FACE('',(#6091),#6109,.T.);
#6091 = FACE_BOUND('',#6092,.T.);
#6092 = EDGE_LOOP('',(#6093,#6100,#6101,#6108));
#6093 = ORIENTED_EDGE('',*,*,#6094,.T.);
#6094 = EDGE_CURVE('',#3959,#6032,#6095,.T.);
#6095 = CIRCLE('',#6096,22.);
#6096 = AXIS2_PLACEMENT_3D('',#6097,#6098,#6099);
#6097 = CARTESIAN_POINT('',(-12.7,110.,24.));
#6098 = DIRECTION('',(1.,0.,-0.));
#6099 = DIRECTION('',(0.,0.,1.));
#6100 = ORIENTED_EDGE('',*,*,#6031,.T.);
#6101 = ORIENTED_EDGE('',*,*,#6102,.F.);
#6102 = EDGE_CURVE('',#3970,#6023,#6103,.T.);
#6103 = CIRCLE('',#6104,21.6);
#6104 = AXIS2_PLACEMENT_3D('',#6105,#6106,#6107);
#6105 = CARTESIAN_POINT('',(-12.3,110.,24.));
#6106 = DIRECTION('',(1.,0.,-0.));
#6107 = DIRECTION('',(0.,0.,1.));
#6108 = ORIENTED_EDGE('',*,*,#3969,.F.);
#6109 = TOROIDAL_SURFACE('',#6110,21.6,0.4);
#6110 = AXIS2_PLACEMENT_3D('',#6111,#6112,#6113);
#6111 = CARTESIAN_POINT('',(-12.7,110.,24.));
#6112 = DIRECTION('',(1.,0.,0.));
#6113 = DIRECTION('',(0.,0.,1.));
#6114 = ADVANCED_FACE('',(#6115),#6144,.T.);
#6115 = FACE_BOUND('',#6116,.T.);
#6116 = EDGE_LOOP('',(#6117,#6118,#6127));
#6117 = ORIENTED_EDGE('',*,*,#3949,.F.);
#6118 = ORIENTED_EDGE('',*,*,#6119,.T.);
#6119 = EDGE_CURVE('',#3942,#6120,#6122,.T.);
#6120 = VERTEX_POINT('',#6121);
#6121 = CARTESIAN_POINT('',(-13.3,109.17519791868,2.015466765777));
#6122 = CIRCLE('',#6123,1.);
#6123 = AXIS2_PLACEMENT_3D('',#6124,#6125,#6126);
#6124 = CARTESIAN_POINT('',(-13.3,109.,3.));
#6125 = DIRECTION('',(1.,-6.123233995737E-17,0.));
#6126 = DIRECTION('',(6.123233995737E-17,1.,0.));
#6127 = ORIENTED_EDGE('',*,*,#6128,.T.);
#6128 = EDGE_CURVE('',#6120,#3950,#6129,.T.);
#6129 = B_SPLINE_CURVE_WITH_KNOTS('',7,(#6130,#6131,#6132,#6133,#6134,
    #6135,#6136,#6137,#6138,#6139,#6140,#6141,#6142,#6143),
  .UNSPECIFIED.,.F.,.F.,(8,6,8),(0.,0.351055883081,1.),.UNSPECIFIED.);
#6130 = CARTESIAN_POINT('',(-13.3,109.17519791868,2.015466765777));
#6131 = CARTESIAN_POINT('',(-13.28624007941,109.17519791868,
    2.015466765777));
#6132 = CARTESIAN_POINT('',(-13.27245409781,109.1741558717,
    2.015505860848));
#6133 = CARTESIAN_POINT('',(-13.25876494717,109.17206993134,
    2.015584119039));
#6134 = CARTESIAN_POINT('',(-13.24517873212,109.16894010381,
    2.015701855335));
#6135 = CARTESIAN_POINT('',(-13.23180912772,109.16476473243,
    2.015859750792));
#6136 = CARTESIAN_POINT('',(-13.2187037733,109.15953948308,
    2.016058917284));
#6137 = CARTESIAN_POINT('',(-13.18238409319,109.14167054874,
    2.016747164753));
#6138 = CARTESIAN_POINT('',(-13.16002407639,109.12649416414,
    2.017338848882));
#6139 = CARTESIAN_POINT('',(-13.13937515347,109.10773679879,
    2.018083565174));
#6140 = CARTESIAN_POINT('',(-13.12104264292,109.08543357798,
    2.018991538893));
#6141 = CARTESIAN_POINT('',(-13.10576450929,109.05971185983,
    2.020073030934));
#6142 = CARTESIAN_POINT('',(-13.09445294532,109.03096181212,
    2.021330212932));
#6143 = CARTESIAN_POINT('',(-13.08795994456,109.,2.022739024164));
#6144 = SPHERICAL_SURFACE('',#6145,1.);
#6145 = AXIS2_PLACEMENT_3D('',#6146,#6147,#6148);
#6146 = CARTESIAN_POINT('',(-13.3,109.,3.));
#6147 = DIRECTION('',(0.,0.,1.));
#6148 = DIRECTION('',(1.,0.,0.));
#6149 = ADVANCED_FACE('',(#6150),#6168,.F.);
#6150 = FACE_BOUND('',#6151,.F.);
#6151 = EDGE_LOOP('',(#6152,#6160,#6161,#6162));
#6152 = ORIENTED_EDGE('',*,*,#6153,.F.);
#6153 = EDGE_CURVE('',#5915,#6154,#6156,.T.);
#6154 = VERTEX_POINT('',#6155);
#6155 = CARTESIAN_POINT('',(-23.3,109.,2.));
#6156 = LINE('',#6157,#6158);
#6157 = CARTESIAN_POINT('',(-23.3,75.,2.));
#6158 = VECTOR('',#6159,1.);
#6159 = DIRECTION('',(0.,1.,0.));
#6160 = ORIENTED_EDGE('',*,*,#5923,.T.);
#6161 = ORIENTED_EDGE('',*,*,#3941,.T.);
#6162 = ORIENTED_EDGE('',*,*,#6163,.F.);
#6163 = EDGE_CURVE('',#6154,#3942,#6164,.T.);
#6164 = LINE('',#6165,#6166);
#6165 = CARTESIAN_POINT('',(-24.3,109.,2.));
#6166 = VECTOR('',#6167,1.);
#6167 = DIRECTION('',(1.,0.,0.));
#6168 = PLANE('',#6169);
#6169 = AXIS2_PLACEMENT_3D('',#6170,#6171,#6172);
#6170 = CARTESIAN_POINT('',(-24.3,75.,2.));
#6171 = DIRECTION('',(0.,0.,1.));
#6172 = DIRECTION('',(1.,0.,0.));
#6173 = ADVANCED_FACE('',(#6174),#6202,.T.);
#6174 = FACE_BOUND('',#6175,.F.);
#6175 = EDGE_LOOP('',(#6176,#6185,#6194,#6201));
#6176 = ORIENTED_EDGE('',*,*,#6177,.F.);
#6177 = EDGE_CURVE('',#6178,#4073,#6180,.T.);
#6178 = VERTEX_POINT('',#6179);
#6179 = CARTESIAN_POINT('',(12.3,110.,45.6));
#6180 = CIRCLE('',#6181,21.6);
#6181 = AXIS2_PLACEMENT_3D('',#6182,#6183,#6184);
#6182 = CARTESIAN_POINT('',(12.3,110.,24.));
#6183 = DIRECTION('',(1.,0.,-0.));
#6184 = DIRECTION('',(0.,0.,1.));
#6185 = ORIENTED_EDGE('',*,*,#6186,.F.);
#6186 = EDGE_CURVE('',#6187,#6178,#6189,.T.);
#6187 = VERTEX_POINT('',#6188);
#6188 = CARTESIAN_POINT('',(12.7,110.,46.));
#6189 = CIRCLE('',#6190,0.4);
#6190 = AXIS2_PLACEMENT_3D('',#6191,#6192,#6193);
#6191 = CARTESIAN_POINT('',(12.7,110.,45.6));
#6192 = DIRECTION('',(0.,-1.,0.));
#6193 = DIRECTION('',(0.,0.,1.));
#6194 = ORIENTED_EDGE('',*,*,#6195,.T.);
#6195 = EDGE_CURVE('',#6187,#4062,#6196,.T.);
#6196 = CIRCLE('',#6197,22.);
#6197 = AXIS2_PLACEMENT_3D('',#6198,#6199,#6200);
#6198 = CARTESIAN_POINT('',(12.7,110.,24.));
#6199 = DIRECTION('',(1.,0.,-0.));
#6200 = DIRECTION('',(0.,0.,1.));
#6201 = ORIENTED_EDGE('',*,*,#4072,.T.);
#6202 = TOROIDAL_SURFACE('',#6203,21.6,0.4);
#6203 = AXIS2_PLACEMENT_3D('',#6204,#6205,#6206);
#6204 = CARTESIAN_POINT('',(12.7,110.,24.));
#6205 = DIRECTION('',(-1.,-0.,-0.));
#6206 = DIRECTION('',(0.,0.,1.));
#6207 = ADVANCED_FACE('',(#6208),#6240,.T.);
#6208 = FACE_BOUND('',#6209,.F.);
#6209 = EDGE_LOOP('',(#6210,#6232,#6239));
#6210 = ORIENTED_EDGE('',*,*,#6211,.F.);
#6211 = EDGE_CURVE('',#6212,#4053,#6214,.T.);
#6212 = VERTEX_POINT('',#6213);
#6213 = CARTESIAN_POINT('',(13.3,109.17519791868,45.984533234223));
#6214 = B_SPLINE_CURVE_WITH_KNOTS('',6,(#6215,#6216,#6217,#6218,#6219,
    #6220,#6221,#6222,#6223,#6224,#6225,#6226,#6227,#6228,#6229,#6230,
    #6231),.UNSPECIFIED.,.F.,.F.,(7,5,5,7),(0.,0.461092963686,
    0.651531804751,1.),.UNSPECIFIED.);
#6215 = CARTESIAN_POINT('',(13.299999761581,109.17519791868,
    45.984533234223));
#6216 = CARTESIAN_POINT('',(13.278934105759,109.175197895,
    45.984533233335));
#6217 = CARTESIAN_POINT('',(13.257885948758,109.17268768122,
    45.984439058132));
#6218 = CARTESIAN_POINT('',(13.237062658826,109.16767453263,
    45.984250970622));
#6219 = CARTESIAN_POINT('',(13.216724208933,109.16012044166,
    45.983965431586));
#6220 = CARTESIAN_POINT('',(13.197174609706,109.15000755779,
    45.983577369263));
#6221 = CARTESIAN_POINT('',(13.171170986685,109.13208649968,
    45.982874098651));
#6222 = CARTESIAN_POINT('',(13.163768155509,109.12641144872,
    45.982649893834));
#6223 = CARTESIAN_POINT('',(13.156589860161,109.12030041622,
    45.982406612096));
#6224 = CARTESIAN_POINT('',(13.149666065088,109.11375644875,
    45.982143836597));
#6225 = CARTESIAN_POINT('',(13.143029338113,109.10678599736,
    45.981861235759));
#6226 = CARTESIAN_POINT('',(13.125158521677,109.08588533697,
    45.981004921045));
#6227 = CARTESIAN_POINT('',(13.114671992111,109.07097111761,
    45.98038388762));
#6228 = CARTESIAN_POINT('',(13.105481842025,109.05473645314,
    45.979694884877));
#6229 = CARTESIAN_POINT('',(13.097825615327,109.03732528428,
    45.978939660725));
#6230 = CARTESIAN_POINT('',(13.09193657978,109.01896254705,
    45.978123801603));
#6231 = CARTESIAN_POINT('',(13.087959944566,109.,45.977260975836));
#6232 = ORIENTED_EDGE('',*,*,#6233,.T.);
#6233 = EDGE_CURVE('',#6212,#4045,#6234,.T.);
#6234 = CIRCLE('',#6235,1.);
#6235 = AXIS2_PLACEMENT_3D('',#6236,#6237,#6238);
#6236 = CARTESIAN_POINT('',(13.3,109.,45.));
#6237 = DIRECTION('',(1.,0.,6.123233995737E-17));
#6238 = DIRECTION('',(-6.123233995737E-17,0.,1.));
#6239 = ORIENTED_EDGE('',*,*,#4052,.F.);
#6240 = SPHERICAL_SURFACE('',#6241,1.);
#6241 = AXIS2_PLACEMENT_3D('',#6242,#6243,#6244);
#6242 = CARTESIAN_POINT('',(13.3,109.,45.));
#6243 = DIRECTION('',(0.,-1.,0.));
#6244 = DIRECTION('',(-1.,0.,0.));
#6245 = ADVANCED_FACE('',(#6246),#6264,.T.);
#6246 = FACE_BOUND('',#6247,.T.);
#6247 = EDGE_LOOP('',(#6248,#6249,#6250,#6258));
#6248 = ORIENTED_EDGE('',*,*,#4044,.F.);
#6249 = ORIENTED_EDGE('',*,*,#5840,.T.);
#6250 = ORIENTED_EDGE('',*,*,#6251,.T.);
#6251 = EDGE_CURVE('',#5841,#6252,#6254,.T.);
#6252 = VERTEX_POINT('',#6253);
#6253 = CARTESIAN_POINT('',(23.3,109.,46.));
#6254 = LINE('',#6255,#6256);
#6255 = CARTESIAN_POINT('',(23.3,75.,46.));
#6256 = VECTOR('',#6257,1.);
#6257 = DIRECTION('',(0.,1.,0.));
#6258 = ORIENTED_EDGE('',*,*,#6259,.F.);
#6259 = EDGE_CURVE('',#4045,#6252,#6260,.T.);
#6260 = LINE('',#6261,#6262);
#6261 = CARTESIAN_POINT('',(12.3,109.,46.));
#6262 = VECTOR('',#6263,1.);
#6263 = DIRECTION('',(1.,0.,0.));
#6264 = PLANE('',#6265);
#6265 = AXIS2_PLACEMENT_3D('',#6266,#6267,#6268);
#6266 = CARTESIAN_POINT('',(12.3,75.,46.));
#6267 = DIRECTION('',(0.,0.,1.));
#6268 = DIRECTION('',(1.,0.,0.));
#6269 = ADVANCED_FACE('',(#6270),#6288,.T.);
#6270 = FACE_BOUND('',#6271,.F.);
#6271 = EDGE_LOOP('',(#6272,#6279,#6280,#6287));
#6272 = ORIENTED_EDGE('',*,*,#6273,.T.);
#6273 = EDGE_CURVE('',#3856,#6187,#6274,.T.);
#6274 = CIRCLE('',#6275,22.);
#6275 = AXIS2_PLACEMENT_3D('',#6276,#6277,#6278);
#6276 = CARTESIAN_POINT('',(12.7,110.,24.));
#6277 = DIRECTION('',(1.,0.,-0.));
#6278 = DIRECTION('',(0.,0.,1.));
#6279 = ORIENTED_EDGE('',*,*,#6186,.T.);
#6280 = ORIENTED_EDGE('',*,*,#6281,.F.);
#6281 = EDGE_CURVE('',#3867,#6178,#6282,.T.);
#6282 = CIRCLE('',#6283,21.6);
#6283 = AXIS2_PLACEMENT_3D('',#6284,#6285,#6286);
#6284 = CARTESIAN_POINT('',(12.3,110.,24.));
#6285 = DIRECTION('',(1.,0.,-0.));
#6286 = DIRECTION('',(0.,0.,1.));
#6287 = ORIENTED_EDGE('',*,*,#3866,.F.);
#6288 = TOROIDAL_SURFACE('',#6289,21.6,0.4);
#6289 = AXIS2_PLACEMENT_3D('',#6290,#6291,#6292);
#6290 = CARTESIAN_POINT('',(12.7,110.,24.));
#6291 = DIRECTION('',(-1.,-0.,-0.));
#6292 = DIRECTION('',(0.,0.,1.));
#6293 = ADVANCED_FACE('',(#6294),#6318,.T.);
#6294 = FACE_BOUND('',#6295,.F.);
#6295 = EDGE_LOOP('',(#6296,#6297,#6306));
#6296 = ORIENTED_EDGE('',*,*,#3846,.F.);
#6297 = ORIENTED_EDGE('',*,*,#6298,.T.);
#6298 = EDGE_CURVE('',#3839,#6299,#6301,.T.);
#6299 = VERTEX_POINT('',#6300);
#6300 = CARTESIAN_POINT('',(13.3,109.17519791868,2.015466765777));
#6301 = CIRCLE('',#6302,1.);
#6302 = AXIS2_PLACEMENT_3D('',#6303,#6304,#6305);
#6303 = CARTESIAN_POINT('',(13.3,109.,3.));
#6304 = DIRECTION('',(1.,6.123233995737E-17,-0.));
#6305 = DIRECTION('',(-6.123233995737E-17,1.,0.));
#6306 = ORIENTED_EDGE('',*,*,#6307,.F.);
#6307 = EDGE_CURVE('',#3847,#6299,#6308,.T.);
#6308 = B_SPLINE_CURVE_WITH_KNOTS('',8,(#6309,#6310,#6311,#6312,#6313,
    #6314,#6315,#6316,#6317),.UNSPECIFIED.,.F.,.F.,(9,9),(0.,1.),
  .PIECEWISE_BEZIER_KNOTS.);
#6309 = CARTESIAN_POINT('',(13.087959944566,109.,2.022739024164));
#6310 = CARTESIAN_POINT('',(13.09671976846,109.04177113662,
    2.020838371636));
#6311 = CARTESIAN_POINT('',(13.114060930315,109.07955123185,
    2.019210224676));
#6312 = CARTESIAN_POINT('',(13.13800825917,109.11153427269,
    2.017906455478));
#6313 = CARTESIAN_POINT('',(13.166482070608,109.13708296493,
    2.016907110472));
#6314 = CARTESIAN_POINT('',(13.197992662793,109.15616954179,
    2.016180610068));
#6315 = CARTESIAN_POINT('',(13.231368499892,109.16884988153,
    2.015704940802));
#6316 = CARTESIAN_POINT('',(13.265674692193,109.17519791868,
    2.015466765777));
#6317 = CARTESIAN_POINT('',(13.3,109.17519791868,2.015466765777));
#6318 = SPHERICAL_SURFACE('',#6319,1.);
#6319 = AXIS2_PLACEMENT_3D('',#6320,#6321,#6322);
#6320 = CARTESIAN_POINT('',(13.3,109.,3.));
#6321 = DIRECTION('',(0.,0.,1.));
#6322 = DIRECTION('',(-1.,0.,0.));
#6323 = ADVANCED_FACE('',(#6324),#6342,.F.);
#6324 = FACE_BOUND('',#6325,.F.);
#6325 = EDGE_LOOP('',(#6326,#6327,#6328,#6336));
#6326 = ORIENTED_EDGE('',*,*,#3838,.F.);
#6327 = ORIENTED_EDGE('',*,*,#5940,.T.);
#6328 = ORIENTED_EDGE('',*,*,#6329,.T.);
#6329 = EDGE_CURVE('',#5941,#6330,#6332,.T.);
#6330 = VERTEX_POINT('',#6331);
#6331 = CARTESIAN_POINT('',(23.3,109.,2.));
#6332 = LINE('',#6333,#6334);
#6333 = CARTESIAN_POINT('',(23.3,75.,2.));
#6334 = VECTOR('',#6335,1.);
#6335 = DIRECTION('',(0.,1.,0.));
#6336 = ORIENTED_EDGE('',*,*,#6337,.F.);
#6337 = EDGE_CURVE('',#3839,#6330,#6338,.T.);
#6338 = LINE('',#6339,#6340);
#6339 = CARTESIAN_POINT('',(12.3,109.,2.));
#6340 = VECTOR('',#6341,1.);
#6341 = DIRECTION('',(1.,0.,0.));
#6342 = PLANE('',#6343);
#6343 = AXIS2_PLACEMENT_3D('',#6344,#6345,#6346);
#6344 = CARTESIAN_POINT('',(12.3,75.,2.));
#6345 = DIRECTION('',(0.,0.,1.));
#6346 = DIRECTION('',(1.,0.,0.));
#6347 = ADVANCED_FACE('',(#6348),#6359,.T.);
#6348 = FACE_BOUND('',#6349,.T.);
#6349 = EDGE_LOOP('',(#6350,#6357,#6358));
#6350 = ORIENTED_EDGE('',*,*,#6351,.F.);
#6351 = EDGE_CURVE('',#5915,#5865,#6352,.T.);
#6352 = CIRCLE('',#6353,1.);
#6353 = AXIS2_PLACEMENT_3D('',#6354,#6355,#6356);
#6354 = CARTESIAN_POINT('',(-23.3,76.,3.));
#6355 = DIRECTION('',(0.,1.,-0.));
#6356 = DIRECTION('',(-1.,0.,0.));
#6357 = ORIENTED_EDGE('',*,*,#5914,.T.);
#6358 = ORIENTED_EDGE('',*,*,#5872,.F.);
#6359 = SPHERICAL_SURFACE('',#6360,1.);
#6360 = AXIS2_PLACEMENT_3D('',#6361,#6362,#6363);
#6361 = CARTESIAN_POINT('',(-23.3,76.,3.));
#6362 = DIRECTION('',(0.,0.,1.));
#6363 = DIRECTION('',(-1.,0.,0.));
#6364 = ADVANCED_FACE('',(#6365),#6376,.T.);
#6365 = FACE_BOUND('',#6366,.F.);
#6366 = EDGE_LOOP('',(#6367,#6374,#6375));
#6367 = ORIENTED_EDGE('',*,*,#6368,.F.);
#6368 = EDGE_CURVE('',#5941,#5890,#6369,.T.);
#6369 = CIRCLE('',#6370,1.);
#6370 = AXIS2_PLACEMENT_3D('',#6371,#6372,#6373);
#6371 = CARTESIAN_POINT('',(23.3,76.,3.));
#6372 = DIRECTION('',(0.,-1.,0.));
#6373 = DIRECTION('',(1.,0.,0.));
#6374 = ORIENTED_EDGE('',*,*,#5948,.T.);
#6375 = ORIENTED_EDGE('',*,*,#5897,.F.);
#6376 = SPHERICAL_SURFACE('',#6377,1.);
#6377 = AXIS2_PLACEMENT_3D('',#6378,#6379,#6380);
#6378 = CARTESIAN_POINT('',(23.3,76.,3.));
#6379 = DIRECTION('',(0.,0.,1.));
#6380 = DIRECTION('',(1.,0.,0.));
#6381 = ADVANCED_FACE('',(#6382),#6437,.T.);
#6382 = FACE_BOUND('',#6383,.T.);
#6383 = EDGE_LOOP('',(#6384,#6385,#6386,#6395,#6406,#6431));
#6384 = ORIENTED_EDGE('',*,*,#5964,.F.);
#6385 = ORIENTED_EDGE('',*,*,#5998,.T.);
#6386 = ORIENTED_EDGE('',*,*,#6387,.F.);
#6387 = EDGE_CURVE('',#6388,#5999,#6390,.T.);
#6388 = VERTEX_POINT('',#6389);
#6389 = CARTESIAN_POINT('',(-23.51204005543,109.,45.977260975836));
#6390 = CIRCLE('',#6391,1.);
#6391 = AXIS2_PLACEMENT_3D('',#6392,#6393,#6394);
#6392 = CARTESIAN_POINT('',(-23.3,109.,45.));
#6393 = DIRECTION('',(0.,1.,-0.));
#6394 = DIRECTION('',(-1.,0.,0.));
#6395 = ORIENTED_EDGE('',*,*,#6396,.F.);
#6396 = EDGE_CURVE('',#6397,#6388,#6399,.T.);
#6397 = VERTEX_POINT('',#6398);
#6398 = CARTESIAN_POINT('',(-23.9,107.04027028261,45.8));
#6399 = B_SPLINE_CURVE_WITH_KNOTS('',5,(#6400,#6401,#6402,#6403,#6404,
    #6405),.UNSPECIFIED.,.F.,.F.,(6,6),(0.,1.),
  .PIECEWISE_BEZIER_KNOTS.);
#6400 = CARTESIAN_POINT('',(-23.9000006,107.04026696811,45.79999955));
#6401 = CARTESIAN_POINT('',(-23.82905360712,107.43218918186,
    45.853209877794));
#6402 = CARTESIAN_POINT('',(-23.75365286207,107.82427031815,
    45.897471949847));
#6403 = CARTESIAN_POINT('',(-23.67505488488,108.21623297781,
    45.932842856526));
#6404 = CARTESIAN_POINT('',(-23.59423453263,108.60805642787,
    45.959426936512));
#6405 = CARTESIAN_POINT('',(-23.5120399296,109.0000006,45.977261003137)
  );
#6406 = ORIENTED_EDGE('',*,*,#6407,.T.);
#6407 = EDGE_CURVE('',#6397,#6408,#6410,.T.);
#6408 = VERTEX_POINT('',#6409);
#6409 = CARTESIAN_POINT('',(-24.3,104.94431013609,45.));
#6410 = B_SPLINE_CURVE_WITH_KNOTS('',7,(#6411,#6412,#6413,#6414,#6415,
    #6416,#6417,#6418,#6419,#6420,#6421,#6422,#6423,#6424,#6425,#6426,
    #6427,#6428,#6429,#6430),.UNSPECIFIED.,.F.,.F.,(8,6,6,8),(0.,
    0.516903683399,0.769453730478,1.),.UNSPECIFIED.);
#6411 = CARTESIAN_POINT('',(-23.9,107.04027028261,45.8));
#6412 = CARTESIAN_POINT('',(-23.93196427534,106.86369473286,
    45.776026793489));
#6413 = CARTESIAN_POINT('',(-23.96663931499,106.68966392556,
    45.747692684748));
#6414 = CARTESIAN_POINT('',(-24.00372576733,106.51871183213,
    45.714216287774));
#6415 = CARTESIAN_POINT('',(-24.0426345985,106.35136360004,
    45.674755339738));
#6416 = CARTESIAN_POINT('',(-24.0823640572,106.18808758099,
    45.628463501872));
#6417 = CARTESIAN_POINT('',(-24.1213654361,106.02920579046,
    45.574807293146));
#6418 = CARTESIAN_POINT('',(-24.17569619425,105.79947561526,
    45.484107825537));
#6419 = CARTESIAN_POINT('',(-24.19293218302,105.72515528596,
    45.452600234771));
#6420 = CARTESIAN_POINT('',(-24.20936589216,105.65193266172,
    45.419361933883));
#6421 = CARTESIAN_POINT('',(-24.22477864567,105.57980556377,
    45.38443389679));
#6422 = CARTESIAN_POINT('',(-24.23894930956,105.50875485142,
    45.347892549126));
#6423 = CARTESIAN_POINT('',(-24.25166467893,105.43874565202,
    45.309851754069));
#6424 = CARTESIAN_POINT('',(-24.27283098117,105.30672473807,
    45.23450948613));
#6425 = CARTESIAN_POINT('',(-24.28155735136,105.24454626674,
    45.197431394001));
#6426 = CARTESIAN_POINT('',(-24.28876075577,105.18315526436,
    45.159345210697));
#6427 = CARTESIAN_POINT('',(-24.29430735439,105.12250125882,
    45.120390631405));
#6428 = CARTESIAN_POINT('',(-24.2980832293,105.06252321974,
    45.080728140272));
#6429 = CARTESIAN_POINT('',(-24.29999992687,105.00315155978,
    45.040534793093));
#6430 = CARTESIAN_POINT('',(-24.3,104.94431013609,45.));
#6431 = ORIENTED_EDGE('',*,*,#6432,.F.);
#6432 = EDGE_CURVE('',#5644,#6408,#6433,.T.);
#6433 = LINE('',#6434,#6435);
#6434 = CARTESIAN_POINT('',(-24.3,75.,45.));
#6435 = VECTOR('',#6436,1.);
#6436 = DIRECTION('',(0.,1.,0.));
#6437 = CYLINDRICAL_SURFACE('',#6438,1.);
#6438 = AXIS2_PLACEMENT_3D('',#6439,#6440,#6441);
#6439 = CARTESIAN_POINT('',(-23.3,75.,45.));
#6440 = DIRECTION('',(0.,1.,0.));
#6441 = DIRECTION('',(-1.,0.,0.));
#6442 = ADVANCED_FACE('',(#6443),#6498,.T.);
#6443 = FACE_BOUND('',#6444,.F.);
#6444 = EDGE_LOOP('',(#6445,#6446,#6447,#6456,#6467,#6492));
#6445 = ORIENTED_EDGE('',*,*,#6351,.F.);
#6446 = ORIENTED_EDGE('',*,*,#6153,.T.);
#6447 = ORIENTED_EDGE('',*,*,#6448,.T.);
#6448 = EDGE_CURVE('',#6154,#6449,#6451,.T.);
#6449 = VERTEX_POINT('',#6450);
#6450 = CARTESIAN_POINT('',(-23.51204005543,109.,2.022739024164));
#6451 = CIRCLE('',#6452,1.);
#6452 = AXIS2_PLACEMENT_3D('',#6453,#6454,#6455);
#6453 = CARTESIAN_POINT('',(-23.3,109.,3.));
#6454 = DIRECTION('',(0.,1.,-0.));
#6455 = DIRECTION('',(-1.,0.,0.));
#6456 = ORIENTED_EDGE('',*,*,#6457,.F.);
#6457 = EDGE_CURVE('',#6458,#6449,#6460,.T.);
#6458 = VERTEX_POINT('',#6459);
#6459 = CARTESIAN_POINT('',(-23.9,107.04027028261,2.2));
#6460 = B_SPLINE_CURVE_WITH_KNOTS('',5,(#6461,#6462,#6463,#6464,#6465,
    #6466),.UNSPECIFIED.,.F.,.F.,(6,6),(0.,1.),
  .PIECEWISE_BEZIER_KNOTS.);
#6461 = CARTESIAN_POINT('',(-23.9000006,107.04026696811,2.20000045));
#6462 = CARTESIAN_POINT('',(-23.82905360712,107.43218918186,
    2.146790122206));
#6463 = CARTESIAN_POINT('',(-23.75365286207,107.82427031815,
    2.102528050153));
#6464 = CARTESIAN_POINT('',(-23.67505488488,108.21623297781,
    2.067157143474));
#6465 = CARTESIAN_POINT('',(-23.59423453263,108.60805642787,
    2.040573063488));
#6466 = CARTESIAN_POINT('',(-23.5120399296,109.0000006,2.022738996863));
#6467 = ORIENTED_EDGE('',*,*,#6468,.T.);
#6468 = EDGE_CURVE('',#6458,#6469,#6471,.T.);
#6469 = VERTEX_POINT('',#6470);
#6470 = CARTESIAN_POINT('',(-24.3,104.94431013609,3.));
#6471 = B_SPLINE_CURVE_WITH_KNOTS('',7,(#6472,#6473,#6474,#6475,#6476,
    #6477,#6478,#6479,#6480,#6481,#6482,#6483,#6484,#6485,#6486,#6487,
    #6488,#6489,#6490,#6491),.UNSPECIFIED.,.F.,.F.,(8,6,6,8),(0.,
    0.516903683399,0.769453730478,1.),.UNSPECIFIED.);
#6472 = CARTESIAN_POINT('',(-23.9,107.04027028261,2.2));
#6473 = CARTESIAN_POINT('',(-23.93196427534,106.86369473286,
    2.223973206511));
#6474 = CARTESIAN_POINT('',(-23.96663931499,106.68966392556,
    2.252307315252));
#6475 = CARTESIAN_POINT('',(-24.00372576733,106.51871183213,
    2.285783712226));
#6476 = CARTESIAN_POINT('',(-24.0426345985,106.35136360005,
    2.325244660262));
#6477 = CARTESIAN_POINT('',(-24.0823640572,106.18808758099,
    2.371536498128));
#6478 = CARTESIAN_POINT('',(-24.1213654361,106.02920579046,
    2.425192706854));
#6479 = CARTESIAN_POINT('',(-24.17569619425,105.79947561526,
    2.515892174463));
#6480 = CARTESIAN_POINT('',(-24.19293218302,105.72515528596,
    2.547399765229));
#6481 = CARTESIAN_POINT('',(-24.20936589216,105.65193266172,
    2.580638066117));
#6482 = CARTESIAN_POINT('',(-24.22477864567,105.57980556377,
    2.61556610321));
#6483 = CARTESIAN_POINT('',(-24.23894930956,105.50875485142,
    2.652107450874));
#6484 = CARTESIAN_POINT('',(-24.25166467893,105.43874565202,
    2.690148245931));
#6485 = CARTESIAN_POINT('',(-24.27283098117,105.30672473807,
    2.76549051387));
#6486 = CARTESIAN_POINT('',(-24.28155735136,105.24454626674,
    2.802568605999));
#6487 = CARTESIAN_POINT('',(-24.28876075577,105.18315526436,
    2.840654789303));
#6488 = CARTESIAN_POINT('',(-24.29430735439,105.12250125882,
    2.879609368595));
#6489 = CARTESIAN_POINT('',(-24.2980832293,105.06252321974,
    2.919271859728));
#6490 = CARTESIAN_POINT('',(-24.29999992687,105.00315155978,
    2.959465206907));
#6491 = CARTESIAN_POINT('',(-24.3,104.94431013609,3.));
#6492 = ORIENTED_EDGE('',*,*,#6493,.F.);
#6493 = EDGE_CURVE('',#5865,#6469,#6494,.T.);
#6494 = LINE('',#6495,#6496);
#6495 = CARTESIAN_POINT('',(-24.3,75.,3.));
#6496 = VECTOR('',#6497,1.);
#6497 = DIRECTION('',(0.,1.,0.));
#6498 = CYLINDRICAL_SURFACE('',#6499,1.);
#6499 = AXIS2_PLACEMENT_3D('',#6500,#6501,#6502);
#6500 = CARTESIAN_POINT('',(-23.3,75.,3.));
#6501 = DIRECTION('',(0.,1.,0.));
#6502 = DIRECTION('',(-1.,0.,0.));
#6503 = ADVANCED_FACE('',(#6504),#6559,.T.);
#6504 = FACE_BOUND('',#6505,.F.);
#6505 = EDGE_LOOP('',(#6506,#6507,#6508,#6517,#6528,#6553));
#6506 = ORIENTED_EDGE('',*,*,#5981,.F.);
#6507 = ORIENTED_EDGE('',*,*,#6251,.T.);
#6508 = ORIENTED_EDGE('',*,*,#6509,.F.);
#6509 = EDGE_CURVE('',#6510,#6252,#6512,.T.);
#6510 = VERTEX_POINT('',#6511);
#6511 = CARTESIAN_POINT('',(23.512040055434,109.,45.977260975836));
#6512 = CIRCLE('',#6513,1.);
#6513 = AXIS2_PLACEMENT_3D('',#6514,#6515,#6516);
#6514 = CARTESIAN_POINT('',(23.3,109.,45.));
#6515 = DIRECTION('',(0.,-1.,0.));
#6516 = DIRECTION('',(1.,0.,0.));
#6517 = ORIENTED_EDGE('',*,*,#6518,.F.);
#6518 = EDGE_CURVE('',#6519,#6510,#6521,.T.);
#6519 = VERTEX_POINT('',#6520);
#6520 = CARTESIAN_POINT('',(23.9,107.04027028261,45.8));
#6521 = B_SPLINE_CURVE_WITH_KNOTS('',5,(#6522,#6523,#6524,#6525,#6526,
    #6527),.UNSPECIFIED.,.F.,.F.,(6,6),(0.,1.),
  .PIECEWISE_BEZIER_KNOTS.);
#6522 = CARTESIAN_POINT('',(23.9000006,107.04026696811,45.79999955));
#6523 = CARTESIAN_POINT('',(23.829053607129,107.43218918186,
    45.853209877794));
#6524 = CARTESIAN_POINT('',(23.753652862078,107.82427031815,
    45.897471949847));
#6525 = CARTESIAN_POINT('',(23.675054884886,108.21623297781,
    45.932842856526));
#6526 = CARTESIAN_POINT('',(23.594234532632,108.60805642787,
    45.959426936512));
#6527 = CARTESIAN_POINT('',(23.512039929608,109.0000006,45.977261003137)
  );
#6528 = ORIENTED_EDGE('',*,*,#6529,.T.);
#6529 = EDGE_CURVE('',#6519,#6530,#6532,.T.);
#6530 = VERTEX_POINT('',#6531);
#6531 = CARTESIAN_POINT('',(24.3,104.94431013609,45.));
#6532 = B_SPLINE_CURVE_WITH_KNOTS('',7,(#6533,#6534,#6535,#6536,#6537,
    #6538,#6539,#6540,#6541,#6542,#6543,#6544,#6545,#6546,#6547,#6548,
    #6549,#6550,#6551,#6552),.UNSPECIFIED.,.F.,.F.,(8,6,6,8),(0.,
    0.516903683399,0.769453730478,1.),.UNSPECIFIED.);
#6533 = CARTESIAN_POINT('',(23.9,107.04027028261,45.8));
#6534 = CARTESIAN_POINT('',(23.931964275348,106.86369473286,
    45.776026793489));
#6535 = CARTESIAN_POINT('',(23.966639314998,106.68966392556,
    45.747692684748));
#6536 = CARTESIAN_POINT('',(24.003725767331,106.51871183213,
    45.714216287774));
#6537 = CARTESIAN_POINT('',(24.042634598507,106.35136360005,
    45.674755339738));
#6538 = CARTESIAN_POINT('',(24.082364057206,106.18808758099,
    45.628463501872));
#6539 = CARTESIAN_POINT('',(24.121365436109,106.02920579046,
    45.574807293146));
#6540 = CARTESIAN_POINT('',(24.175696194251,105.79947561526,
    45.484107825537));
#6541 = CARTESIAN_POINT('',(24.192932183026,105.72515528596,
    45.452600234771));
#6542 = CARTESIAN_POINT('',(24.209365892165,105.65193266172,
    45.419361933883));
#6543 = CARTESIAN_POINT('',(24.224778645673,105.57980556377,
    45.38443389679));
#6544 = CARTESIAN_POINT('',(24.238949309568,105.50875485142,
    45.347892549126));
#6545 = CARTESIAN_POINT('',(24.251664678938,105.43874565202,
    45.309851754069));
#6546 = CARTESIAN_POINT('',(24.272830981171,105.30672473807,
    45.23450948613));
#6547 = CARTESIAN_POINT('',(24.281557351367,105.24454626674,
    45.197431394001));
#6548 = CARTESIAN_POINT('',(24.288760755773,105.18315526436,
    45.159345210697));
#6549 = CARTESIAN_POINT('',(24.294307354398,105.12250125882,
    45.120390631405));
#6550 = CARTESIAN_POINT('',(24.298083229309,105.06252321974,
    45.080728140272));
#6551 = CARTESIAN_POINT('',(24.299999926873,105.00315155978,
    45.040534793093));
#6552 = CARTESIAN_POINT('',(24.3,104.94431013609,45.));
#6553 = ORIENTED_EDGE('',*,*,#6554,.F.);
#6554 = EDGE_CURVE('',#5669,#6530,#6555,.T.);
#6555 = LINE('',#6556,#6557);
#6556 = CARTESIAN_POINT('',(24.3,75.,45.));
#6557 = VECTOR('',#6558,1.);
#6558 = DIRECTION('',(0.,1.,0.));
#6559 = CYLINDRICAL_SURFACE('',#6560,1.);
#6560 = AXIS2_PLACEMENT_3D('',#6561,#6562,#6563);
#6561 = CARTESIAN_POINT('',(23.3,75.,45.));
#6562 = DIRECTION('',(0.,1.,0.));
#6563 = DIRECTION('',(1.,0.,0.));
#6564 = ADVANCED_FACE('',(#6565),#6620,.T.);
#6565 = FACE_BOUND('',#6566,.T.);
#6566 = EDGE_LOOP('',(#6567,#6568,#6569,#6578,#6589,#6614));
#6567 = ORIENTED_EDGE('',*,*,#6368,.F.);
#6568 = ORIENTED_EDGE('',*,*,#6329,.T.);
#6569 = ORIENTED_EDGE('',*,*,#6570,.T.);
#6570 = EDGE_CURVE('',#6330,#6571,#6573,.T.);
#6571 = VERTEX_POINT('',#6572);
#6572 = CARTESIAN_POINT('',(23.512040055434,109.,2.022739024164));
#6573 = CIRCLE('',#6574,1.);
#6574 = AXIS2_PLACEMENT_3D('',#6575,#6576,#6577);
#6575 = CARTESIAN_POINT('',(23.3,109.,3.));
#6576 = DIRECTION('',(0.,-1.,0.));
#6577 = DIRECTION('',(1.,0.,0.));
#6578 = ORIENTED_EDGE('',*,*,#6579,.F.);
#6579 = EDGE_CURVE('',#6580,#6571,#6582,.T.);
#6580 = VERTEX_POINT('',#6581);
#6581 = CARTESIAN_POINT('',(23.9,107.04027028261,2.2));
#6582 = B_SPLINE_CURVE_WITH_KNOTS('',5,(#6583,#6584,#6585,#6586,#6587,
    #6588),.UNSPECIFIED.,.F.,.F.,(6,6),(0.,1.),
  .PIECEWISE_BEZIER_KNOTS.);
#6583 = CARTESIAN_POINT('',(23.9000006,107.04026696811,2.20000045));
#6584 = CARTESIAN_POINT('',(23.829053607129,107.43218918186,
    2.146790122206));
#6585 = CARTESIAN_POINT('',(23.753652862078,107.82427031815,
    2.102528050153));
#6586 = CARTESIAN_POINT('',(23.675054884886,108.21623297781,
    2.067157143474));
#6587 = CARTESIAN_POINT('',(23.594234532632,108.60805642787,
    2.040573063488));
#6588 = CARTESIAN_POINT('',(23.512039929608,109.0000006,2.022738996863)
  );
#6589 = ORIENTED_EDGE('',*,*,#6590,.T.);
#6590 = EDGE_CURVE('',#6580,#6591,#6593,.T.);
#6591 = VERTEX_POINT('',#6592);
#6592 = CARTESIAN_POINT('',(24.3,104.94431013609,3.));
#6593 = B_SPLINE_CURVE_WITH_KNOTS('',7,(#6594,#6595,#6596,#6597,#6598,
    #6599,#6600,#6601,#6602,#6603,#6604,#6605,#6606,#6607,#6608,#6609,
    #6610,#6611,#6612,#6613),.UNSPECIFIED.,.F.,.F.,(8,6,6,8),(0.,
    0.516903683399,0.769453730478,1.),.UNSPECIFIED.);
#6594 = CARTESIAN_POINT('',(23.9,107.04027028261,2.2));
#6595 = CARTESIAN_POINT('',(23.931964275348,106.86369473286,
    2.223973206511));
#6596 = CARTESIAN_POINT('',(23.966639314999,106.68966392556,
    2.252307315252));
#6597 = CARTESIAN_POINT('',(24.003725767331,106.51871183213,
    2.285783712226));
#6598 = CARTESIAN_POINT('',(24.042634598507,106.35136360005,
    2.325244660261));
#6599 = CARTESIAN_POINT('',(24.082364057206,106.18808758098,
    2.371536498129));
#6600 = CARTESIAN_POINT('',(24.121365436109,106.02920579046,
    2.425192706854));
#6601 = CARTESIAN_POINT('',(24.175696194251,105.79947561526,
    2.515892174463));
#6602 = CARTESIAN_POINT('',(24.192932183026,105.72515528596,
    2.547399765229));
#6603 = CARTESIAN_POINT('',(24.209365892165,105.65193266172,
    2.580638066117));
#6604 = CARTESIAN_POINT('',(24.224778645673,105.57980556377,
    2.61556610321));
#6605 = CARTESIAN_POINT('',(24.238949309568,105.50875485142,
    2.652107450874));
#6606 = CARTESIAN_POINT('',(24.251664678938,105.43874565202,
    2.690148245931));
#6607 = CARTESIAN_POINT('',(24.272830981171,105.30672473807,
    2.76549051387));
#6608 = CARTESIAN_POINT('',(24.281557351367,105.24454626674,
    2.802568605999));
#6609 = CARTESIAN_POINT('',(24.288760755773,105.18315526436,
    2.840654789303));
#6610 = CARTESIAN_POINT('',(24.294307354398,105.12250125882,
    2.879609368595));
#6611 = CARTESIAN_POINT('',(24.298083229309,105.06252321974,
    2.919271859728));
#6612 = CARTESIAN_POINT('',(24.299999926873,105.00315155978,
    2.959465206907));
#6613 = CARTESIAN_POINT('',(24.3,104.94431013609,3.));
#6614 = ORIENTED_EDGE('',*,*,#6615,.F.);
#6615 = EDGE_CURVE('',#5890,#6591,#6616,.T.);
#6616 = LINE('',#6617,#6618);
#6617 = CARTESIAN_POINT('',(24.3,75.,3.));
#6618 = VECTOR('',#6619,1.);
#6619 = DIRECTION('',(0.,1.,0.));
#6620 = CYLINDRICAL_SURFACE('',#6621,1.);
#6621 = AXIS2_PLACEMENT_3D('',#6622,#6623,#6624);
#6622 = CARTESIAN_POINT('',(23.3,75.,3.));
#6623 = DIRECTION('',(0.,1.,0.));
#6624 = DIRECTION('',(1.,0.,0.));
#6625 = ADVANCED_FACE('',(#6626),#6645,.T.);
#6626 = FACE_BOUND('',#6627,.T.);
#6627 = EDGE_LOOP('',(#6628,#6636,#6643,#6644));
#6628 = ORIENTED_EDGE('',*,*,#6629,.F.);
#6629 = EDGE_CURVE('',#6630,#6057,#6632,.T.);
#6630 = VERTEX_POINT('',#6631);
#6631 = CARTESIAN_POINT('',(-23.3,109.17519791868,45.984533234223));
#6632 = LINE('',#6633,#6634);
#6633 = CARTESIAN_POINT('',(-24.3,109.17519791868,45.984533234223));
#6634 = VECTOR('',#6635,1.);
#6635 = DIRECTION('',(1.,0.,0.));
#6636 = ORIENTED_EDGE('',*,*,#6637,.T.);
#6637 = EDGE_CURVE('',#6630,#5999,#6638,.T.);
#6638 = CIRCLE('',#6639,1.);
#6639 = AXIS2_PLACEMENT_3D('',#6640,#6641,#6642);
#6640 = CARTESIAN_POINT('',(-23.3,109.,45.));
#6641 = DIRECTION('',(1.,0.,6.123233995737E-17));
#6642 = DIRECTION('',(-6.123233995737E-17,0.,1.));
#6643 = ORIENTED_EDGE('',*,*,#6008,.T.);
#6644 = ORIENTED_EDGE('',*,*,#6078,.F.);
#6645 = CYLINDRICAL_SURFACE('',#6646,1.);
#6646 = AXIS2_PLACEMENT_3D('',#6647,#6648,#6649);
#6647 = CARTESIAN_POINT('',(-24.3,109.,45.));
#6648 = DIRECTION('',(1.,0.,0.));
#6649 = DIRECTION('',(0.,1.,0.));
#6650 = ADVANCED_FACE('',(#6651),#6675,.T.);
#6651 = FACE_BOUND('',#6652,.F.);
#6652 = EDGE_LOOP('',(#6653,#6673,#6674));
#6653 = ORIENTED_EDGE('',*,*,#6654,.F.);
#6654 = EDGE_CURVE('',#6630,#6388,#6655,.T.);
#6655 = B_SPLINE_CURVE_WITH_KNOTS('',6,(#6656,#6657,#6658,#6659,#6660,
    #6661,#6662,#6663,#6664,#6665,#6666,#6667,#6668,#6669,#6670,#6671,
    #6672),.UNSPECIFIED.,.F.,.F.,(7,5,5,7),(0.,0.45005304639,
    0.64613263499,1.),.UNSPECIFIED.);
#6656 = CARTESIAN_POINT('',(-23.3,109.17519791868,45.984533234223));
#6657 = CARTESIAN_POINT('',(-23.32060866432,109.17519791868,
    45.984533234223));
#6658 = CARTESIAN_POINT('',(-23.34115475535,109.17279568441,
    45.9844431126));
#6659 = CARTESIAN_POINT('',(-23.36148031051,109.16801679986,
    45.984263806272));
#6660 = CARTESIAN_POINT('',(-23.38135862844,109.16082189441,
    45.983991938573));
#6661 = CARTESIAN_POINT('',(-23.40051086013,109.15118715177,
    45.983622606483));
#6662 = CARTESIAN_POINT('',(-23.42648297212,109.13384380517,
    45.982943415046));
#6663 = CARTESIAN_POINT('',(-23.43416146668,109.12811757418,
    45.982717652394));
#6664 = CARTESIAN_POINT('',(-23.44160821334,109.12192881341,
    45.9824717639));
#6665 = CARTESIAN_POINT('',(-23.44879094494,109.11528040006,
    45.982205286179));
#6666 = CARTESIAN_POINT('',(-23.45567446324,109.10817886627,
    45.981917843064));
#6667 = CARTESIAN_POINT('',(-23.47403673475,109.08702260226,
    45.981052247318));
#6668 = CARTESIAN_POINT('',(-23.48476379138,109.07196232623,
    45.980425932052));
#6669 = CARTESIAN_POINT('',(-23.49416567978,109.05553451276,
    45.979729487489));
#6670 = CARTESIAN_POINT('',(-23.50199372161,109.03788693485,
    45.97896460985));
#6671 = CARTESIAN_POINT('',(-23.50800255761,109.0192527698,
    45.978137007195));
#6672 = CARTESIAN_POINT('',(-23.51204005543,109.,45.977260975836));
#6673 = ORIENTED_EDGE('',*,*,#6637,.T.);
#6674 = ORIENTED_EDGE('',*,*,#6387,.F.);
#6675 = SPHERICAL_SURFACE('',#6676,1.);
#6676 = AXIS2_PLACEMENT_3D('',#6677,#6678,#6679);
#6677 = CARTESIAN_POINT('',(-23.3,109.,45.));
#6678 = DIRECTION('',(0.,-1.,0.));
#6679 = DIRECTION('',(-1.,0.,0.));
#6680 = ADVANCED_FACE('',(#6681),#6709,.T.);
#6681 = FACE_BOUND('',#6682,.F.);
#6682 = EDGE_LOOP('',(#6683,#6694,#6701,#6702));
#6683 = ORIENTED_EDGE('',*,*,#6684,.F.);
#6684 = EDGE_CURVE('',#6685,#6687,#6689,.T.);
#6685 = VERTEX_POINT('',#6686);
#6686 = CARTESIAN_POINT('',(-23.9,110.,46.));
#6687 = VERTEX_POINT('',#6688);
#6688 = CARTESIAN_POINT('',(-24.3,110.,45.6));
#6689 = CIRCLE('',#6690,0.4);
#6690 = AXIS2_PLACEMENT_3D('',#6691,#6692,#6693);
#6691 = CARTESIAN_POINT('',(-23.9,110.,45.6));
#6692 = DIRECTION('',(0.,-1.,0.));
#6693 = DIRECTION('',(0.,0.,1.));
#6694 = ORIENTED_EDGE('',*,*,#6695,.T.);
#6695 = EDGE_CURVE('',#6685,#6397,#6696,.T.);
#6696 = CIRCLE('',#6697,22.);
#6697 = AXIS2_PLACEMENT_3D('',#6698,#6699,#6700);
#6698 = CARTESIAN_POINT('',(-23.9,110.,24.));
#6699 = DIRECTION('',(1.,0.,-0.));
#6700 = DIRECTION('',(0.,0.,1.));
#6701 = ORIENTED_EDGE('',*,*,#6407,.T.);
#6702 = ORIENTED_EDGE('',*,*,#6703,.F.);
#6703 = EDGE_CURVE('',#6687,#6408,#6704,.T.);
#6704 = CIRCLE('',#6705,21.6);
#6705 = AXIS2_PLACEMENT_3D('',#6706,#6707,#6708);
#6706 = CARTESIAN_POINT('',(-24.3,110.,24.));
#6707 = DIRECTION('',(1.,0.,-0.));
#6708 = DIRECTION('',(0.,0.,1.));
#6709 = TOROIDAL_SURFACE('',#6710,21.6,0.4);
#6710 = AXIS2_PLACEMENT_3D('',#6711,#6712,#6713);
#6711 = CARTESIAN_POINT('',(-23.9,110.,24.));
#6712 = DIRECTION('',(-1.,-0.,-0.));
#6713 = DIRECTION('',(0.,0.,1.));
#6714 = ADVANCED_FACE('',(#6715),#6733,.T.);
#6715 = FACE_BOUND('',#6716,.F.);
#6716 = EDGE_LOOP('',(#6717,#6724,#6725,#6732));
#6717 = ORIENTED_EDGE('',*,*,#6718,.T.);
#6718 = EDGE_CURVE('',#6458,#6685,#6719,.T.);
#6719 = CIRCLE('',#6720,22.);
#6720 = AXIS2_PLACEMENT_3D('',#6721,#6722,#6723);
#6721 = CARTESIAN_POINT('',(-23.9,110.,24.));
#6722 = DIRECTION('',(1.,0.,-0.));
#6723 = DIRECTION('',(0.,0.,1.));
#6724 = ORIENTED_EDGE('',*,*,#6684,.T.);
#6725 = ORIENTED_EDGE('',*,*,#6726,.F.);
#6726 = EDGE_CURVE('',#6469,#6687,#6727,.T.);
#6727 = CIRCLE('',#6728,21.6);
#6728 = AXIS2_PLACEMENT_3D('',#6729,#6730,#6731);
#6729 = CARTESIAN_POINT('',(-24.3,110.,24.));
#6730 = DIRECTION('',(1.,0.,-0.));
#6731 = DIRECTION('',(0.,0.,1.));
#6732 = ORIENTED_EDGE('',*,*,#6468,.F.);
#6733 = TOROIDAL_SURFACE('',#6734,21.6,0.4);
#6734 = AXIS2_PLACEMENT_3D('',#6735,#6736,#6737);
#6735 = CARTESIAN_POINT('',(-23.9,110.,24.));
#6736 = DIRECTION('',(-1.,-0.,-0.));
#6737 = DIRECTION('',(0.,0.,1.));
#6738 = ADVANCED_FACE('',(#6739),#6763,.T.);
#6739 = FACE_BOUND('',#6740,.F.);
#6740 = EDGE_LOOP('',(#6741,#6742,#6751));
#6741 = ORIENTED_EDGE('',*,*,#6448,.F.);
#6742 = ORIENTED_EDGE('',*,*,#6743,.T.);
#6743 = EDGE_CURVE('',#6154,#6744,#6746,.T.);
#6744 = VERTEX_POINT('',#6745);
#6745 = CARTESIAN_POINT('',(-23.3,109.17519791868,2.015466765777));
#6746 = CIRCLE('',#6747,1.);
#6747 = AXIS2_PLACEMENT_3D('',#6748,#6749,#6750);
#6748 = CARTESIAN_POINT('',(-23.3,109.,3.));
#6749 = DIRECTION('',(1.,6.123233995737E-17,-0.));
#6750 = DIRECTION('',(-6.123233995737E-17,1.,0.));
#6751 = ORIENTED_EDGE('',*,*,#6752,.F.);
#6752 = EDGE_CURVE('',#6449,#6744,#6753,.T.);
#6753 = B_SPLINE_CURVE_WITH_KNOTS('',8,(#6754,#6755,#6756,#6757,#6758,
    #6759,#6760,#6761,#6762),.UNSPECIFIED.,.F.,.F.,(9,9),(0.,1.),
  .PIECEWISE_BEZIER_KNOTS.);
#6754 = CARTESIAN_POINT('',(-23.51204005543,109.,2.022739024164));
#6755 = CARTESIAN_POINT('',(-23.50328023154,109.04177113662,
    2.020838371636));
#6756 = CARTESIAN_POINT('',(-23.48593906975,109.07955123186,
    2.019210224675));
#6757 = CARTESIAN_POINT('',(-23.4619917407,109.11153427265,
    2.017906455479));
#6758 = CARTESIAN_POINT('',(-23.43351792954,109.13708296501,
    2.016907110468));
#6759 = CARTESIAN_POINT('',(-23.40200733711,109.15616954172,
    2.01618061007));
#6760 = CARTESIAN_POINT('',(-23.36863150014,109.16884988158,2.0157049408
    ));
#6761 = CARTESIAN_POINT('',(-23.3343253078,109.17519791868,
    2.015466765777));
#6762 = CARTESIAN_POINT('',(-23.3,109.17519791868,2.015466765777));
#6763 = SPHERICAL_SURFACE('',#6764,1.);
#6764 = AXIS2_PLACEMENT_3D('',#6765,#6766,#6767);
#6765 = CARTESIAN_POINT('',(-23.3,109.,3.));
#6766 = DIRECTION('',(0.,0.,1.));
#6767 = DIRECTION('',(-1.,0.,0.));
#6768 = ADVANCED_FACE('',(#6769),#6780,.T.);
#6769 = FACE_BOUND('',#6770,.F.);
#6770 = EDGE_LOOP('',(#6771,#6772,#6773,#6774));
#6771 = ORIENTED_EDGE('',*,*,#6743,.F.);
#6772 = ORIENTED_EDGE('',*,*,#6163,.T.);
#6773 = ORIENTED_EDGE('',*,*,#6119,.T.);
#6774 = ORIENTED_EDGE('',*,*,#6775,.F.);
#6775 = EDGE_CURVE('',#6744,#6120,#6776,.T.);
#6776 = LINE('',#6777,#6778);
#6777 = CARTESIAN_POINT('',(-24.3,109.17519791868,2.015466765777));
#6778 = VECTOR('',#6779,1.);
#6779 = DIRECTION('',(1.,0.,0.));
#6780 = CYLINDRICAL_SURFACE('',#6781,1.);
#6781 = AXIS2_PLACEMENT_3D('',#6782,#6783,#6784);
#6782 = CARTESIAN_POINT('',(-24.3,109.,3.));
#6783 = DIRECTION('',(1.,0.,0.));
#6784 = DIRECTION('',(0.,1.,0.));
#6785 = ADVANCED_FACE('',(#6786),#6814,.T.);
#6786 = FACE_BOUND('',#6787,.T.);
#6787 = EDGE_LOOP('',(#6788,#6799,#6806,#6807));
#6788 = ORIENTED_EDGE('',*,*,#6789,.F.);
#6789 = EDGE_CURVE('',#6790,#6792,#6794,.T.);
#6790 = VERTEX_POINT('',#6791);
#6791 = CARTESIAN_POINT('',(23.9,110.,46.));
#6792 = VERTEX_POINT('',#6793);
#6793 = CARTESIAN_POINT('',(24.3,110.,45.6));
#6794 = CIRCLE('',#6795,0.4);
#6795 = AXIS2_PLACEMENT_3D('',#6796,#6797,#6798);
#6796 = CARTESIAN_POINT('',(23.9,110.,45.6));
#6797 = DIRECTION('',(0.,1.,0.));
#6798 = DIRECTION('',(0.,0.,1.));
#6799 = ORIENTED_EDGE('',*,*,#6800,.T.);
#6800 = EDGE_CURVE('',#6790,#6519,#6801,.T.);
#6801 = CIRCLE('',#6802,22.);
#6802 = AXIS2_PLACEMENT_3D('',#6803,#6804,#6805);
#6803 = CARTESIAN_POINT('',(23.9,110.,24.));
#6804 = DIRECTION('',(1.,0.,-0.));
#6805 = DIRECTION('',(0.,0.,1.));
#6806 = ORIENTED_EDGE('',*,*,#6529,.T.);
#6807 = ORIENTED_EDGE('',*,*,#6808,.F.);
#6808 = EDGE_CURVE('',#6792,#6530,#6809,.T.);
#6809 = CIRCLE('',#6810,21.6);
#6810 = AXIS2_PLACEMENT_3D('',#6811,#6812,#6813);
#6811 = CARTESIAN_POINT('',(24.3,110.,24.));
#6812 = DIRECTION('',(1.,0.,-0.));
#6813 = DIRECTION('',(0.,0.,1.));
#6814 = TOROIDAL_SURFACE('',#6815,21.6,0.4);
#6815 = AXIS2_PLACEMENT_3D('',#6816,#6817,#6818);
#6816 = CARTESIAN_POINT('',(23.9,110.,24.));
#6817 = DIRECTION('',(1.,0.,0.));
#6818 = DIRECTION('',(0.,0.,1.));
#6819 = ADVANCED_FACE('',(#6820),#6852,.T.);
#6820 = FACE_BOUND('',#6821,.T.);
#6821 = EDGE_LOOP('',(#6822,#6844,#6851));
#6822 = ORIENTED_EDGE('',*,*,#6823,.T.);
#6823 = EDGE_CURVE('',#6510,#6824,#6826,.T.);
#6824 = VERTEX_POINT('',#6825);
#6825 = CARTESIAN_POINT('',(23.3,109.17519791868,45.984533234223));
#6826 = B_SPLINE_CURVE_WITH_KNOTS('',6,(#6827,#6828,#6829,#6830,#6831,
    #6832,#6833,#6834,#6835,#6836,#6837,#6838,#6839,#6840,#6841,#6842,
    #6843),.UNSPECIFIED.,.F.,.F.,(7,5,5,7),(0.,0.347319318463,
    0.537411830039,1.),.UNSPECIFIED.);
#6827 = CARTESIAN_POINT('',(23.512040055433,109.,45.977260975836));
#6828 = CARTESIAN_POINT('',(23.508076466692,109.01890033508,
    45.97812097086));
#6829 = CARTESIAN_POINT('',(23.50221291339,109.03720524632,
    45.978934327661));
#6830 = CARTESIAN_POINT('',(23.494593118071,109.0545657849,
    45.97968748129));
#6831 = CARTESIAN_POINT('',(23.485447993279,109.07075891909,
    45.980374880795));
#6832 = CARTESIAN_POINT('',(23.475012655061,109.0856415189,
    45.980994766905));
#6833 = CARTESIAN_POINT('',(23.457218064531,109.10651986585,
    45.981850419848));
#6834 = CARTESIAN_POINT('',(23.450602560049,109.11349127079,
    45.982133144698));
#6835 = CARTESIAN_POINT('',(23.443700159061,109.1200379162,
    45.982396107625));
#6836 = CARTESIAN_POINT('',(23.436543309023,109.12615330451,
    45.982639636103));
#6837 = CARTESIAN_POINT('',(23.429161875116,109.13183434291,
    45.982864143524));
#6838 = CARTESIAN_POINT('',(23.403137971034,109.14984573027,
    45.983571159597));
#6839 = CARTESIAN_POINT('',(23.383536523904,109.16002318038,
    45.983961754011));
#6840 = CARTESIAN_POINT('',(23.36313770095,109.1676263592,
    45.984249164389));
#6841 = CARTESIAN_POINT('',(23.342247795547,109.17267223122,
    45.984438478078));
#6842 = CARTESIAN_POINT('',(23.321130459651,109.17519791868,
    45.984533234223));
#6843 = CARTESIAN_POINT('',(23.3,109.17519791868,45.984533234223));
#6844 = ORIENTED_EDGE('',*,*,#6845,.T.);
#6845 = EDGE_CURVE('',#6824,#6252,#6846,.T.);
#6846 = CIRCLE('',#6847,1.);
#6847 = AXIS2_PLACEMENT_3D('',#6848,#6849,#6850);
#6848 = CARTESIAN_POINT('',(23.3,109.,45.));
#6849 = DIRECTION('',(1.,0.,-6.123233995737E-17));
#6850 = DIRECTION('',(6.123233995737E-17,0.,1.));
#6851 = ORIENTED_EDGE('',*,*,#6509,.F.);
#6852 = SPHERICAL_SURFACE('',#6853,1.);
#6853 = AXIS2_PLACEMENT_3D('',#6854,#6855,#6856);
#6854 = CARTESIAN_POINT('',(23.3,109.,45.));
#6855 = DIRECTION('',(0.,-1.,0.));
#6856 = DIRECTION('',(1.,0.,0.));
#6857 = ADVANCED_FACE('',(#6858),#6869,.T.);
#6858 = FACE_BOUND('',#6859,.T.);
#6859 = EDGE_LOOP('',(#6860,#6866,#6867,#6868));
#6860 = ORIENTED_EDGE('',*,*,#6861,.F.);
#6861 = EDGE_CURVE('',#6212,#6824,#6862,.T.);
#6862 = LINE('',#6863,#6864);
#6863 = CARTESIAN_POINT('',(12.3,109.17519791868,45.984533234223));
#6864 = VECTOR('',#6865,1.);
#6865 = DIRECTION('',(1.,0.,0.));
#6866 = ORIENTED_EDGE('',*,*,#6233,.T.);
#6867 = ORIENTED_EDGE('',*,*,#6259,.T.);
#6868 = ORIENTED_EDGE('',*,*,#6845,.F.);
#6869 = CYLINDRICAL_SURFACE('',#6870,1.);
#6870 = AXIS2_PLACEMENT_3D('',#6871,#6872,#6873);
#6871 = CARTESIAN_POINT('',(12.3,109.,45.));
#6872 = DIRECTION('',(1.,0.,0.));
#6873 = DIRECTION('',(0.,1.,0.));
#6874 = ADVANCED_FACE('',(#6875),#6894,.T.);
#6875 = FACE_BOUND('',#6876,.F.);
#6876 = EDGE_LOOP('',(#6877,#6878,#6879,#6888));
#6877 = ORIENTED_EDGE('',*,*,#6298,.F.);
#6878 = ORIENTED_EDGE('',*,*,#6337,.T.);
#6879 = ORIENTED_EDGE('',*,*,#6880,.T.);
#6880 = EDGE_CURVE('',#6330,#6881,#6883,.T.);
#6881 = VERTEX_POINT('',#6882);
#6882 = CARTESIAN_POINT('',(23.3,109.17519791868,2.015466765777));
#6883 = CIRCLE('',#6884,1.);
#6884 = AXIS2_PLACEMENT_3D('',#6885,#6886,#6887);
#6885 = CARTESIAN_POINT('',(23.3,109.,3.));
#6886 = DIRECTION('',(1.,-6.123233995737E-17,0.));
#6887 = DIRECTION('',(6.123233995737E-17,1.,0.));
#6888 = ORIENTED_EDGE('',*,*,#6889,.F.);
#6889 = EDGE_CURVE('',#6299,#6881,#6890,.T.);
#6890 = LINE('',#6891,#6892);
#6891 = CARTESIAN_POINT('',(12.3,109.17519791868,2.015466765777));
#6892 = VECTOR('',#6893,1.);
#6893 = DIRECTION('',(1.,0.,0.));
#6894 = CYLINDRICAL_SURFACE('',#6895,1.);
#6895 = AXIS2_PLACEMENT_3D('',#6896,#6897,#6898);
#6896 = CARTESIAN_POINT('',(12.3,109.,3.));
#6897 = DIRECTION('',(1.,0.,0.));
#6898 = DIRECTION('',(0.,1.,0.));
#6899 = ADVANCED_FACE('',(#6900),#6916,.T.);
#6900 = FACE_BOUND('',#6901,.T.);
#6901 = EDGE_LOOP('',(#6902,#6903,#6904));
#6902 = ORIENTED_EDGE('',*,*,#6570,.F.);
#6903 = ORIENTED_EDGE('',*,*,#6880,.T.);
#6904 = ORIENTED_EDGE('',*,*,#6905,.T.);
#6905 = EDGE_CURVE('',#6881,#6571,#6906,.T.);
#6906 = B_SPLINE_CURVE_WITH_KNOTS('',8,(#6907,#6908,#6909,#6910,#6911,
    #6912,#6913,#6914,#6915),.UNSPECIFIED.,.F.,.F.,(9,9),(0.,1.),
  .PIECEWISE_BEZIER_KNOTS.);
#6907 = CARTESIAN_POINT('',(23.3,109.17519791868,2.015466765777));
#6908 = CARTESIAN_POINT('',(23.334327401068,109.17519791868,
    2.015466765777));
#6909 = CARTESIAN_POINT('',(23.368632693725,109.16884910227,
    2.015704970833));
#6910 = CARTESIAN_POINT('',(23.402007321459,109.15616913075,
    2.016180623355));
#6911 = CARTESIAN_POINT('',(23.433517520304,109.13708325002,
    2.016907106046));
#6912 = CARTESIAN_POINT('',(23.461992661626,109.11153425435,
    2.017906447471));
#6913 = CARTESIAN_POINT('',(23.485939474106,109.07954992937,
    2.019210282741));
#6914 = CARTESIAN_POINT('',(23.503280288295,109.04177086598,
    2.020838383951));
#6915 = CARTESIAN_POINT('',(23.512040055434,109.,2.022739024164));
#6916 = SPHERICAL_SURFACE('',#6917,1.);
#6917 = AXIS2_PLACEMENT_3D('',#6918,#6919,#6920);
#6918 = CARTESIAN_POINT('',(23.3,109.,3.));
#6919 = DIRECTION('',(0.,0.,1.));
#6920 = DIRECTION('',(1.,0.,0.));
#6921 = ADVANCED_FACE('',(#6922),#6940,.T.);
#6922 = FACE_BOUND('',#6923,.T.);
#6923 = EDGE_LOOP('',(#6924,#6931,#6932,#6939));
#6924 = ORIENTED_EDGE('',*,*,#6925,.T.);
#6925 = EDGE_CURVE('',#6580,#6790,#6926,.T.);
#6926 = CIRCLE('',#6927,22.);
#6927 = AXIS2_PLACEMENT_3D('',#6928,#6929,#6930);
#6928 = CARTESIAN_POINT('',(23.9,110.,24.));
#6929 = DIRECTION('',(1.,0.,-0.));
#6930 = DIRECTION('',(0.,0.,1.));
#6931 = ORIENTED_EDGE('',*,*,#6789,.T.);
#6932 = ORIENTED_EDGE('',*,*,#6933,.F.);
#6933 = EDGE_CURVE('',#6591,#6792,#6934,.T.);
#6934 = CIRCLE('',#6935,21.6);
#6935 = AXIS2_PLACEMENT_3D('',#6936,#6937,#6938);
#6936 = CARTESIAN_POINT('',(24.3,110.,24.));
#6937 = DIRECTION('',(1.,0.,-0.));
#6938 = DIRECTION('',(0.,0.,1.));
#6939 = ORIENTED_EDGE('',*,*,#6590,.F.);
#6940 = TOROIDAL_SURFACE('',#6941,21.6,0.4);
#6941 = AXIS2_PLACEMENT_3D('',#6942,#6943,#6944);
#6942 = CARTESIAN_POINT('',(23.9,110.,24.));
#6943 = DIRECTION('',(1.,0.,0.));
#6944 = DIRECTION('',(0.,0.,1.));
#6945 = ADVANCED_FACE('',(#6946,#6959),#6988,.T.);
#6946 = FACE_BOUND('',#6947,.T.);
#6947 = EDGE_LOOP('',(#6948,#6949,#6950,#6951,#6952,#6953,#6954,#6955,
    #6956,#6957,#6958));
#6948 = ORIENTED_EDGE('',*,*,#5546,.F.);
#6949 = ORIENTED_EDGE('',*,*,#3994,.T.);
#6950 = ORIENTED_EDGE('',*,*,#6102,.T.);
#6951 = ORIENTED_EDGE('',*,*,#6022,.T.);
#6952 = ORIENTED_EDGE('',*,*,#5825,.F.);
#6953 = ORIENTED_EDGE('',*,*,#5193,.F.);
#6954 = ORIENTED_EDGE('',*,*,#4708,.T.);
#6955 = ORIENTED_EDGE('',*,*,#5228,.F.);
#6956 = ORIENTED_EDGE('',*,*,#5744,.T.);
#6957 = ORIENTED_EDGE('',*,*,#5563,.F.);
#6958 = ORIENTED_EDGE('',*,*,#4878,.F.);
#6959 = FACE_BOUND('',#6960,.T.);
#6960 = EDGE_LOOP('',(#6961,#6972,#6981));
#6961 = ORIENTED_EDGE('',*,*,#6962,.F.);
#6962 = EDGE_CURVE('',#6963,#6965,#6967,.T.);
#6963 = VERTEX_POINT('',#6964);
#6964 = CARTESIAN_POINT('',(-12.3,109.,26.454078238361));
#6965 = VERTEX_POINT('',#6966);
#6966 = CARTESIAN_POINT('',(-12.3,109.,21.545921761639));
#6967 = CIRCLE('',#6968,2.65);
#6968 = AXIS2_PLACEMENT_3D('',#6969,#6970,#6971);
#6969 = CARTESIAN_POINT('',(-12.3,110.,24.));
#6970 = DIRECTION('',(1.,0.,-0.));
#6971 = DIRECTION('',(0.,0.,1.));
#6972 = ORIENTED_EDGE('',*,*,#6973,.F.);
#6973 = EDGE_CURVE('',#6974,#6963,#6976,.T.);
#6974 = VERTEX_POINT('',#6975);
#6975 = CARTESIAN_POINT('',(-12.3,110.,26.65));
#6976 = CIRCLE('',#6977,2.65);
#6977 = AXIS2_PLACEMENT_3D('',#6978,#6979,#6980);
#6978 = CARTESIAN_POINT('',(-12.3,110.,24.));
#6979 = DIRECTION('',(1.,0.,-0.));
#6980 = DIRECTION('',(0.,0.,1.));
#6981 = ORIENTED_EDGE('',*,*,#6982,.F.);
#6982 = EDGE_CURVE('',#6965,#6974,#6983,.T.);
#6983 = CIRCLE('',#6984,2.65);
#6984 = AXIS2_PLACEMENT_3D('',#6985,#6986,#6987);
#6985 = CARTESIAN_POINT('',(-12.3,110.,24.));
#6986 = DIRECTION('',(1.,0.,-0.));
#6987 = DIRECTION('',(0.,0.,1.));
#6988 = PLANE('',#6989);
#6989 = AXIS2_PLACEMENT_3D('',#6990,#6991,#6992);
#6990 = CARTESIAN_POINT('',(-12.3,99.378346049805,24.091947500644));
#6991 = DIRECTION('',(1.,0.,0.));
#6992 = DIRECTION('',(0.,0.,1.));
#6993 = ADVANCED_FACE('',(#6994),#7033,.F.);
#6994 = FACE_BOUND('',#6995,.F.);
#6995 = EDGE_LOOP('',(#6996,#6997,#7005,#7014,#7023,#7030,#7031,#7032));
#6996 = ORIENTED_EDGE('',*,*,#6973,.F.);
#6997 = ORIENTED_EDGE('',*,*,#6998,.F.);
#6998 = EDGE_CURVE('',#6999,#6974,#7001,.T.);
#6999 = VERTEX_POINT('',#7000);
#7000 = CARTESIAN_POINT('',(-24.3,110.,26.65));
#7001 = LINE('',#7002,#7003);
#7002 = CARTESIAN_POINT('',(-26.,110.,26.65));
#7003 = VECTOR('',#7004,1.);
#7004 = DIRECTION('',(1.,0.,0.));
#7005 = ORIENTED_EDGE('',*,*,#7006,.T.);
#7006 = EDGE_CURVE('',#6999,#7007,#7009,.T.);
#7007 = VERTEX_POINT('',#7008);
#7008 = CARTESIAN_POINT('',(-24.3,109.,26.454078238361));
#7009 = CIRCLE('',#7010,2.65);
#7010 = AXIS2_PLACEMENT_3D('',#7011,#7012,#7013);
#7011 = CARTESIAN_POINT('',(-24.3,110.,24.));
#7012 = DIRECTION('',(1.,0.,-0.));
#7013 = DIRECTION('',(0.,0.,1.));
#7014 = ORIENTED_EDGE('',*,*,#7015,.T.);
#7015 = EDGE_CURVE('',#7007,#7016,#7018,.T.);
#7016 = VERTEX_POINT('',#7017);
#7017 = CARTESIAN_POINT('',(-24.3,109.,21.545921761639));
#7018 = CIRCLE('',#7019,2.65);
#7019 = AXIS2_PLACEMENT_3D('',#7020,#7021,#7022);
#7020 = CARTESIAN_POINT('',(-24.3,110.,24.));
#7021 = DIRECTION('',(1.,0.,-0.));
#7022 = DIRECTION('',(0.,0.,1.));
#7023 = ORIENTED_EDGE('',*,*,#7024,.T.);
#7024 = EDGE_CURVE('',#7016,#6999,#7025,.T.);
#7025 = CIRCLE('',#7026,2.65);
#7026 = AXIS2_PLACEMENT_3D('',#7027,#7028,#7029);
#7027 = CARTESIAN_POINT('',(-24.3,110.,24.));
#7028 = DIRECTION('',(1.,0.,-0.));
#7029 = DIRECTION('',(0.,0.,1.));
#7030 = ORIENTED_EDGE('',*,*,#6998,.T.);
#7031 = ORIENTED_EDGE('',*,*,#6982,.F.);
#7032 = ORIENTED_EDGE('',*,*,#6962,.F.);
#7033 = CYLINDRICAL_SURFACE('',#7034,2.65);
#7034 = AXIS2_PLACEMENT_3D('',#7035,#7036,#7037);
#7035 = CARTESIAN_POINT('',(-26.,110.,24.));
#7036 = DIRECTION('',(1.,0.,0.));
#7037 = DIRECTION('',(0.,0.,1.));
#7038 = ADVANCED_FACE('',(#7039,#7052),#7081,.T.);
#7039 = FACE_BOUND('',#7040,.T.);
#7040 = EDGE_LOOP('',(#7041,#7042,#7043,#7044,#7045,#7046,#7047,#7048,
    #7049,#7050,#7051));
#7041 = ORIENTED_EDGE('',*,*,#5596,.T.);
#7042 = ORIENTED_EDGE('',*,*,#4862,.T.);
#7043 = ORIENTED_EDGE('',*,*,#5573,.T.);
#7044 = ORIENTED_EDGE('',*,*,#5751,.F.);
#7045 = ORIENTED_EDGE('',*,*,#5236,.T.);
#7046 = ORIENTED_EDGE('',*,*,#4692,.F.);
#7047 = ORIENTED_EDGE('',*,*,#5251,.T.);
#7048 = ORIENTED_EDGE('',*,*,#4103,.T.);
#7049 = ORIENTED_EDGE('',*,*,#6177,.F.);
#7050 = ORIENTED_EDGE('',*,*,#6281,.F.);
#7051 = ORIENTED_EDGE('',*,*,#3891,.F.);
#7052 = FACE_BOUND('',#7053,.T.);
#7053 = EDGE_LOOP('',(#7054,#7065,#7074));
#7054 = ORIENTED_EDGE('',*,*,#7055,.T.);
#7055 = EDGE_CURVE('',#7056,#7058,#7060,.T.);
#7056 = VERTEX_POINT('',#7057);
#7057 = CARTESIAN_POINT('',(12.3,109.,26.454078238361));
#7058 = VERTEX_POINT('',#7059);
#7059 = CARTESIAN_POINT('',(12.3,109.,21.545921761639));
#7060 = CIRCLE('',#7061,2.65);
#7061 = AXIS2_PLACEMENT_3D('',#7062,#7063,#7064);
#7062 = CARTESIAN_POINT('',(12.3,110.,24.));
#7063 = DIRECTION('',(1.,0.,-0.));
#7064 = DIRECTION('',(0.,0.,1.));
#7065 = ORIENTED_EDGE('',*,*,#7066,.T.);
#7066 = EDGE_CURVE('',#7058,#7067,#7069,.T.);
#7067 = VERTEX_POINT('',#7068);
#7068 = CARTESIAN_POINT('',(12.3,110.,26.65));
#7069 = CIRCLE('',#7070,2.65);
#7070 = AXIS2_PLACEMENT_3D('',#7071,#7072,#7073);
#7071 = CARTESIAN_POINT('',(12.3,110.,24.));
#7072 = DIRECTION('',(1.,0.,-0.));
#7073 = DIRECTION('',(0.,0.,1.));
#7074 = ORIENTED_EDGE('',*,*,#7075,.T.);
#7075 = EDGE_CURVE('',#7067,#7056,#7076,.T.);
#7076 = CIRCLE('',#7077,2.65);
#7077 = AXIS2_PLACEMENT_3D('',#7078,#7079,#7080);
#7078 = CARTESIAN_POINT('',(12.3,110.,24.));
#7079 = DIRECTION('',(1.,0.,-0.));
#7080 = DIRECTION('',(0.,0.,1.));
#7081 = PLANE('',#7082);
#7082 = AXIS2_PLACEMENT_3D('',#7083,#7084,#7085);
#7083 = CARTESIAN_POINT('',(12.3,99.378346049805,24.091947500644));
#7084 = DIRECTION('',(-1.,-0.,-0.));
#7085 = DIRECTION('',(0.,0.,-1.));
#7086 = ADVANCED_FACE('',(#7087),#7126,.F.);
#7087 = FACE_BOUND('',#7088,.F.);
#7088 = EDGE_LOOP('',(#7089,#7100,#7106,#7107,#7108,#7109,#7110,#7119));
#7089 = ORIENTED_EDGE('',*,*,#7090,.F.);
#7090 = EDGE_CURVE('',#7091,#7093,#7095,.T.);
#7091 = VERTEX_POINT('',#7092);
#7092 = CARTESIAN_POINT('',(24.3,110.,26.65));
#7093 = VERTEX_POINT('',#7094);
#7094 = CARTESIAN_POINT('',(24.3,109.,26.454078238361));
#7095 = CIRCLE('',#7096,2.65);
#7096 = AXIS2_PLACEMENT_3D('',#7097,#7098,#7099);
#7097 = CARTESIAN_POINT('',(24.3,110.,24.));
#7098 = DIRECTION('',(1.,0.,-0.));
#7099 = DIRECTION('',(0.,0.,1.));
#7100 = ORIENTED_EDGE('',*,*,#7101,.F.);
#7101 = EDGE_CURVE('',#7067,#7091,#7102,.T.);
#7102 = LINE('',#7103,#7104);
#7103 = CARTESIAN_POINT('',(-26.,110.,26.65));
#7104 = VECTOR('',#7105,1.);
#7105 = DIRECTION('',(1.,0.,0.));
#7106 = ORIENTED_EDGE('',*,*,#7075,.T.);
#7107 = ORIENTED_EDGE('',*,*,#7055,.T.);
#7108 = ORIENTED_EDGE('',*,*,#7066,.T.);
#7109 = ORIENTED_EDGE('',*,*,#7101,.T.);
#7110 = ORIENTED_EDGE('',*,*,#7111,.F.);
#7111 = EDGE_CURVE('',#7112,#7091,#7114,.T.);
#7112 = VERTEX_POINT('',#7113);
#7113 = CARTESIAN_POINT('',(24.3,109.,21.545921761639));
#7114 = CIRCLE('',#7115,2.65);
#7115 = AXIS2_PLACEMENT_3D('',#7116,#7117,#7118);
#7116 = CARTESIAN_POINT('',(24.3,110.,24.));
#7117 = DIRECTION('',(1.,0.,-0.));
#7118 = DIRECTION('',(0.,0.,1.));
#7119 = ORIENTED_EDGE('',*,*,#7120,.F.);
#7120 = EDGE_CURVE('',#7093,#7112,#7121,.T.);
#7121 = CIRCLE('',#7122,2.65);
#7122 = AXIS2_PLACEMENT_3D('',#7123,#7124,#7125);
#7123 = CARTESIAN_POINT('',(24.3,110.,24.));
#7124 = DIRECTION('',(1.,0.,-0.));
#7125 = DIRECTION('',(0.,0.,1.));
#7126 = CYLINDRICAL_SURFACE('',#7127,2.65);
#7127 = AXIS2_PLACEMENT_3D('',#7128,#7129,#7130);
#7128 = CARTESIAN_POINT('',(-26.,110.,24.));
#7129 = DIRECTION('',(1.,0.,0.));
#7130 = DIRECTION('',(0.,0.,1.));
#7131 = ADVANCED_FACE('',(#7132,#7143),#7148,.T.);
#7132 = FACE_BOUND('',#7133,.T.);
#7133 = EDGE_LOOP('',(#7134,#7135,#7136,#7137,#7138,#7139,#7140,#7141,
    #7142));
#7134 = ORIENTED_EDGE('',*,*,#4739,.F.);
#7135 = ORIENTED_EDGE('',*,*,#5502,.T.);
#7136 = ORIENTED_EDGE('',*,*,#5889,.F.);
#7137 = ORIENTED_EDGE('',*,*,#6615,.T.);
#7138 = ORIENTED_EDGE('',*,*,#6933,.T.);
#7139 = ORIENTED_EDGE('',*,*,#6808,.T.);
#7140 = ORIENTED_EDGE('',*,*,#6554,.F.);
#7141 = ORIENTED_EDGE('',*,*,#5668,.F.);
#7142 = ORIENTED_EDGE('',*,*,#5147,.F.);
#7143 = FACE_BOUND('',#7144,.T.);
#7144 = EDGE_LOOP('',(#7145,#7146,#7147));
#7145 = ORIENTED_EDGE('',*,*,#7120,.F.);
#7146 = ORIENTED_EDGE('',*,*,#7090,.F.);
#7147 = ORIENTED_EDGE('',*,*,#7111,.F.);
#7148 = PLANE('',#7149);
#7149 = AXIS2_PLACEMENT_3D('',#7150,#7151,#7152);
#7150 = CARTESIAN_POINT('',(24.3,96.124791026817,24.087263791412));
#7151 = DIRECTION('',(1.,0.,0.));
#7152 = DIRECTION('',(0.,0.,1.));
#7153 = ADVANCED_FACE('',(#7154,#7165),#7170,.T.);
#7154 = FACE_BOUND('',#7155,.T.);
#7155 = EDGE_LOOP('',(#7156,#7157,#7158,#7159,#7160,#7161,#7162,#7163,
    #7164));
#7156 = ORIENTED_EDGE('',*,*,#4909,.T.);
#7157 = ORIENTED_EDGE('',*,*,#5038,.T.);
#7158 = ORIENTED_EDGE('',*,*,#5643,.T.);
#7159 = ORIENTED_EDGE('',*,*,#6432,.T.);
#7160 = ORIENTED_EDGE('',*,*,#6703,.F.);
#7161 = ORIENTED_EDGE('',*,*,#6726,.F.);
#7162 = ORIENTED_EDGE('',*,*,#6493,.F.);
#7163 = ORIENTED_EDGE('',*,*,#5864,.T.);
#7164 = ORIENTED_EDGE('',*,*,#5393,.F.);
#7165 = FACE_BOUND('',#7166,.T.);
#7166 = EDGE_LOOP('',(#7167,#7168,#7169));
#7167 = ORIENTED_EDGE('',*,*,#7015,.T.);
#7168 = ORIENTED_EDGE('',*,*,#7024,.T.);
#7169 = ORIENTED_EDGE('',*,*,#7006,.T.);
#7170 = PLANE('',#7171);
#7171 = AXIS2_PLACEMENT_3D('',#7172,#7173,#7174);
#7172 = CARTESIAN_POINT('',(-24.3,96.124791026817,24.087263791412));
#7173 = DIRECTION('',(-1.,-0.,-0.));
#7174 = DIRECTION('',(0.,0.,-1.));
#7175 = ADVANCED_FACE('',(#7176),#7188,.T.);
#7176 = FACE_BOUND('',#7177,.T.);
#7177 = EDGE_LOOP('',(#7178,#7179,#7180,#7181,#7182,#7183,#7184,#7185,
    #7186,#7187));
#7178 = ORIENTED_EDGE('',*,*,#4562,.F.);
#7179 = ORIENTED_EDGE('',*,*,#4289,.F.);
#7180 = ORIENTED_EDGE('',*,*,#4548,.F.);
#7181 = ORIENTED_EDGE('',*,*,#4453,.T.);
#7182 = ORIENTED_EDGE('',*,*,#4516,.T.);
#7183 = ORIENTED_EDGE('',*,*,#4493,.T.);
#7184 = ORIENTED_EDGE('',*,*,#4376,.F.);
#7185 = ORIENTED_EDGE('',*,*,#4328,.T.);
#7186 = ORIENTED_EDGE('',*,*,#4240,.T.);
#7187 = ORIENTED_EDGE('',*,*,#4153,.F.);
#7188 = CYLINDRICAL_SURFACE('',#7189,22.);
#7189 = AXIS2_PLACEMENT_3D('',#7190,#7191,#7192);
#7190 = CARTESIAN_POINT('',(0.,55.,12.3));
#7191 = DIRECTION('',(0.,0.,1.));
#7192 = DIRECTION('',(1.,0.,0.));
#7193 = ADVANCED_FACE('',(#7194),#7210,.T.);
#7194 = FACE_BOUND('',#7195,.T.);
#7195 = EDGE_LOOP('',(#7196,#7197,#7198,#7199,#7200,#7201,#7202,#7203,
    #7204,#7205,#7206,#7207,#7208,#7209));
#7196 = ORIENTED_EDGE('',*,*,#6094,.F.);
#7197 = ORIENTED_EDGE('',*,*,#3958,.T.);
#7198 = ORIENTED_EDGE('',*,*,#6128,.F.);
#7199 = ORIENTED_EDGE('',*,*,#6775,.F.);
#7200 = ORIENTED_EDGE('',*,*,#6752,.F.);
#7201 = ORIENTED_EDGE('',*,*,#6457,.F.);
#7202 = ORIENTED_EDGE('',*,*,#6718,.T.);
#7203 = ORIENTED_EDGE('',*,*,#6695,.T.);
#7204 = ORIENTED_EDGE('',*,*,#6396,.T.);
#7205 = ORIENTED_EDGE('',*,*,#6654,.F.);
#7206 = ORIENTED_EDGE('',*,*,#6629,.T.);
#7207 = ORIENTED_EDGE('',*,*,#6056,.F.);
#7208 = ORIENTED_EDGE('',*,*,#5783,.F.);
#7209 = ORIENTED_EDGE('',*,*,#6040,.F.);
#7210 = CYLINDRICAL_SURFACE('',#7211,22.);
#7211 = AXIS2_PLACEMENT_3D('',#7212,#7213,#7214);
#7212 = CARTESIAN_POINT('',(-24.3,110.,24.));
#7213 = DIRECTION('',(1.,0.,0.));
#7214 = DIRECTION('',(0.,0.,1.));
#7215 = ADVANCED_FACE('',(#7216),#7232,.T.);
#7216 = FACE_BOUND('',#7217,.T.);
#7217 = EDGE_LOOP('',(#7218,#7219,#7220,#7221,#7222,#7223,#7224,#7225,
    #7226,#7227,#7228,#7229,#7230,#7231));
#7218 = ORIENTED_EDGE('',*,*,#6925,.F.);
#7219 = ORIENTED_EDGE('',*,*,#6579,.T.);
#7220 = ORIENTED_EDGE('',*,*,#6905,.F.);
#7221 = ORIENTED_EDGE('',*,*,#6889,.F.);
#7222 = ORIENTED_EDGE('',*,*,#6307,.F.);
#7223 = ORIENTED_EDGE('',*,*,#3855,.F.);
#7224 = ORIENTED_EDGE('',*,*,#6273,.T.);
#7225 = ORIENTED_EDGE('',*,*,#6195,.T.);
#7226 = ORIENTED_EDGE('',*,*,#4061,.T.);
#7227 = ORIENTED_EDGE('',*,*,#6211,.F.);
#7228 = ORIENTED_EDGE('',*,*,#6861,.T.);
#7229 = ORIENTED_EDGE('',*,*,#6823,.F.);
#7230 = ORIENTED_EDGE('',*,*,#6518,.F.);
#7231 = ORIENTED_EDGE('',*,*,#6800,.F.);
#7232 = CYLINDRICAL_SURFACE('',#7233,22.);
#7233 = AXIS2_PLACEMENT_3D('',#7234,#7235,#7236);
#7234 = CARTESIAN_POINT('',(12.3,110.,24.));
#7235 = DIRECTION('',(1.,0.,0.));
#7236 = DIRECTION('',(0.,0.,1.));
#7237 = MANIFOLD_SOLID_BREP('',#7238);
#7238 = CLOSED_SHELL('',(#7239,#7281,#7313,#7345,#7370,#7410,#7435,#7477
    ,#7502,#7544,#7569,#7627,#7678,#7726,#7758,#7809,#7834,#7866,#7888,
    #7920,#7945,#8020,#8054,#8086,#8134,#8185,#8210,#8242,#8264,#8296,
    #8327,#8349,#8380,#8413,#8443,#8602,#8619,#8652,#8685,#8802,#8834,
    #8859,#8890,#8912,#8945,#9054,#9071,#9093,#9124,#9149,#9177,#9188,
    #9213,#9246,#9263,#9285,#9318,#9340,#9365,#9390,#9415,#9448,#9473,
    #9490,#9514,#9538,#9555,#9572,#9589,#9719,#9743,#9769,#9785,#9802,
    #9932,#9956,#9982,#9998,#10023,#10048,#10073,#10098,#10115,#10132,
    #10153,#10200,#10245,#10268,#10289,#10323,#10345,#10371,#10393,
    #10430,#10463,#10489,#10514,#10526,#10559,#10585,#10610,#10622,
    #10659,#10692,#10718,#10743,#10755,#10788,#10814,#10839,#10851,
    #10878,#10905,#10935,#10953,#10965,#10977,#10989,#11001,#11013));
#7239 = ADVANCED_FACE('',(#7240),#7276,.T.);
#7240 = FACE_BOUND('',#7241,.F.);
#7241 = EDGE_LOOP('',(#7242,#7252,#7261,#7269));
#7242 = ORIENTED_EDGE('',*,*,#7243,.F.);
#7243 = EDGE_CURVE('',#7244,#7246,#7248,.T.);
#7244 = VERTEX_POINT('',#7245);
#7245 = CARTESIAN_POINT('',(81.,302.,26.));
#7246 = VERTEX_POINT('',#7247);
#7247 = CARTESIAN_POINT('',(81.,302.,67.4));
#7248 = LINE('',#7249,#7250);
#7249 = CARTESIAN_POINT('',(81.,302.,6.));
#7250 = VECTOR('',#7251,1.);
#7251 = DIRECTION('',(0.,0.,1.));
#7252 = ORIENTED_EDGE('',*,*,#7253,.F.);
#7253 = EDGE_CURVE('',#7254,#7244,#7256,.T.);
#7254 = VERTEX_POINT('',#7255);
#7255 = CARTESIAN_POINT('',(82.,303.,25.));
#7256 = ELLIPSE('',#7257,1.414213562373,1.);
#7257 = AXIS2_PLACEMENT_3D('',#7258,#7259,#7260);
#7258 = CARTESIAN_POINT('',(82.,302.,25.));
#7259 = DIRECTION('',(0.707106781187,-0.,0.707106781187));
#7260 = DIRECTION('',(0.707106781187,0.,-0.707106781187));
#7261 = ORIENTED_EDGE('',*,*,#7262,.T.);
#7262 = EDGE_CURVE('',#7254,#7263,#7265,.T.);
#7263 = VERTEX_POINT('',#7264);
#7264 = CARTESIAN_POINT('',(82.,303.,67.4));
#7265 = LINE('',#7266,#7267);
#7266 = CARTESIAN_POINT('',(82.,303.,6.));
#7267 = VECTOR('',#7268,1.);
#7268 = DIRECTION('',(0.,0.,1.));
#7269 = ORIENTED_EDGE('',*,*,#7270,.T.);
#7270 = EDGE_CURVE('',#7263,#7246,#7271,.T.);
#7271 = CIRCLE('',#7272,1.);
#7272 = AXIS2_PLACEMENT_3D('',#7273,#7274,#7275);
#7273 = CARTESIAN_POINT('',(82.,302.,67.4));
#7274 = DIRECTION('',(0.,0.,1.));
#7275 = DIRECTION('',(-1.,0.,0.));
#7276 = CYLINDRICAL_SURFACE('',#7277,1.);
#7277 = AXIS2_PLACEMENT_3D('',#7278,#7279,#7280);
#7278 = CARTESIAN_POINT('',(82.,302.,6.));
#7279 = DIRECTION('',(0.,0.,1.));
#7280 = DIRECTION('',(-1.,0.,0.));
#7281 = ADVANCED_FACE('',(#7282),#7308,.T.);
#7282 = FACE_BOUND('',#7283,.T.);
#7283 = EDGE_LOOP('',(#7284,#7292,#7301,#7307));
#7284 = ORIENTED_EDGE('',*,*,#7285,.F.);
#7285 = EDGE_CURVE('',#7286,#7254,#7288,.T.);
#7286 = VERTEX_POINT('',#7287);
#7287 = CARTESIAN_POINT('',(-82.,303.,25.));
#7288 = LINE('',#7289,#7290);
#7289 = CARTESIAN_POINT('',(-89.,303.,25.));
#7290 = VECTOR('',#7291,1.);
#7291 = DIRECTION('',(1.,0.,0.));
#7292 = ORIENTED_EDGE('',*,*,#7293,.T.);
#7293 = EDGE_CURVE('',#7286,#7294,#7296,.T.);
#7294 = VERTEX_POINT('',#7295);
#7295 = CARTESIAN_POINT('',(-81.,302.,26.));
#7296 = ELLIPSE('',#7297,1.414213562373,1.);
#7297 = AXIS2_PLACEMENT_3D('',#7298,#7299,#7300);
#7298 = CARTESIAN_POINT('',(-82.,302.,25.));
#7299 = DIRECTION('',(0.707106781187,0.,-0.707106781187));
#7300 = DIRECTION('',(0.707106781187,0.,0.707106781187));
#7301 = ORIENTED_EDGE('',*,*,#7302,.T.);
#7302 = EDGE_CURVE('',#7294,#7244,#7303,.T.);
#7303 = LINE('',#7304,#7305);
#7304 = CARTESIAN_POINT('',(-89.,302.,26.));
#7305 = VECTOR('',#7306,1.);
#7306 = DIRECTION('',(1.,0.,0.));
#7307 = ORIENTED_EDGE('',*,*,#7253,.F.);
#7308 = CYLINDRICAL_SURFACE('',#7309,1.);
#7309 = AXIS2_PLACEMENT_3D('',#7310,#7311,#7312);
#7310 = CARTESIAN_POINT('',(-89.,302.,25.));
#7311 = DIRECTION('',(1.,0.,0.));
#7312 = DIRECTION('',(0.,1.,0.));
#7313 = ADVANCED_FACE('',(#7314),#7340,.T.);
#7314 = FACE_BOUND('',#7315,.T.);
#7315 = EDGE_LOOP('',(#7316,#7324,#7325,#7333));
#7316 = ORIENTED_EDGE('',*,*,#7317,.F.);
#7317 = EDGE_CURVE('',#7294,#7318,#7320,.T.);
#7318 = VERTEX_POINT('',#7319);
#7319 = CARTESIAN_POINT('',(-81.,302.,67.4));
#7320 = LINE('',#7321,#7322);
#7321 = CARTESIAN_POINT('',(-81.,302.,6.));
#7322 = VECTOR('',#7323,1.);
#7323 = DIRECTION('',(0.,0.,1.));
#7324 = ORIENTED_EDGE('',*,*,#7293,.F.);
#7325 = ORIENTED_EDGE('',*,*,#7326,.T.);
#7326 = EDGE_CURVE('',#7286,#7327,#7329,.T.);
#7327 = VERTEX_POINT('',#7328);
#7328 = CARTESIAN_POINT('',(-82.,303.,67.4));
#7329 = LINE('',#7330,#7331);
#7330 = CARTESIAN_POINT('',(-82.,303.,6.));
#7331 = VECTOR('',#7332,1.);
#7332 = DIRECTION('',(0.,0.,1.));
#7333 = ORIENTED_EDGE('',*,*,#7334,.T.);
#7334 = EDGE_CURVE('',#7327,#7318,#7335,.T.);
#7335 = CIRCLE('',#7336,1.);
#7336 = AXIS2_PLACEMENT_3D('',#7337,#7338,#7339);
#7337 = CARTESIAN_POINT('',(-82.,302.,67.4));
#7338 = DIRECTION('',(0.,0.,-1.));
#7339 = DIRECTION('',(1.,0.,0.));
#7340 = CYLINDRICAL_SURFACE('',#7341,1.);
#7341 = AXIS2_PLACEMENT_3D('',#7342,#7343,#7344);
#7342 = CARTESIAN_POINT('',(-82.,302.,6.));
#7343 = DIRECTION('',(0.,0.,1.));
#7344 = DIRECTION('',(1.,0.,0.));
#7345 = ADVANCED_FACE('',(#7346),#7365,.T.);
#7346 = FACE_BOUND('',#7347,.T.);
#7347 = EDGE_LOOP('',(#7348,#7349,#7358));
#7348 = ORIENTED_EDGE('',*,*,#7334,.F.);
#7349 = ORIENTED_EDGE('',*,*,#7350,.T.);
#7350 = EDGE_CURVE('',#7327,#7351,#7353,.T.);
#7351 = VERTEX_POINT('',#7352);
#7352 = CARTESIAN_POINT('',(-82.,302.,68.4));
#7353 = CIRCLE('',#7354,1.);
#7354 = AXIS2_PLACEMENT_3D('',#7355,#7356,#7357);
#7355 = CARTESIAN_POINT('',(-82.,302.,67.4));
#7356 = DIRECTION('',(1.,0.,-6.123233995737E-17));
#7357 = DIRECTION('',(6.123233995737E-17,0.,1.));
#7358 = ORIENTED_EDGE('',*,*,#7359,.F.);
#7359 = EDGE_CURVE('',#7318,#7351,#7360,.T.);
#7360 = CIRCLE('',#7361,1.);
#7361 = AXIS2_PLACEMENT_3D('',#7362,#7363,#7364);
#7362 = CARTESIAN_POINT('',(-82.,302.,67.4));
#7363 = DIRECTION('',(0.,-1.,0.));
#7364 = DIRECTION('',(1.,0.,0.));
#7365 = SPHERICAL_SURFACE('',#7366,1.);
#7366 = AXIS2_PLACEMENT_3D('',#7367,#7368,#7369);
#7367 = CARTESIAN_POINT('',(-82.,302.,67.4));
#7368 = DIRECTION('',(0.,-1.,0.));
#7369 = DIRECTION('',(1.,0.,0.));
#7370 = ADVANCED_FACE('',(#7371),#7405,.T.);
#7371 = FACE_BOUND('',#7372,.T.);
#7372 = EDGE_LOOP('',(#7373,#7384,#7392,#7399));
#7373 = ORIENTED_EDGE('',*,*,#7374,.F.);
#7374 = EDGE_CURVE('',#7375,#7377,#7379,.T.);
#7375 = VERTEX_POINT('',#7376);
#7376 = CARTESIAN_POINT('',(82.,146.,68.4));
#7377 = VERTEX_POINT('',#7378);
#7378 = CARTESIAN_POINT('',(81.,146.,67.4));
#7379 = CIRCLE('',#7380,1.);
#7380 = AXIS2_PLACEMENT_3D('',#7381,#7382,#7383);
#7381 = CARTESIAN_POINT('',(82.,146.,67.4));
#7382 = DIRECTION('',(0.,-1.,0.));
#7383 = DIRECTION('',(-1.,0.,0.));
#7384 = ORIENTED_EDGE('',*,*,#7385,.T.);
#7385 = EDGE_CURVE('',#7375,#7386,#7388,.T.);
#7386 = VERTEX_POINT('',#7387);
#7387 = CARTESIAN_POINT('',(82.,302.,68.4));
#7388 = LINE('',#7389,#7390);
#7389 = CARTESIAN_POINT('',(82.,145.,68.4));
#7390 = VECTOR('',#7391,1.);
#7391 = DIRECTION('',(0.,1.,0.));
#7392 = ORIENTED_EDGE('',*,*,#7393,.F.);
#7393 = EDGE_CURVE('',#7246,#7386,#7394,.T.);
#7394 = CIRCLE('',#7395,1.);
#7395 = AXIS2_PLACEMENT_3D('',#7396,#7397,#7398);
#7396 = CARTESIAN_POINT('',(82.,302.,67.4));
#7397 = DIRECTION('',(0.,1.,-0.));
#7398 = DIRECTION('',(-1.,0.,0.));
#7399 = ORIENTED_EDGE('',*,*,#7400,.F.);
#7400 = EDGE_CURVE('',#7377,#7246,#7401,.T.);
#7401 = LINE('',#7402,#7403);
#7402 = CARTESIAN_POINT('',(81.,145.,67.4));
#7403 = VECTOR('',#7404,1.);
#7404 = DIRECTION('',(0.,1.,0.));
#7405 = CYLINDRICAL_SURFACE('',#7406,1.);
#7406 = AXIS2_PLACEMENT_3D('',#7407,#7408,#7409);
#7407 = CARTESIAN_POINT('',(82.,145.,67.4));
#7408 = DIRECTION('',(0.,1.,0.));
#7409 = DIRECTION('',(-1.,0.,0.));
#7410 = ADVANCED_FACE('',(#7411),#7430,.T.);
#7411 = FACE_BOUND('',#7412,.F.);
#7412 = EDGE_LOOP('',(#7413,#7414,#7423));
#7413 = ORIENTED_EDGE('',*,*,#7374,.F.);
#7414 = ORIENTED_EDGE('',*,*,#7415,.T.);
#7415 = EDGE_CURVE('',#7375,#7416,#7418,.T.);
#7416 = VERTEX_POINT('',#7417);
#7417 = CARTESIAN_POINT('',(82.,145.,67.4));
#7418 = CIRCLE('',#7419,1.);
#7419 = AXIS2_PLACEMENT_3D('',#7420,#7421,#7422);
#7420 = CARTESIAN_POINT('',(82.,146.,67.4));
#7421 = DIRECTION('',(1.,-6.123233995737E-17,0.));
#7422 = DIRECTION('',(-6.123233995737E-17,-1.,0.));
#7423 = ORIENTED_EDGE('',*,*,#7424,.F.);
#7424 = EDGE_CURVE('',#7377,#7416,#7425,.T.);
#7425 = CIRCLE('',#7426,1.);
#7426 = AXIS2_PLACEMENT_3D('',#7427,#7428,#7429);
#7427 = CARTESIAN_POINT('',(82.,146.,67.4));
#7428 = DIRECTION('',(0.,0.,1.));
#7429 = DIRECTION('',(-1.,0.,0.));
#7430 = SPHERICAL_SURFACE('',#7431,1.);
#7431 = AXIS2_PLACEMENT_3D('',#7432,#7433,#7434);
#7432 = CARTESIAN_POINT('',(82.,146.,67.4));
#7433 = DIRECTION('',(-0.,-0.,-1.));
#7434 = DIRECTION('',(-1.,0.,0.));
#7435 = ADVANCED_FACE('',(#7436),#7472,.T.);
#7436 = FACE_BOUND('',#7437,.T.);
#7437 = EDGE_LOOP('',(#7438,#7449,#7457,#7466));
#7438 = ORIENTED_EDGE('',*,*,#7439,.F.);
#7439 = EDGE_CURVE('',#7440,#7442,#7444,.T.);
#7440 = VERTEX_POINT('',#7441);
#7441 = CARTESIAN_POINT('',(-87.,137.,0.));
#7442 = VERTEX_POINT('',#7443);
#7443 = CARTESIAN_POINT('',(-87.,135.,2.));
#7444 = CIRCLE('',#7445,2.);
#7445 = AXIS2_PLACEMENT_3D('',#7446,#7447,#7448);
#7446 = CARTESIAN_POINT('',(-87.,137.,2.));
#7447 = DIRECTION('',(-1.,6.123233995737E-17,0.));
#7448 = DIRECTION('',(-6.123233995737E-17,-1.,0.));
#7449 = ORIENTED_EDGE('',*,*,#7450,.T.);
#7450 = EDGE_CURVE('',#7440,#7451,#7453,.T.);
#7451 = VERTEX_POINT('',#7452);
#7452 = CARTESIAN_POINT('',(87.,137.,0.));
#7453 = LINE('',#7454,#7455);
#7454 = CARTESIAN_POINT('',(-89.,137.,-4.440892098501E-16));
#7455 = VECTOR('',#7456,1.);
#7456 = DIRECTION('',(1.,0.,0.));
#7457 = ORIENTED_EDGE('',*,*,#7458,.T.);
#7458 = EDGE_CURVE('',#7451,#7459,#7461,.T.);
#7459 = VERTEX_POINT('',#7460);
#7460 = CARTESIAN_POINT('',(87.,135.,2.));
#7461 = CIRCLE('',#7462,2.);
#7462 = AXIS2_PLACEMENT_3D('',#7463,#7464,#7465);
#7463 = CARTESIAN_POINT('',(87.,137.,2.));
#7464 = DIRECTION('',(-1.,-6.123233995737E-17,0.));
#7465 = DIRECTION('',(6.123233995737E-17,-1.,0.));
#7466 = ORIENTED_EDGE('',*,*,#7467,.F.);
#7467 = EDGE_CURVE('',#7442,#7459,#7468,.T.);
#7468 = LINE('',#7469,#7470);
#7469 = CARTESIAN_POINT('',(-89.,135.,2.));
#7470 = VECTOR('',#7471,1.);
#7471 = DIRECTION('',(1.,0.,0.));
#7472 = CYLINDRICAL_SURFACE('',#7473,2.);
#7473 = AXIS2_PLACEMENT_3D('',#7474,#7475,#7476);
#7474 = CARTESIAN_POINT('',(-89.,137.,2.));
#7475 = DIRECTION('',(1.,0.,0.));
#7476 = DIRECTION('',(0.,-1.,0.));
#7477 = ADVANCED_FACE('',(#7478),#7497,.T.);
#7478 = FACE_BOUND('',#7479,.T.);
#7479 = EDGE_LOOP('',(#7480,#7489,#7490));
#7480 = ORIENTED_EDGE('',*,*,#7481,.F.);
#7481 = EDGE_CURVE('',#7440,#7482,#7484,.T.);
#7482 = VERTEX_POINT('',#7483);
#7483 = CARTESIAN_POINT('',(-89.,137.,2.));
#7484 = CIRCLE('',#7485,2.);
#7485 = AXIS2_PLACEMENT_3D('',#7486,#7487,#7488);
#7486 = CARTESIAN_POINT('',(-87.,137.,2.));
#7487 = DIRECTION('',(0.,1.,-0.));
#7488 = DIRECTION('',(-1.,0.,0.));
#7489 = ORIENTED_EDGE('',*,*,#7439,.T.);
#7490 = ORIENTED_EDGE('',*,*,#7491,.F.);
#7491 = EDGE_CURVE('',#7482,#7442,#7492,.T.);
#7492 = CIRCLE('',#7493,2.);
#7493 = AXIS2_PLACEMENT_3D('',#7494,#7495,#7496);
#7494 = CARTESIAN_POINT('',(-87.,137.,2.));
#7495 = DIRECTION('',(0.,0.,1.));
#7496 = DIRECTION('',(-1.,0.,0.));
#7497 = SPHERICAL_SURFACE('',#7498,2.);
#7498 = AXIS2_PLACEMENT_3D('',#7499,#7500,#7501);
#7499 = CARTESIAN_POINT('',(-87.,137.,2.));
#7500 = DIRECTION('',(0.,0.,1.));
#7501 = DIRECTION('',(-1.,0.,0.));
#7502 = ADVANCED_FACE('',(#7503),#7539,.T.);
#7503 = FACE_BOUND('',#7504,.T.);
#7504 = EDGE_LOOP('',(#7505,#7516,#7524,#7533));
#7505 = ORIENTED_EDGE('',*,*,#7506,.T.);
#7506 = EDGE_CURVE('',#7507,#7509,#7511,.T.);
#7507 = VERTEX_POINT('',#7508);
#7508 = CARTESIAN_POINT('',(-36.,147.,34.));
#7509 = VERTEX_POINT('',#7510);
#7510 = CARTESIAN_POINT('',(-36.,145.,36.));
#7511 = CIRCLE('',#7512,2.);
#7512 = AXIS2_PLACEMENT_3D('',#7513,#7514,#7515);
#7513 = CARTESIAN_POINT('',(-36.,145.,34.));
#7514 = DIRECTION('',(1.,0.,6.123233995737E-17));
#7515 = DIRECTION('',(-6.123233995737E-17,0.,1.));
#7516 = ORIENTED_EDGE('',*,*,#7517,.T.);
#7517 = EDGE_CURVE('',#7509,#7518,#7520,.T.);
#7518 = VERTEX_POINT('',#7519);
#7519 = CARTESIAN_POINT('',(36.,145.,36.));
#7520 = LINE('',#7521,#7522);
#7521 = CARTESIAN_POINT('',(-38.,145.,36.));
#7522 = VECTOR('',#7523,1.);
#7523 = DIRECTION('',(1.,0.,0.));
#7524 = ORIENTED_EDGE('',*,*,#7525,.F.);
#7525 = EDGE_CURVE('',#7526,#7518,#7528,.T.);
#7526 = VERTEX_POINT('',#7527);
#7527 = CARTESIAN_POINT('',(36.,147.,34.));
#7528 = CIRCLE('',#7529,2.);
#7529 = AXIS2_PLACEMENT_3D('',#7530,#7531,#7532);
#7530 = CARTESIAN_POINT('',(36.,145.,34.));
#7531 = DIRECTION('',(1.,0.,-6.123233995737E-17));
#7532 = DIRECTION('',(6.123233995737E-17,0.,1.));
#7533 = ORIENTED_EDGE('',*,*,#7534,.F.);
#7534 = EDGE_CURVE('',#7507,#7526,#7535,.T.);
#7535 = LINE('',#7536,#7537);
#7536 = CARTESIAN_POINT('',(-38.,147.,34.));
#7537 = VECTOR('',#7538,1.);
#7538 = DIRECTION('',(1.,0.,0.));
#7539 = CYLINDRICAL_SURFACE('',#7540,2.);
#7540 = AXIS2_PLACEMENT_3D('',#7541,#7542,#7543);
#7541 = CARTESIAN_POINT('',(-38.,145.,34.));
#7542 = DIRECTION('',(1.,0.,0.));
#7543 = DIRECTION('',(0.,1.,0.));
#7544 = ADVANCED_FACE('',(#7545),#7564,.T.);
#7545 = FACE_BOUND('',#7546,.F.);
#7546 = EDGE_LOOP('',(#7547,#7556,#7557));
#7547 = ORIENTED_EDGE('',*,*,#7548,.F.);
#7548 = EDGE_CURVE('',#7507,#7549,#7551,.T.);
#7549 = VERTEX_POINT('',#7550);
#7550 = CARTESIAN_POINT('',(-38.,145.,34.));
#7551 = CIRCLE('',#7552,2.);
#7552 = AXIS2_PLACEMENT_3D('',#7553,#7554,#7555);
#7553 = CARTESIAN_POINT('',(-36.,145.,34.));
#7554 = DIRECTION('',(0.,0.,1.));
#7555 = DIRECTION('',(-1.,0.,0.));
#7556 = ORIENTED_EDGE('',*,*,#7506,.T.);
#7557 = ORIENTED_EDGE('',*,*,#7558,.F.);
#7558 = EDGE_CURVE('',#7549,#7509,#7559,.T.);
#7559 = CIRCLE('',#7560,2.);
#7560 = AXIS2_PLACEMENT_3D('',#7561,#7562,#7563);
#7561 = CARTESIAN_POINT('',(-36.,145.,34.));
#7562 = DIRECTION('',(0.,1.,-0.));
#7563 = DIRECTION('',(-1.,0.,0.));
#7564 = SPHERICAL_SURFACE('',#7565,2.);
#7565 = AXIS2_PLACEMENT_3D('',#7566,#7567,#7568);
#7566 = CARTESIAN_POINT('',(-36.,145.,34.));
#7567 = DIRECTION('',(0.,-1.,0.));
#7568 = DIRECTION('',(-1.,0.,0.));
#7569 = ADVANCED_FACE('',(#7570),#7622,.T.);
#7570 = FACE_BOUND('',#7571,.F.);
#7571 = EDGE_LOOP('',(#7572,#7583,#7592,#7601));
#7572 = ORIENTED_EDGE('',*,*,#7573,.T.);
#7573 = EDGE_CURVE('',#7574,#7576,#7578,.T.);
#7574 = VERTEX_POINT('',#7575);
#7575 = CARTESIAN_POINT('',(-11.6,128.93568060567,35.2));
#7576 = VERTEX_POINT('',#7577);
#7577 = CARTESIAN_POINT('',(-11.6,110.,46.));
#7578 = CIRCLE('',#7579,22.);
#7579 = AXIS2_PLACEMENT_3D('',#7580,#7581,#7582);
#7580 = CARTESIAN_POINT('',(-11.6,110.,24.));
#7581 = DIRECTION('',(1.,0.,-0.));
#7582 = DIRECTION('',(0.,0.,1.));
#7583 = ORIENTED_EDGE('',*,*,#7584,.T.);
#7584 = EDGE_CURVE('',#7576,#7585,#7587,.T.);
#7585 = VERTEX_POINT('',#7586);
#7586 = CARTESIAN_POINT('',(-12.,110.,45.6));
#7587 = CIRCLE('',#7588,0.4);
#7588 = AXIS2_PLACEMENT_3D('',#7589,#7590,#7591);
#7589 = CARTESIAN_POINT('',(-11.6,110.,45.6));
#7590 = DIRECTION('',(0.,-1.,0.));
#7591 = DIRECTION('',(0.,0.,1.));
#7592 = ORIENTED_EDGE('',*,*,#7593,.F.);
#7593 = EDGE_CURVE('',#7594,#7585,#7596,.T.);
#7594 = VERTEX_POINT('',#7595);
#7595 = CARTESIAN_POINT('',(-12.,129.14575671003,34.));
#7596 = CIRCLE('',#7597,21.6);
#7597 = AXIS2_PLACEMENT_3D('',#7598,#7599,#7600);
#7598 = CARTESIAN_POINT('',(-12.,110.,24.));
#7599 = DIRECTION('',(1.,0.,-0.));
#7600 = DIRECTION('',(0.,0.,1.));
#7601 = ORIENTED_EDGE('',*,*,#7602,.F.);
#7602 = EDGE_CURVE('',#7574,#7594,#7603,.T.);
#7603 = B_SPLINE_CURVE_WITH_KNOTS('',5,(#7604,#7605,#7606,#7607,#7608,
    #7609,#7610,#7611,#7612,#7613,#7614,#7615,#7616,#7617,#7618,#7619,
    #7620,#7621),.UNSPECIFIED.,.F.,.F.,(6,4,4,4,6),(0.,0.231006587297,
    0.464721272348,0.704047277056,1.),.UNSPECIFIED.);
#7604 = CARTESIAN_POINT('',(-11.6,128.93568060567,35.2));
#7605 = CARTESIAN_POINT('',(-11.63018278352,128.95948379377,
    35.159756288631));
#7606 = CARTESIAN_POINT('',(-11.66023741045,128.98129310282,
    35.117047571333));
#7607 = CARTESIAN_POINT('',(-11.68979447976,129.00109497903,
    35.07196841964));
#7608 = CARTESIAN_POINT('',(-11.71850844706,129.01893856601,
    35.024658787763));
#7609 = CARTESIAN_POINT('',(-11.77397614015,129.05107832637,
    34.925354506394));
#7610 = CARTESIAN_POINT('',(-11.80070367269,129.06533084828,
    34.873310089769));
#7611 = CARTESIAN_POINT('',(-11.82595401167,129.07776711517,
    34.81934434037));
#7612 = CARTESIAN_POINT('',(-11.84947199772,129.08852725224,
    34.763667192781));
#7613 = CARTESIAN_POINT('',(-11.8931633479,129.10724020153,
    34.647956986062));
#7614 = CARTESIAN_POINT('',(-11.91324297273,129.11511946729,
    34.587851003928));
#7615 = CARTESIAN_POINT('',(-11.93108367621,129.12158473571,
    34.526414876441));
#7616 = CARTESIAN_POINT('',(-11.94653283571,129.12683349398,
    34.463890524805));
#7617 = CARTESIAN_POINT('',(-11.9755061818,129.13631022864,
    34.322140142292));
#7618 = CARTESIAN_POINT('',(-11.98770972088,129.14000277485,
    34.242463762321));
#7619 = CARTESIAN_POINT('',(-11.99590265454,129.14253686639,
    34.161927066831));
#7620 = CARTESIAN_POINT('',(-12.00000002614,129.14431811527,
    34.080966635184));
#7621 = CARTESIAN_POINT('',(-12.,129.14575671003,34.));
#7622 = TOROIDAL_SURFACE('',#7623,21.6,0.4);
#7623 = AXIS2_PLACEMENT_3D('',#7624,#7625,#7626);
#7624 = CARTESIAN_POINT('',(-11.6,110.,24.));
#7625 = DIRECTION('',(-1.,-0.,-0.));
#7626 = DIRECTION('',(0.,0.,1.));
#7627 = ADVANCED_FACE('',(#7628),#7673,.T.);
#7628 = FACE_BOUND('',#7629,.T.);
#7629 = EDGE_LOOP('',(#7630,#7631,#7650,#7658,#7667));
#7630 = ORIENTED_EDGE('',*,*,#7602,.F.);
#7631 = ORIENTED_EDGE('',*,*,#7632,.T.);
#7632 = EDGE_CURVE('',#7574,#7633,#7635,.T.);
#7633 = VERTEX_POINT('',#7634);
#7634 = CARTESIAN_POINT('',(-10.,128.43908891458,36.));
#7635 = B_SPLINE_CURVE_WITH_KNOTS('',5,(#7636,#7637,#7638,#7639,#7640,
    #7641,#7642,#7643,#7644,#7645,#7646,#7647,#7648,#7649),
  .UNSPECIFIED.,.F.,.F.,(6,4,4,6),(0.,0.266623475948,0.588836379058,1.),
  .UNSPECIFIED.);
#7636 = CARTESIAN_POINT('',(-11.6000006,128.93568107885,35.1999992));
#7637 = CARTESIAN_POINT('',(-11.53879071881,128.88740880165,
    35.28161245993));
#7638 = CARTESIAN_POINT('',(-11.47281624897,128.84119767641,
    35.358737489918));
#7639 = CARTESIAN_POINT('',(-11.40249944076,128.79731976598,
    35.431122364876));
#7640 = CARTESIAN_POINT('',(-11.32825386215,128.75602735371,
    35.498556458006));
#7641 = CARTESIAN_POINT('',(-11.15650247785,128.67103967915,
    35.636155263404));
#7642 = CARTESIAN_POINT('',(-11.05736204129,128.6286322355,
    35.703967895341));
#7643 = CARTESIAN_POINT('',(-10.95379354618,128.59072985396,
    35.763966256355));
#7644 = CARTESIAN_POINT('',(-10.84651799716,128.5576756547,
    35.815894429016));
#7645 = CARTESIAN_POINT('',(-10.59553916982,128.49407633497,
    35.915263976374));
#7646 = CARTESIAN_POINT('',(-10.4499423411,128.46673965013,
    35.957513982817));
#7647 = CARTESIAN_POINT('',(-10.30107195575,128.44830766704,
    35.985834009002));
#7648 = CARTESIAN_POINT('',(-10.15054931034,128.43908891458,36.));
#7649 = CARTESIAN_POINT('',(-10.,128.43908891458,36.));
#7650 = ORIENTED_EDGE('',*,*,#7651,.T.);
#7651 = EDGE_CURVE('',#7633,#7652,#7654,.T.);
#7652 = VERTEX_POINT('',#7653);
#7653 = CARTESIAN_POINT('',(-10.,137.,36.));
#7654 = LINE('',#7655,#7656);
#7655 = CARTESIAN_POINT('',(-10.,110.,36.));
#7656 = VECTOR('',#7657,1.);
#7657 = DIRECTION('',(0.,1.,0.));
#7658 = ORIENTED_EDGE('',*,*,#7659,.F.);
#7659 = EDGE_CURVE('',#7660,#7652,#7662,.T.);
#7660 = VERTEX_POINT('',#7661);
#7661 = CARTESIAN_POINT('',(-12.,135.,34.));
#7662 = ELLIPSE('',#7663,2.828427124746,2.);
#7663 = AXIS2_PLACEMENT_3D('',#7664,#7665,#7666);
#7664 = CARTESIAN_POINT('',(-10.,137.,34.));
#7665 = DIRECTION('',(-0.707106781187,0.707106781187,0.));
#7666 = DIRECTION('',(0.707106781187,0.707106781187,0.));
#7667 = ORIENTED_EDGE('',*,*,#7668,.F.);
#7668 = EDGE_CURVE('',#7594,#7660,#7669,.T.);
#7669 = LINE('',#7670,#7671);
#7670 = CARTESIAN_POINT('',(-12.,110.,34.));
#7671 = VECTOR('',#7672,1.);
#7672 = DIRECTION('',(0.,1.,0.));
#7673 = CYLINDRICAL_SURFACE('',#7674,2.);
#7674 = AXIS2_PLACEMENT_3D('',#7675,#7676,#7677);
#7675 = CARTESIAN_POINT('',(-10.,110.,34.));
#7676 = DIRECTION('',(0.,1.,0.));
#7677 = DIRECTION('',(-1.,0.,0.));
#7678 = ADVANCED_FACE('',(#7679),#7721,.T.);
#7679 = FACE_BOUND('',#7680,.F.);
#7680 = EDGE_LOOP('',(#7681,#7682,#7691,#7714));
#7681 = ORIENTED_EDGE('',*,*,#7584,.F.);
#7682 = ORIENTED_EDGE('',*,*,#7683,.T.);
#7683 = EDGE_CURVE('',#7576,#7684,#7686,.T.);
#7684 = VERTEX_POINT('',#7685);
#7685 = CARTESIAN_POINT('',(-11.6,128.93568060567,12.8));
#7686 = CIRCLE('',#7687,22.);
#7687 = AXIS2_PLACEMENT_3D('',#7688,#7689,#7690);
#7688 = CARTESIAN_POINT('',(-11.6,110.,24.));
#7689 = DIRECTION('',(1.,0.,-0.));
#7690 = DIRECTION('',(0.,0.,1.));
#7691 = ORIENTED_EDGE('',*,*,#7692,.T.);
#7692 = EDGE_CURVE('',#7684,#7693,#7695,.T.);
#7693 = VERTEX_POINT('',#7694);
#7694 = CARTESIAN_POINT('',(-12.,129.14575671003,14.));
#7695 = B_SPLINE_CURVE_WITH_KNOTS('',5,(#7696,#7697,#7698,#7699,#7700,
    #7701,#7702,#7703,#7704,#7705,#7706,#7707,#7708,#7709,#7710,#7711,
    #7712,#7713),.UNSPECIFIED.,.F.,.F.,(6,4,4,4,6),(0.,0.231006587297,
    0.464721272348,0.704047277056,1.),.UNSPECIFIED.);
#7696 = CARTESIAN_POINT('',(-11.6,128.93568060567,12.8));
#7697 = CARTESIAN_POINT('',(-11.63018278352,128.95948379377,
    12.840243711369));
#7698 = CARTESIAN_POINT('',(-11.66023741045,128.98129310282,
    12.882952428667));
#7699 = CARTESIAN_POINT('',(-11.68979447976,129.00109497903,
    12.92803158036));
#7700 = CARTESIAN_POINT('',(-11.71850844706,129.01893856601,
    12.975341212237));
#7701 = CARTESIAN_POINT('',(-11.77397614015,129.05107832637,
    13.074645493606));
#7702 = CARTESIAN_POINT('',(-11.80070367269,129.06533084828,
    13.126689910231));
#7703 = CARTESIAN_POINT('',(-11.82595401167,129.07776711517,
    13.18065565963));
#7704 = CARTESIAN_POINT('',(-11.84947199772,129.08852725224,
    13.236332807219));
#7705 = CARTESIAN_POINT('',(-11.8931633479,129.10724020153,
    13.352043013938));
#7706 = CARTESIAN_POINT('',(-11.91324297273,129.11511946729,
    13.412148996072));
#7707 = CARTESIAN_POINT('',(-11.93108367621,129.12158473571,
    13.473585123559));
#7708 = CARTESIAN_POINT('',(-11.94653283571,129.12683349398,
    13.536109475195));
#7709 = CARTESIAN_POINT('',(-11.9755061818,129.13631022864,
    13.677859857708));
#7710 = CARTESIAN_POINT('',(-11.98770972088,129.14000277485,
    13.757536237679));
#7711 = CARTESIAN_POINT('',(-11.99590265454,129.14253686639,
    13.838072933169));
#7712 = CARTESIAN_POINT('',(-12.00000002614,129.14431811527,
    13.919033364816));
#7713 = CARTESIAN_POINT('',(-12.,129.14575671003,14.));
#7714 = ORIENTED_EDGE('',*,*,#7715,.F.);
#7715 = EDGE_CURVE('',#7585,#7693,#7716,.T.);
#7716 = CIRCLE('',#7717,21.6);
#7717 = AXIS2_PLACEMENT_3D('',#7718,#7719,#7720);
#7718 = CARTESIAN_POINT('',(-12.,110.,24.));
#7719 = DIRECTION('',(1.,0.,-0.));
#7720 = DIRECTION('',(0.,0.,1.));
#7721 = TOROIDAL_SURFACE('',#7722,21.6,0.4);
#7722 = AXIS2_PLACEMENT_3D('',#7723,#7724,#7725);
#7723 = CARTESIAN_POINT('',(-11.6,110.,24.));
#7724 = DIRECTION('',(-1.,-0.,-0.));
#7725 = DIRECTION('',(0.,0.,1.));
#7726 = ADVANCED_FACE('',(#7727),#7753,.T.);
#7727 = FACE_BOUND('',#7728,.F.);
#7728 = EDGE_LOOP('',(#7729,#7740,#7746,#7747));
#7729 = ORIENTED_EDGE('',*,*,#7730,.F.);
#7730 = EDGE_CURVE('',#7731,#7733,#7735,.T.);
#7731 = VERTEX_POINT('',#7732);
#7732 = CARTESIAN_POINT('',(-36.,137.,36.));
#7733 = VERTEX_POINT('',#7734);
#7734 = CARTESIAN_POINT('',(-36.,135.,34.));
#7735 = CIRCLE('',#7736,2.);
#7736 = AXIS2_PLACEMENT_3D('',#7737,#7738,#7739);
#7737 = CARTESIAN_POINT('',(-36.,137.,34.));
#7738 = DIRECTION('',(1.,-6.123233995737E-17,0.));
#7739 = DIRECTION('',(-6.123233995737E-17,-1.,0.));
#7740 = ORIENTED_EDGE('',*,*,#7741,.T.);
#7741 = EDGE_CURVE('',#7731,#7652,#7742,.T.);
#7742 = LINE('',#7743,#7744);
#7743 = CARTESIAN_POINT('',(-38.,137.,36.));
#7744 = VECTOR('',#7745,1.);
#7745 = DIRECTION('',(1.,0.,0.));
#7746 = ORIENTED_EDGE('',*,*,#7659,.F.);
#7747 = ORIENTED_EDGE('',*,*,#7748,.F.);
#7748 = EDGE_CURVE('',#7733,#7660,#7749,.T.);
#7749 = LINE('',#7750,#7751);
#7750 = CARTESIAN_POINT('',(-38.,135.,34.));
#7751 = VECTOR('',#7752,1.);
#7752 = DIRECTION('',(1.,0.,0.));
#7753 = CYLINDRICAL_SURFACE('',#7754,2.);
#7754 = AXIS2_PLACEMENT_3D('',#7755,#7756,#7757);
#7755 = CARTESIAN_POINT('',(-38.,137.,34.));
#7756 = DIRECTION('',(1.,0.,0.));
#7757 = DIRECTION('',(0.,-1.,0.));
#7758 = ADVANCED_FACE('',(#7759),#7804,.T.);
#7759 = FACE_BOUND('',#7760,.F.);
#7760 = EDGE_LOOP('',(#7761,#7762,#7781,#7789,#7798));
#7761 = ORIENTED_EDGE('',*,*,#7692,.F.);
#7762 = ORIENTED_EDGE('',*,*,#7763,.T.);
#7763 = EDGE_CURVE('',#7684,#7764,#7766,.T.);
#7764 = VERTEX_POINT('',#7765);
#7765 = CARTESIAN_POINT('',(-10.,128.43908891458,12.));
#7766 = B_SPLINE_CURVE_WITH_KNOTS('',5,(#7767,#7768,#7769,#7770,#7771,
    #7772,#7773,#7774,#7775,#7776,#7777,#7778,#7779,#7780),
  .UNSPECIFIED.,.F.,.F.,(6,4,4,6),(0.,0.266623475948,0.588836379058,1.),
  .UNSPECIFIED.);
#7767 = CARTESIAN_POINT('',(-11.6000006,128.93568107885,12.8000008));
#7768 = CARTESIAN_POINT('',(-11.53879071881,128.88740880165,
    12.71838754007));
#7769 = CARTESIAN_POINT('',(-11.47281624897,128.84119767641,
    12.641262510082));
#7770 = CARTESIAN_POINT('',(-11.40249944076,128.79731976598,
    12.568877635124));
#7771 = CARTESIAN_POINT('',(-11.32825386215,128.75602735371,
    12.501443541994));
#7772 = CARTESIAN_POINT('',(-11.15650247785,128.67103967915,
    12.363844736596));
#7773 = CARTESIAN_POINT('',(-11.05736204129,128.6286322355,
    12.296032104659));
#7774 = CARTESIAN_POINT('',(-10.95379354618,128.59072985396,
    12.236033743645));
#7775 = CARTESIAN_POINT('',(-10.84651799716,128.5576756547,
    12.184105570984));
#7776 = CARTESIAN_POINT('',(-10.59553916982,128.49407633497,
    12.084736023626));
#7777 = CARTESIAN_POINT('',(-10.4499423411,128.46673965013,
    12.042486017183));
#7778 = CARTESIAN_POINT('',(-10.30107195575,128.44830766704,
    12.014165990998));
#7779 = CARTESIAN_POINT('',(-10.15054931034,128.43908891458,12.));
#7780 = CARTESIAN_POINT('',(-10.,128.43908891458,12.));
#7781 = ORIENTED_EDGE('',*,*,#7782,.T.);
#7782 = EDGE_CURVE('',#7764,#7783,#7785,.T.);
#7783 = VERTEX_POINT('',#7784);
#7784 = CARTESIAN_POINT('',(-10.,137.,12.));
#7785 = LINE('',#7786,#7787);
#7786 = CARTESIAN_POINT('',(-10.,110.,12.));
#7787 = VECTOR('',#7788,1.);
#7788 = DIRECTION('',(0.,1.,0.));
#7789 = ORIENTED_EDGE('',*,*,#7790,.T.);
#7790 = EDGE_CURVE('',#7783,#7791,#7793,.T.);
#7791 = VERTEX_POINT('',#7792);
#7792 = CARTESIAN_POINT('',(-12.,135.,14.));
#7793 = ELLIPSE('',#7794,2.828427124746,2.);
#7794 = AXIS2_PLACEMENT_3D('',#7795,#7796,#7797);
#7795 = CARTESIAN_POINT('',(-10.,137.,14.));
#7796 = DIRECTION('',(-0.707106781187,0.707106781187,0.));
#7797 = DIRECTION('',(0.707106781187,0.707106781187,0.));
#7798 = ORIENTED_EDGE('',*,*,#7799,.F.);
#7799 = EDGE_CURVE('',#7693,#7791,#7800,.T.);
#7800 = LINE('',#7801,#7802);
#7801 = CARTESIAN_POINT('',(-12.,110.,14.));
#7802 = VECTOR('',#7803,1.);
#7803 = DIRECTION('',(0.,1.,0.));
#7804 = CYLINDRICAL_SURFACE('',#7805,2.);
#7805 = AXIS2_PLACEMENT_3D('',#7806,#7807,#7808);
#7806 = CARTESIAN_POINT('',(-10.,110.,14.));
#7807 = DIRECTION('',(0.,1.,0.));
#7808 = DIRECTION('',(-1.,0.,0.));
#7809 = ADVANCED_FACE('',(#7810),#7829,.T.);
#7810 = FACE_BOUND('',#7811,.F.);
#7811 = EDGE_LOOP('',(#7812,#7821,#7822));
#7812 = ORIENTED_EDGE('',*,*,#7813,.F.);
#7813 = EDGE_CURVE('',#7731,#7814,#7816,.T.);
#7814 = VERTEX_POINT('',#7815);
#7815 = CARTESIAN_POINT('',(-38.,137.,34.));
#7816 = CIRCLE('',#7817,2.);
#7817 = AXIS2_PLACEMENT_3D('',#7818,#7819,#7820);
#7818 = CARTESIAN_POINT('',(-36.,137.,34.));
#7819 = DIRECTION('',(0.,-1.,0.));
#7820 = DIRECTION('',(-1.,0.,0.));
#7821 = ORIENTED_EDGE('',*,*,#7730,.T.);
#7822 = ORIENTED_EDGE('',*,*,#7823,.F.);
#7823 = EDGE_CURVE('',#7814,#7733,#7824,.T.);
#7824 = CIRCLE('',#7825,2.);
#7825 = AXIS2_PLACEMENT_3D('',#7826,#7827,#7828);
#7826 = CARTESIAN_POINT('',(-36.,137.,34.));
#7827 = DIRECTION('',(0.,0.,1.));
#7828 = DIRECTION('',(-1.,0.,0.));
#7829 = SPHERICAL_SURFACE('',#7830,2.);
#7830 = AXIS2_PLACEMENT_3D('',#7831,#7832,#7833);
#7831 = CARTESIAN_POINT('',(-36.,137.,34.));
#7832 = DIRECTION('',(-0.,-0.,-1.));
#7833 = DIRECTION('',(-1.,0.,0.));
#7834 = ADVANCED_FACE('',(#7835),#7861,.T.);
#7835 = FACE_BOUND('',#7836,.T.);
#7836 = EDGE_LOOP('',(#7837,#7848,#7854,#7855));
#7837 = ORIENTED_EDGE('',*,*,#7838,.T.);
#7838 = EDGE_CURVE('',#7839,#7841,#7843,.T.);
#7839 = VERTEX_POINT('',#7840);
#7840 = CARTESIAN_POINT('',(-26.,135.,14.));
#7841 = VERTEX_POINT('',#7842);
#7842 = CARTESIAN_POINT('',(-24.,137.,12.));
#7843 = ELLIPSE('',#7844,2.828427124746,2.);
#7844 = AXIS2_PLACEMENT_3D('',#7845,#7846,#7847);
#7845 = CARTESIAN_POINT('',(-26.,137.,14.));
#7846 = DIRECTION('',(0.707106781187,-0.,0.707106781187));
#7847 = DIRECTION('',(0.707106781187,0.,-0.707106781187));
#7848 = ORIENTED_EDGE('',*,*,#7849,.T.);
#7849 = EDGE_CURVE('',#7841,#7783,#7850,.T.);
#7850 = LINE('',#7851,#7852);
#7851 = CARTESIAN_POINT('',(-38.,137.,12.));
#7852 = VECTOR('',#7853,1.);
#7853 = DIRECTION('',(1.,0.,0.));
#7854 = ORIENTED_EDGE('',*,*,#7790,.T.);
#7855 = ORIENTED_EDGE('',*,*,#7856,.F.);
#7856 = EDGE_CURVE('',#7839,#7791,#7857,.T.);
#7857 = LINE('',#7858,#7859);
#7858 = CARTESIAN_POINT('',(-38.,135.,14.));
#7859 = VECTOR('',#7860,1.);
#7860 = DIRECTION('',(1.,0.,0.));
#7861 = CYLINDRICAL_SURFACE('',#7862,2.);
#7862 = AXIS2_PLACEMENT_3D('',#7863,#7864,#7865);
#7863 = CARTESIAN_POINT('',(-38.,137.,14.));
#7864 = DIRECTION('',(1.,0.,0.));
#7865 = DIRECTION('',(0.,-1.,0.));
#7866 = ADVANCED_FACE('',(#7867),#7883,.T.);
#7867 = FACE_BOUND('',#7868,.T.);
#7868 = EDGE_LOOP('',(#7869,#7870,#7876,#7877));
#7869 = ORIENTED_EDGE('',*,*,#7813,.F.);
#7870 = ORIENTED_EDGE('',*,*,#7871,.T.);
#7871 = EDGE_CURVE('',#7731,#7509,#7872,.T.);
#7872 = LINE('',#7873,#7874);
#7873 = CARTESIAN_POINT('',(-36.,135.,36.));
#7874 = VECTOR('',#7875,1.);
#7875 = DIRECTION('',(0.,1.,0.));
#7876 = ORIENTED_EDGE('',*,*,#7558,.F.);
#7877 = ORIENTED_EDGE('',*,*,#7878,.F.);
#7878 = EDGE_CURVE('',#7814,#7549,#7879,.T.);
#7879 = LINE('',#7880,#7881);
#7880 = CARTESIAN_POINT('',(-38.,135.,34.));
#7881 = VECTOR('',#7882,1.);
#7882 = DIRECTION('',(0.,1.,0.));
#7883 = CYLINDRICAL_SURFACE('',#7884,2.);
#7884 = AXIS2_PLACEMENT_3D('',#7885,#7886,#7887);
#7885 = CARTESIAN_POINT('',(-36.,135.,34.));
#7886 = DIRECTION('',(0.,1.,0.));
#7887 = DIRECTION('',(-1.,0.,0.));
#7888 = ADVANCED_FACE('',(#7889),#7915,.T.);
#7889 = FACE_BOUND('',#7890,.F.);
#7890 = EDGE_LOOP('',(#7891,#7899,#7908,#7914));
#7891 = ORIENTED_EDGE('',*,*,#7892,.F.);
#7892 = EDGE_CURVE('',#7893,#7841,#7895,.T.);
#7893 = VERTEX_POINT('',#7894);
#7894 = CARTESIAN_POINT('',(-24.,137.,10.));
#7895 = LINE('',#7896,#7897);
#7896 = CARTESIAN_POINT('',(-24.,137.,6.));
#7897 = VECTOR('',#7898,1.);
#7898 = DIRECTION('',(0.,0.,1.));
#7899 = ORIENTED_EDGE('',*,*,#7900,.F.);
#7900 = EDGE_CURVE('',#7901,#7893,#7903,.T.);
#7901 = VERTEX_POINT('',#7902);
#7902 = CARTESIAN_POINT('',(-26.,135.,8.));
#7903 = ELLIPSE('',#7904,2.828427124746,2.);
#7904 = AXIS2_PLACEMENT_3D('',#7905,#7906,#7907);
#7905 = CARTESIAN_POINT('',(-26.,137.,8.));
#7906 = DIRECTION('',(-0.707106781187,0.,0.707106781187));
#7907 = DIRECTION('',(0.707106781187,0.,0.707106781187));
#7908 = ORIENTED_EDGE('',*,*,#7909,.T.);
#7909 = EDGE_CURVE('',#7901,#7839,#7910,.T.);
#7910 = LINE('',#7911,#7912);
#7911 = CARTESIAN_POINT('',(-26.,135.,6.));
#7912 = VECTOR('',#7913,1.);
#7913 = DIRECTION('',(0.,0.,1.));
#7914 = ORIENTED_EDGE('',*,*,#7838,.T.);
#7915 = CYLINDRICAL_SURFACE('',#7916,2.);
#7916 = AXIS2_PLACEMENT_3D('',#7917,#7918,#7919);
#7917 = CARTESIAN_POINT('',(-26.,137.,6.));
#7918 = DIRECTION('',(0.,0.,1.));
#7919 = DIRECTION('',(1.,0.,0.));
#7920 = ADVANCED_FACE('',(#7921),#7940,.T.);
#7921 = FACE_BOUND('',#7922,.T.);
#7922 = EDGE_LOOP('',(#7923,#7932,#7933));
#7923 = ORIENTED_EDGE('',*,*,#7924,.F.);
#7924 = EDGE_CURVE('',#7526,#7925,#7927,.T.);
#7925 = VERTEX_POINT('',#7926);
#7926 = CARTESIAN_POINT('',(38.,145.,34.));
#7927 = CIRCLE('',#7928,2.);
#7928 = AXIS2_PLACEMENT_3D('',#7929,#7930,#7931);
#7929 = CARTESIAN_POINT('',(36.,145.,34.));
#7930 = DIRECTION('',(0.,0.,-1.));
#7931 = DIRECTION('',(1.,0.,0.));
#7932 = ORIENTED_EDGE('',*,*,#7525,.T.);
#7933 = ORIENTED_EDGE('',*,*,#7934,.F.);
#7934 = EDGE_CURVE('',#7925,#7518,#7935,.T.);
#7935 = CIRCLE('',#7936,2.);
#7936 = AXIS2_PLACEMENT_3D('',#7937,#7938,#7939);
#7937 = CARTESIAN_POINT('',(36.,145.,34.));
#7938 = DIRECTION('',(0.,-1.,0.));
#7939 = DIRECTION('',(1.,0.,0.));
#7940 = SPHERICAL_SURFACE('',#7941,2.);
#7941 = AXIS2_PLACEMENT_3D('',#7942,#7943,#7944);
#7942 = CARTESIAN_POINT('',(36.,145.,34.));
#7943 = DIRECTION('',(0.,-1.,0.));
#7944 = DIRECTION('',(1.,0.,0.));
#7945 = ADVANCED_FACE('',(#7946),#8015,.T.);
#7946 = FACE_BOUND('',#7947,.F.);
#7947 = EDGE_LOOP('',(#7948,#7973,#7992,#8000,#8009));
#7948 = ORIENTED_EDGE('',*,*,#7949,.F.);
#7949 = EDGE_CURVE('',#7950,#7952,#7954,.T.);
#7950 = VERTEX_POINT('',#7951);
#7951 = CARTESIAN_POINT('',(11.6,128.93568060567,35.2));
#7952 = VERTEX_POINT('',#7953);
#7953 = CARTESIAN_POINT('',(12.,129.14575671003,34.));
#7954 = B_SPLINE_CURVE_WITH_KNOTS('',5,(#7955,#7956,#7957,#7958,#7959,
    #7960,#7961,#7962,#7963,#7964,#7965,#7966,#7967,#7968,#7969,#7970,
    #7971,#7972),.UNSPECIFIED.,.F.,.F.,(6,4,4,4,6),(0.,0.231006587297,
    0.464721272348,0.704047277056,1.),.UNSPECIFIED.);
#7955 = CARTESIAN_POINT('',(11.6,128.93568060567,35.2));
#7956 = CARTESIAN_POINT('',(11.630182783527,128.95948379377,
    35.159756288631));
#7957 = CARTESIAN_POINT('',(11.660237410454,128.98129310282,
    35.117047571333));
#7958 = CARTESIAN_POINT('',(11.689794479766,129.00109497903,
    35.07196841964));
#7959 = CARTESIAN_POINT('',(11.71850844706,129.01893856601,
    35.024658787763));
#7960 = CARTESIAN_POINT('',(11.773976140159,129.05107832637,
    34.925354506394));
#7961 = CARTESIAN_POINT('',(11.80070367269,129.06533084828,
    34.873310089769));
#7962 = CARTESIAN_POINT('',(11.825954011675,129.07776711517,
    34.81934434037));
#7963 = CARTESIAN_POINT('',(11.849471997722,129.08852725224,
    34.763667192781));
#7964 = CARTESIAN_POINT('',(11.8931633479,129.10724020153,
    34.647956986062));
#7965 = CARTESIAN_POINT('',(11.913242972736,129.11511946729,
    34.587851003928));
#7966 = CARTESIAN_POINT('',(11.931083676213,129.12158473571,
    34.526414876441));
#7967 = CARTESIAN_POINT('',(11.946532835711,129.12683349398,
    34.463890524805));
#7968 = CARTESIAN_POINT('',(11.975506181804,129.13631022864,
    34.322140142292));
#7969 = CARTESIAN_POINT('',(11.987709720886,129.14000277485,
    34.242463762321));
#7970 = CARTESIAN_POINT('',(11.99590265454,129.14253686639,
    34.161927066831));
#7971 = CARTESIAN_POINT('',(12.000000026146,129.14431811527,
    34.080966635184));
#7972 = CARTESIAN_POINT('',(12.,129.14575671003,34.));
#7973 = ORIENTED_EDGE('',*,*,#7974,.T.);
#7974 = EDGE_CURVE('',#7950,#7975,#7977,.T.);
#7975 = VERTEX_POINT('',#7976);
#7976 = CARTESIAN_POINT('',(10.,128.43908891458,36.));
#7977 = B_SPLINE_CURVE_WITH_KNOTS('',5,(#7978,#7979,#7980,#7981,#7982,
    #7983,#7984,#7985,#7986,#7987,#7988,#7989,#7990,#7991),
  .UNSPECIFIED.,.F.,.F.,(6,4,4,6),(0.,0.266623475948,0.588836379058,1.),
  .UNSPECIFIED.);
#7978 = CARTESIAN_POINT('',(11.6000006,128.93568107885,35.1999992));
#7979 = CARTESIAN_POINT('',(11.538790718812,128.88740880165,
    35.28161245993));
#7980 = CARTESIAN_POINT('',(11.472816248977,128.84119767641,
    35.358737489918));
#7981 = CARTESIAN_POINT('',(11.40249944076,128.79731976598,
    35.431122364876));
#7982 = CARTESIAN_POINT('',(11.32825386215,128.75602735371,
    35.498556458006));
#7983 = CARTESIAN_POINT('',(11.156502477856,128.67103967915,
    35.636155263404));
#7984 = CARTESIAN_POINT('',(11.057362041293,128.6286322355,
    35.703967895341));
#7985 = CARTESIAN_POINT('',(10.95379354618,128.59072985396,
    35.763966256355));
#7986 = CARTESIAN_POINT('',(10.846517997163,128.5576756547,
    35.815894429016));
#7987 = CARTESIAN_POINT('',(10.595539169828,128.49407633497,
    35.915263976374));
#7988 = CARTESIAN_POINT('',(10.449942341104,128.46673965013,
    35.957513982817));
#7989 = CARTESIAN_POINT('',(10.301071955756,128.44830766704,
    35.985834009002));
#7990 = CARTESIAN_POINT('',(10.150549310344,128.43908891458,36.));
#7991 = CARTESIAN_POINT('',(10.,128.43908891458,36.));
#7992 = ORIENTED_EDGE('',*,*,#7993,.T.);
#7993 = EDGE_CURVE('',#7975,#7994,#7996,.T.);
#7994 = VERTEX_POINT('',#7995);
#7995 = CARTESIAN_POINT('',(10.,137.,36.));
#7996 = LINE('',#7997,#7998);
#7997 = CARTESIAN_POINT('',(10.,110.,36.));
#7998 = VECTOR('',#7999,1.);
#7999 = DIRECTION('',(0.,1.,0.));
#8000 = ORIENTED_EDGE('',*,*,#8001,.T.);
#8001 = EDGE_CURVE('',#7994,#8002,#8004,.T.);
#8002 = VERTEX_POINT('',#8003);
#8003 = CARTESIAN_POINT('',(12.,135.,34.));
#8004 = ELLIPSE('',#8005,2.828427124746,2.);
#8005 = AXIS2_PLACEMENT_3D('',#8006,#8007,#8008);
#8006 = CARTESIAN_POINT('',(10.,137.,34.));
#8007 = DIRECTION('',(0.707106781187,0.707106781187,-0.));
#8008 = DIRECTION('',(-0.707106781187,0.707106781187,0.));
#8009 = ORIENTED_EDGE('',*,*,#8010,.F.);
#8010 = EDGE_CURVE('',#7952,#8002,#8011,.T.);
#8011 = LINE('',#8012,#8013);
#8012 = CARTESIAN_POINT('',(12.,110.,34.));
#8013 = VECTOR('',#8014,1.);
#8014 = DIRECTION('',(0.,1.,0.));
#8015 = CYLINDRICAL_SURFACE('',#8016,2.);
#8016 = AXIS2_PLACEMENT_3D('',#8017,#8018,#8019);
#8017 = CARTESIAN_POINT('',(10.,110.,34.));
#8018 = DIRECTION('',(0.,1.,0.));
#8019 = DIRECTION('',(1.,0.,0.));
#8020 = ADVANCED_FACE('',(#8021),#8049,.T.);
#8021 = FACE_BOUND('',#8022,.T.);
#8022 = EDGE_LOOP('',(#8023,#8032,#8041,#8048));
#8023 = ORIENTED_EDGE('',*,*,#8024,.T.);
#8024 = EDGE_CURVE('',#7950,#8025,#8027,.T.);
#8025 = VERTEX_POINT('',#8026);
#8026 = CARTESIAN_POINT('',(11.6,110.,46.));
#8027 = CIRCLE('',#8028,22.);
#8028 = AXIS2_PLACEMENT_3D('',#8029,#8030,#8031);
#8029 = CARTESIAN_POINT('',(11.6,110.,24.));
#8030 = DIRECTION('',(1.,0.,-0.));
#8031 = DIRECTION('',(0.,0.,1.));
#8032 = ORIENTED_EDGE('',*,*,#8033,.T.);
#8033 = EDGE_CURVE('',#8025,#8034,#8036,.T.);
#8034 = VERTEX_POINT('',#8035);
#8035 = CARTESIAN_POINT('',(12.,110.,45.6));
#8036 = CIRCLE('',#8037,0.4);
#8037 = AXIS2_PLACEMENT_3D('',#8038,#8039,#8040);
#8038 = CARTESIAN_POINT('',(11.6,110.,45.6));
#8039 = DIRECTION('',(0.,1.,0.));
#8040 = DIRECTION('',(0.,0.,1.));
#8041 = ORIENTED_EDGE('',*,*,#8042,.F.);
#8042 = EDGE_CURVE('',#7952,#8034,#8043,.T.);
#8043 = CIRCLE('',#8044,21.6);
#8044 = AXIS2_PLACEMENT_3D('',#8045,#8046,#8047);
#8045 = CARTESIAN_POINT('',(12.,110.,24.));
#8046 = DIRECTION('',(1.,0.,-0.));
#8047 = DIRECTION('',(0.,0.,1.));
#8048 = ORIENTED_EDGE('',*,*,#7949,.F.);
#8049 = TOROIDAL_SURFACE('',#8050,21.6,0.4);
#8050 = AXIS2_PLACEMENT_3D('',#8051,#8052,#8053);
#8051 = CARTESIAN_POINT('',(11.6,110.,24.));
#8052 = DIRECTION('',(1.,0.,0.));
#8053 = DIRECTION('',(0.,0.,1.));
#8054 = ADVANCED_FACE('',(#8055),#8081,.T.);
#8055 = FACE_BOUND('',#8056,.F.);
#8056 = EDGE_LOOP('',(#8057,#8058,#8066,#8075));
#8057 = ORIENTED_EDGE('',*,*,#8001,.F.);
#8058 = ORIENTED_EDGE('',*,*,#8059,.T.);
#8059 = EDGE_CURVE('',#7994,#8060,#8062,.T.);
#8060 = VERTEX_POINT('',#8061);
#8061 = CARTESIAN_POINT('',(36.,137.,36.));
#8062 = LINE('',#8063,#8064);
#8063 = CARTESIAN_POINT('',(-38.,137.,36.));
#8064 = VECTOR('',#8065,1.);
#8065 = DIRECTION('',(1.,0.,0.));
#8066 = ORIENTED_EDGE('',*,*,#8067,.T.);
#8067 = EDGE_CURVE('',#8060,#8068,#8070,.T.);
#8068 = VERTEX_POINT('',#8069);
#8069 = CARTESIAN_POINT('',(36.,135.,34.));
#8070 = CIRCLE('',#8071,2.);
#8071 = AXIS2_PLACEMENT_3D('',#8072,#8073,#8074);
#8072 = CARTESIAN_POINT('',(36.,137.,34.));
#8073 = DIRECTION('',(1.,6.123233995737E-17,0.));
#8074 = DIRECTION('',(6.123233995737E-17,-1.,0.));
#8075 = ORIENTED_EDGE('',*,*,#8076,.F.);
#8076 = EDGE_CURVE('',#8002,#8068,#8077,.T.);
#8077 = LINE('',#8078,#8079);
#8078 = CARTESIAN_POINT('',(-38.,135.,34.));
#8079 = VECTOR('',#8080,1.);
#8080 = DIRECTION('',(1.,0.,0.));
#8081 = CYLINDRICAL_SURFACE('',#8082,2.);
#8082 = AXIS2_PLACEMENT_3D('',#8083,#8084,#8085);
#8083 = CARTESIAN_POINT('',(-38.,137.,34.));
#8084 = DIRECTION('',(1.,0.,0.));
#8085 = DIRECTION('',(0.,-1.,0.));
#8086 = ADVANCED_FACE('',(#8087),#8129,.T.);
#8087 = FACE_BOUND('',#8088,.T.);
#8088 = EDGE_LOOP('',(#8089,#8090,#8099,#8122));
#8089 = ORIENTED_EDGE('',*,*,#8033,.F.);
#8090 = ORIENTED_EDGE('',*,*,#8091,.T.);
#8091 = EDGE_CURVE('',#8025,#8092,#8094,.T.);
#8092 = VERTEX_POINT('',#8093);
#8093 = CARTESIAN_POINT('',(11.6,128.93568060567,12.8));
#8094 = CIRCLE('',#8095,22.);
#8095 = AXIS2_PLACEMENT_3D('',#8096,#8097,#8098);
#8096 = CARTESIAN_POINT('',(11.6,110.,24.));
#8097 = DIRECTION('',(1.,0.,-0.));
#8098 = DIRECTION('',(0.,0.,1.));
#8099 = ORIENTED_EDGE('',*,*,#8100,.T.);
#8100 = EDGE_CURVE('',#8092,#8101,#8103,.T.);
#8101 = VERTEX_POINT('',#8102);
#8102 = CARTESIAN_POINT('',(12.,129.14575671003,14.));
#8103 = B_SPLINE_CURVE_WITH_KNOTS('',5,(#8104,#8105,#8106,#8107,#8108,
    #8109,#8110,#8111,#8112,#8113,#8114,#8115,#8116,#8117,#8118,#8119,
    #8120,#8121),.UNSPECIFIED.,.F.,.F.,(6,4,4,4,6),(0.,0.231006587297,
    0.464721272348,0.704047277056,1.),.UNSPECIFIED.);
#8104 = CARTESIAN_POINT('',(11.6,128.93568060567,12.8));
#8105 = CARTESIAN_POINT('',(11.630182783527,128.95948379377,
    12.840243711369));
#8106 = CARTESIAN_POINT('',(11.660237410454,128.98129310282,
    12.882952428667));
#8107 = CARTESIAN_POINT('',(11.689794479766,129.00109497903,
    12.92803158036));
#8108 = CARTESIAN_POINT('',(11.71850844706,129.01893856601,
    12.975341212237));
#8109 = CARTESIAN_POINT('',(11.773976140159,129.05107832637,
    13.074645493606));
#8110 = CARTESIAN_POINT('',(11.80070367269,129.06533084828,
    13.126689910231));
#8111 = CARTESIAN_POINT('',(11.825954011675,129.07776711517,
    13.18065565963));
#8112 = CARTESIAN_POINT('',(11.849471997722,129.08852725224,
    13.236332807219));
#8113 = CARTESIAN_POINT('',(11.8931633479,129.10724020153,
    13.352043013938));
#8114 = CARTESIAN_POINT('',(11.913242972736,129.11511946729,
    13.412148996072));
#8115 = CARTESIAN_POINT('',(11.931083676213,129.12158473571,
    13.473585123559));
#8116 = CARTESIAN_POINT('',(11.946532835711,129.12683349398,
    13.536109475195));
#8117 = CARTESIAN_POINT('',(11.975506181804,129.13631022864,
    13.677859857708));
#8118 = CARTESIAN_POINT('',(11.987709720886,129.14000277485,
    13.757536237679));
#8119 = CARTESIAN_POINT('',(11.99590265454,129.14253686639,
    13.838072933169));
#8120 = CARTESIAN_POINT('',(12.000000026146,129.14431811527,
    13.919033364816));
#8121 = CARTESIAN_POINT('',(12.,129.14575671003,14.));
#8122 = ORIENTED_EDGE('',*,*,#8123,.F.);
#8123 = EDGE_CURVE('',#8034,#8101,#8124,.T.);
#8124 = CIRCLE('',#8125,21.6);
#8125 = AXIS2_PLACEMENT_3D('',#8126,#8127,#8128);
#8126 = CARTESIAN_POINT('',(12.,110.,24.));
#8127 = DIRECTION('',(1.,0.,-0.));
#8128 = DIRECTION('',(0.,0.,1.));
#8129 = TOROIDAL_SURFACE('',#8130,21.6,0.4);
#8130 = AXIS2_PLACEMENT_3D('',#8131,#8132,#8133);
#8131 = CARTESIAN_POINT('',(11.6,110.,24.));
#8132 = DIRECTION('',(1.,0.,0.));
#8133 = DIRECTION('',(0.,0.,1.));
#8134 = ADVANCED_FACE('',(#8135),#8180,.T.);
#8135 = FACE_BOUND('',#8136,.T.);
#8136 = EDGE_LOOP('',(#8137,#8138,#8157,#8165,#8174));
#8137 = ORIENTED_EDGE('',*,*,#8100,.F.);
#8138 = ORIENTED_EDGE('',*,*,#8139,.T.);
#8139 = EDGE_CURVE('',#8092,#8140,#8142,.T.);
#8140 = VERTEX_POINT('',#8141);
#8141 = CARTESIAN_POINT('',(10.,128.43908891458,12.));
#8142 = B_SPLINE_CURVE_WITH_KNOTS('',5,(#8143,#8144,#8145,#8146,#8147,
    #8148,#8149,#8150,#8151,#8152,#8153,#8154,#8155,#8156),
  .UNSPECIFIED.,.F.,.F.,(6,4,4,6),(0.,0.266623475948,0.588836379058,1.),
  .UNSPECIFIED.);
#8143 = CARTESIAN_POINT('',(11.6000006,128.93568107885,12.8000008));
#8144 = CARTESIAN_POINT('',(11.538790718812,128.88740880165,
    12.71838754007));
#8145 = CARTESIAN_POINT('',(11.472816248977,128.84119767641,
    12.641262510082));
#8146 = CARTESIAN_POINT('',(11.40249944076,128.79731976598,
    12.568877635124));
#8147 = CARTESIAN_POINT('',(11.32825386215,128.75602735371,
    12.501443541994));
#8148 = CARTESIAN_POINT('',(11.156502477855,128.67103967915,
    12.363844736596));
#8149 = CARTESIAN_POINT('',(11.057362041293,128.6286322355,
    12.296032104659));
#8150 = CARTESIAN_POINT('',(10.95379354618,128.59072985396,
    12.236033743645));
#8151 = CARTESIAN_POINT('',(10.846517997163,128.5576756547,
    12.184105570984));
#8152 = CARTESIAN_POINT('',(10.595539169828,128.49407633497,
    12.084736023626));
#8153 = CARTESIAN_POINT('',(10.449942341104,128.46673965013,
    12.042486017183));
#8154 = CARTESIAN_POINT('',(10.301071955756,128.44830766704,
    12.014165990998));
#8155 = CARTESIAN_POINT('',(10.150549310344,128.43908891458,12.));
#8156 = CARTESIAN_POINT('',(10.,128.43908891458,12.));
#8157 = ORIENTED_EDGE('',*,*,#8158,.T.);
#8158 = EDGE_CURVE('',#8140,#8159,#8161,.T.);
#8159 = VERTEX_POINT('',#8160);
#8160 = CARTESIAN_POINT('',(10.,137.,12.));
#8161 = LINE('',#8162,#8163);
#8162 = CARTESIAN_POINT('',(10.,110.,12.));
#8163 = VECTOR('',#8164,1.);
#8164 = DIRECTION('',(0.,1.,0.));
#8165 = ORIENTED_EDGE('',*,*,#8166,.F.);
#8166 = EDGE_CURVE('',#8167,#8159,#8169,.T.);
#8167 = VERTEX_POINT('',#8168);
#8168 = CARTESIAN_POINT('',(12.,135.,14.));
#8169 = ELLIPSE('',#8170,2.828427124746,2.);
#8170 = AXIS2_PLACEMENT_3D('',#8171,#8172,#8173);
#8171 = CARTESIAN_POINT('',(10.,137.,14.));
#8172 = DIRECTION('',(0.707106781187,0.707106781187,-0.));
#8173 = DIRECTION('',(-0.707106781187,0.707106781187,0.));
#8174 = ORIENTED_EDGE('',*,*,#8175,.F.);
#8175 = EDGE_CURVE('',#8101,#8167,#8176,.T.);
#8176 = LINE('',#8177,#8178);
#8177 = CARTESIAN_POINT('',(12.,110.,14.));
#8178 = VECTOR('',#8179,1.);
#8179 = DIRECTION('',(0.,1.,0.));
#8180 = CYLINDRICAL_SURFACE('',#8181,2.);
#8181 = AXIS2_PLACEMENT_3D('',#8182,#8183,#8184);
#8182 = CARTESIAN_POINT('',(10.,110.,14.));
#8183 = DIRECTION('',(0.,1.,0.));
#8184 = DIRECTION('',(1.,0.,0.));
#8185 = ADVANCED_FACE('',(#8186),#8205,.T.);
#8186 = FACE_BOUND('',#8187,.T.);
#8187 = EDGE_LOOP('',(#8188,#8197,#8198));
#8188 = ORIENTED_EDGE('',*,*,#8189,.F.);
#8189 = EDGE_CURVE('',#8060,#8190,#8192,.T.);
#8190 = VERTEX_POINT('',#8191);
#8191 = CARTESIAN_POINT('',(38.,137.,34.));
#8192 = CIRCLE('',#8193,2.);
#8193 = AXIS2_PLACEMENT_3D('',#8194,#8195,#8196);
#8194 = CARTESIAN_POINT('',(36.,137.,34.));
#8195 = DIRECTION('',(-0.,1.,0.));
#8196 = DIRECTION('',(1.,0.,0.));
#8197 = ORIENTED_EDGE('',*,*,#8067,.T.);
#8198 = ORIENTED_EDGE('',*,*,#8199,.F.);
#8199 = EDGE_CURVE('',#8190,#8068,#8200,.T.);
#8200 = CIRCLE('',#8201,2.);
#8201 = AXIS2_PLACEMENT_3D('',#8202,#8203,#8204);
#8202 = CARTESIAN_POINT('',(36.,137.,34.));
#8203 = DIRECTION('',(0.,0.,-1.));
#8204 = DIRECTION('',(1.,0.,0.));
#8205 = SPHERICAL_SURFACE('',#8206,2.);
#8206 = AXIS2_PLACEMENT_3D('',#8207,#8208,#8209);
#8207 = CARTESIAN_POINT('',(36.,137.,34.));
#8208 = DIRECTION('',(-0.,-0.,-1.));
#8209 = DIRECTION('',(1.,0.,0.));
#8210 = ADVANCED_FACE('',(#8211),#8237,.T.);
#8211 = FACE_BOUND('',#8212,.T.);
#8212 = EDGE_LOOP('',(#8213,#8221,#8222,#8230));
#8213 = ORIENTED_EDGE('',*,*,#8214,.F.);
#8214 = EDGE_CURVE('',#8167,#8215,#8217,.T.);
#8215 = VERTEX_POINT('',#8216);
#8216 = CARTESIAN_POINT('',(26.,135.,14.));
#8217 = LINE('',#8218,#8219);
#8218 = CARTESIAN_POINT('',(-38.,135.,14.));
#8219 = VECTOR('',#8220,1.);
#8220 = DIRECTION('',(1.,0.,0.));
#8221 = ORIENTED_EDGE('',*,*,#8166,.T.);
#8222 = ORIENTED_EDGE('',*,*,#8223,.T.);
#8223 = EDGE_CURVE('',#8159,#8224,#8226,.T.);
#8224 = VERTEX_POINT('',#8225);
#8225 = CARTESIAN_POINT('',(24.,137.,12.));
#8226 = LINE('',#8227,#8228);
#8227 = CARTESIAN_POINT('',(-38.,137.,12.));
#8228 = VECTOR('',#8229,1.);
#8229 = DIRECTION('',(1.,0.,0.));
#8230 = ORIENTED_EDGE('',*,*,#8231,.F.);
#8231 = EDGE_CURVE('',#8215,#8224,#8232,.T.);
#8232 = ELLIPSE('',#8233,2.828427124746,2.);
#8233 = AXIS2_PLACEMENT_3D('',#8234,#8235,#8236);
#8234 = CARTESIAN_POINT('',(26.,137.,14.));
#8235 = DIRECTION('',(0.707106781187,0.,-0.707106781187));
#8236 = DIRECTION('',(0.707106781187,0.,0.707106781187));
#8237 = CYLINDRICAL_SURFACE('',#8238,2.);
#8238 = AXIS2_PLACEMENT_3D('',#8239,#8240,#8241);
#8239 = CARTESIAN_POINT('',(-38.,137.,14.));
#8240 = DIRECTION('',(1.,0.,0.));
#8241 = DIRECTION('',(0.,-1.,0.));
#8242 = ADVANCED_FACE('',(#8243),#8259,.T.);
#8243 = FACE_BOUND('',#8244,.F.);
#8244 = EDGE_LOOP('',(#8245,#8246,#8252,#8253));
#8245 = ORIENTED_EDGE('',*,*,#8189,.F.);
#8246 = ORIENTED_EDGE('',*,*,#8247,.T.);
#8247 = EDGE_CURVE('',#8060,#7518,#8248,.T.);
#8248 = LINE('',#8249,#8250);
#8249 = CARTESIAN_POINT('',(36.,135.,36.));
#8250 = VECTOR('',#8251,1.);
#8251 = DIRECTION('',(0.,1.,0.));
#8252 = ORIENTED_EDGE('',*,*,#7934,.F.);
#8253 = ORIENTED_EDGE('',*,*,#8254,.F.);
#8254 = EDGE_CURVE('',#8190,#7925,#8255,.T.);
#8255 = LINE('',#8256,#8257);
#8256 = CARTESIAN_POINT('',(38.,135.,34.));
#8257 = VECTOR('',#8258,1.);
#8258 = DIRECTION('',(0.,1.,0.));
#8259 = CYLINDRICAL_SURFACE('',#8260,2.);
#8260 = AXIS2_PLACEMENT_3D('',#8261,#8262,#8263);
#8261 = CARTESIAN_POINT('',(36.,135.,34.));
#8262 = DIRECTION('',(0.,1.,0.));
#8263 = DIRECTION('',(1.,0.,0.));
#8264 = ADVANCED_FACE('',(#8265),#8291,.T.);
#8265 = FACE_BOUND('',#8266,.T.);
#8266 = EDGE_LOOP('',(#8267,#8275,#8284,#8290));
#8267 = ORIENTED_EDGE('',*,*,#8268,.F.);
#8268 = EDGE_CURVE('',#8269,#8224,#8271,.T.);
#8269 = VERTEX_POINT('',#8270);
#8270 = CARTESIAN_POINT('',(24.,137.,10.));
#8271 = LINE('',#8272,#8273);
#8272 = CARTESIAN_POINT('',(24.,137.,6.));
#8273 = VECTOR('',#8274,1.);
#8274 = DIRECTION('',(0.,0.,1.));
#8275 = ORIENTED_EDGE('',*,*,#8276,.T.);
#8276 = EDGE_CURVE('',#8269,#8277,#8279,.T.);
#8277 = VERTEX_POINT('',#8278);
#8278 = CARTESIAN_POINT('',(26.,135.,8.));
#8279 = ELLIPSE('',#8280,2.828427124746,2.);
#8280 = AXIS2_PLACEMENT_3D('',#8281,#8282,#8283);
#8281 = CARTESIAN_POINT('',(26.,137.,8.));
#8282 = DIRECTION('',(0.707106781187,0.,0.707106781187));
#8283 = DIRECTION('',(-0.707106781187,0.,0.707106781187));
#8284 = ORIENTED_EDGE('',*,*,#8285,.T.);
#8285 = EDGE_CURVE('',#8277,#8215,#8286,.T.);
#8286 = LINE('',#8287,#8288);
#8287 = CARTESIAN_POINT('',(26.,135.,6.));
#8288 = VECTOR('',#8289,1.);
#8289 = DIRECTION('',(0.,0.,1.));
#8290 = ORIENTED_EDGE('',*,*,#8231,.T.);
#8291 = CYLINDRICAL_SURFACE('',#8292,2.);
#8292 = AXIS2_PLACEMENT_3D('',#8293,#8294,#8295);
#8293 = CARTESIAN_POINT('',(26.,137.,6.));
#8294 = DIRECTION('',(0.,0.,1.));
#8295 = DIRECTION('',(-1.,0.,0.));
#8296 = ADVANCED_FACE('',(#8297),#8322,.F.);
#8297 = FACE_BOUND('',#8298,.F.);
#8298 = EDGE_LOOP('',(#8299,#8300,#8308,#8316));
#8299 = ORIENTED_EDGE('',*,*,#8268,.F.);
#8300 = ORIENTED_EDGE('',*,*,#8301,.F.);
#8301 = EDGE_CURVE('',#8302,#8269,#8304,.T.);
#8302 = VERTEX_POINT('',#8303);
#8303 = CARTESIAN_POINT('',(24.,145.,10.));
#8304 = LINE('',#8305,#8306);
#8305 = CARTESIAN_POINT('',(24.,135.,10.));
#8306 = VECTOR('',#8307,1.);
#8307 = DIRECTION('',(0.,-1.,0.));
#8308 = ORIENTED_EDGE('',*,*,#8309,.T.);
#8309 = EDGE_CURVE('',#8302,#8310,#8312,.T.);
#8310 = VERTEX_POINT('',#8311);
#8311 = CARTESIAN_POINT('',(24.,145.,12.));
#8312 = LINE('',#8313,#8314);
#8313 = CARTESIAN_POINT('',(24.,145.,6.));
#8314 = VECTOR('',#8315,1.);
#8315 = DIRECTION('',(0.,0.,1.));
#8316 = ORIENTED_EDGE('',*,*,#8317,.F.);
#8317 = EDGE_CURVE('',#8224,#8310,#8318,.T.);
#8318 = LINE('',#8319,#8320);
#8319 = CARTESIAN_POINT('',(24.,135.,12.));
#8320 = VECTOR('',#8321,1.);
#8321 = DIRECTION('',(0.,1.,0.));
#8322 = PLANE('',#8323);
#8323 = AXIS2_PLACEMENT_3D('',#8324,#8325,#8326);
#8324 = CARTESIAN_POINT('',(24.,135.,6.));
#8325 = DIRECTION('',(1.,0.,0.));
#8326 = DIRECTION('',(0.,0.,1.));
#8327 = ADVANCED_FACE('',(#8328),#8344,.T.);
#8328 = FACE_BOUND('',#8329,.F.);
#8329 = EDGE_LOOP('',(#8330,#8331,#8337,#8338));
#8330 = ORIENTED_EDGE('',*,*,#7900,.T.);
#8331 = ORIENTED_EDGE('',*,*,#8332,.T.);
#8332 = EDGE_CURVE('',#7893,#8269,#8333,.T.);
#8333 = LINE('',#8334,#8335);
#8334 = CARTESIAN_POINT('',(-89.,137.,10.));
#8335 = VECTOR('',#8336,1.);
#8336 = DIRECTION('',(1.,0.,0.));
#8337 = ORIENTED_EDGE('',*,*,#8276,.T.);
#8338 = ORIENTED_EDGE('',*,*,#8339,.F.);
#8339 = EDGE_CURVE('',#7901,#8277,#8340,.T.);
#8340 = LINE('',#8341,#8342);
#8341 = CARTESIAN_POINT('',(-89.,135.,8.));
#8342 = VECTOR('',#8343,1.);
#8343 = DIRECTION('',(1.,0.,0.));
#8344 = CYLINDRICAL_SURFACE('',#8345,2.);
#8345 = AXIS2_PLACEMENT_3D('',#8346,#8347,#8348);
#8346 = CARTESIAN_POINT('',(-89.,137.,8.));
#8347 = DIRECTION('',(1.,0.,0.));
#8348 = DIRECTION('',(0.,-1.,0.));
#8349 = ADVANCED_FACE('',(#8350),#8375,.T.);
#8350 = FACE_BOUND('',#8351,.T.);
#8351 = EDGE_LOOP('',(#8352,#8353,#8361,#8369));
#8352 = ORIENTED_EDGE('',*,*,#7892,.F.);
#8353 = ORIENTED_EDGE('',*,*,#8354,.F.);
#8354 = EDGE_CURVE('',#8355,#7893,#8357,.T.);
#8355 = VERTEX_POINT('',#8356);
#8356 = CARTESIAN_POINT('',(-24.,145.,10.));
#8357 = LINE('',#8358,#8359);
#8358 = CARTESIAN_POINT('',(-24.,135.,10.));
#8359 = VECTOR('',#8360,1.);
#8360 = DIRECTION('',(0.,-1.,0.));
#8361 = ORIENTED_EDGE('',*,*,#8362,.T.);
#8362 = EDGE_CURVE('',#8355,#8363,#8365,.T.);
#8363 = VERTEX_POINT('',#8364);
#8364 = CARTESIAN_POINT('',(-24.,145.,12.));
#8365 = LINE('',#8366,#8367);
#8366 = CARTESIAN_POINT('',(-24.,145.,6.));
#8367 = VECTOR('',#8368,1.);
#8368 = DIRECTION('',(0.,0.,1.));
#8369 = ORIENTED_EDGE('',*,*,#8370,.F.);
#8370 = EDGE_CURVE('',#7841,#8363,#8371,.T.);
#8371 = LINE('',#8372,#8373);
#8372 = CARTESIAN_POINT('',(-24.,135.,12.));
#8373 = VECTOR('',#8374,1.);
#8374 = DIRECTION('',(0.,1.,0.));
#8375 = PLANE('',#8376);
#8376 = AXIS2_PLACEMENT_3D('',#8377,#8378,#8379);
#8377 = CARTESIAN_POINT('',(-24.,135.,6.));
#8378 = DIRECTION('',(1.,0.,0.));
#8379 = DIRECTION('',(0.,0.,1.));
#8380 = ADVANCED_FACE('',(#8381),#8408,.T.);
#8381 = FACE_BOUND('',#8382,.F.);
#8382 = EDGE_LOOP('',(#8383,#8384,#8393,#8401));
#8383 = ORIENTED_EDGE('',*,*,#8309,.F.);
#8384 = ORIENTED_EDGE('',*,*,#8385,.F.);
#8385 = EDGE_CURVE('',#8386,#8302,#8388,.T.);
#8386 = VERTEX_POINT('',#8387);
#8387 = CARTESIAN_POINT('',(26.,147.,10.));
#8388 = CIRCLE('',#8389,2.);
#8389 = AXIS2_PLACEMENT_3D('',#8390,#8391,#8392);
#8390 = CARTESIAN_POINT('',(26.,145.,10.));
#8391 = DIRECTION('',(0.,0.,1.));
#8392 = DIRECTION('',(-1.,0.,0.));
#8393 = ORIENTED_EDGE('',*,*,#8394,.T.);
#8394 = EDGE_CURVE('',#8386,#8395,#8397,.T.);
#8395 = VERTEX_POINT('',#8396);
#8396 = CARTESIAN_POINT('',(26.,147.,14.));
#8397 = LINE('',#8398,#8399);
#8398 = CARTESIAN_POINT('',(26.,147.,6.));
#8399 = VECTOR('',#8400,1.);
#8400 = DIRECTION('',(0.,0.,1.));
#8401 = ORIENTED_EDGE('',*,*,#8402,.F.);
#8402 = EDGE_CURVE('',#8310,#8395,#8403,.T.);
#8403 = ELLIPSE('',#8404,2.828427124746,2.);
#8404 = AXIS2_PLACEMENT_3D('',#8405,#8406,#8407);
#8405 = CARTESIAN_POINT('',(26.,145.,14.));
#8406 = DIRECTION('',(0.707106781187,0.,-0.707106781187));
#8407 = DIRECTION('',(0.707106781187,0.,0.707106781187));
#8408 = CYLINDRICAL_SURFACE('',#8409,2.);
#8409 = AXIS2_PLACEMENT_3D('',#8410,#8411,#8412);
#8410 = CARTESIAN_POINT('',(26.,145.,6.));
#8411 = DIRECTION('',(0.,0.,1.));
#8412 = DIRECTION('',(-1.,0.,0.));
#8413 = ADVANCED_FACE('',(#8414),#8438,.T.);
#8414 = FACE_BOUND('',#8415,.F.);
#8415 = EDGE_LOOP('',(#8416,#8425,#8431,#8432));
#8416 = ORIENTED_EDGE('',*,*,#8417,.F.);
#8417 = EDGE_CURVE('',#8363,#8418,#8420,.T.);
#8418 = VERTEX_POINT('',#8419);
#8419 = CARTESIAN_POINT('',(-26.,147.,14.));
#8420 = ELLIPSE('',#8421,2.828427124746,2.);
#8421 = AXIS2_PLACEMENT_3D('',#8422,#8423,#8424);
#8422 = CARTESIAN_POINT('',(-26.,145.,14.));
#8423 = DIRECTION('',(0.707106781187,-0.,0.707106781187));
#8424 = DIRECTION('',(0.707106781187,0.,-0.707106781187));
#8425 = ORIENTED_EDGE('',*,*,#8426,.T.);
#8426 = EDGE_CURVE('',#8363,#8310,#8427,.T.);
#8427 = LINE('',#8428,#8429);
#8428 = CARTESIAN_POINT('',(-38.,145.,12.));
#8429 = VECTOR('',#8430,1.);
#8430 = DIRECTION('',(1.,0.,0.));
#8431 = ORIENTED_EDGE('',*,*,#8402,.T.);
#8432 = ORIENTED_EDGE('',*,*,#8433,.F.);
#8433 = EDGE_CURVE('',#8418,#8395,#8434,.T.);
#8434 = LINE('',#8435,#8436);
#8435 = CARTESIAN_POINT('',(-38.,147.,14.));
#8436 = VECTOR('',#8437,1.);
#8437 = DIRECTION('',(1.,0.,0.));
#8438 = CYLINDRICAL_SURFACE('',#8439,2.);
#8439 = AXIS2_PLACEMENT_3D('',#8440,#8441,#8442);
#8440 = CARTESIAN_POINT('',(-38.,145.,14.));
#8441 = DIRECTION('',(1.,0.,0.));
#8442 = DIRECTION('',(0.,1.,0.));
#8443 = ADVANCED_FACE('',(#8444),#8597,.T.);
#8444 = FACE_BOUND('',#8445,.T.);
#8445 = EDGE_LOOP('',(#8446,#8456,#8464,#8472,#8481,#8489,#8496,#8497,
    #8498,#8499,#8500,#8508,#8517,#8525,#8533,#8541,#8549,#8558,#8566,
    #8574,#8582,#8591));
#8446 = ORIENTED_EDGE('',*,*,#8447,.F.);
#8447 = EDGE_CURVE('',#8448,#8450,#8452,.T.);
#8448 = VERTEX_POINT('',#8449);
#8449 = CARTESIAN_POINT('',(-87.,137.,10.));
#8450 = VERTEX_POINT('',#8451);
#8451 = CARTESIAN_POINT('',(-87.,145.,10.));
#8452 = LINE('',#8453,#8454);
#8453 = CARTESIAN_POINT('',(-87.,135.,10.));
#8454 = VECTOR('',#8455,1.);
#8455 = DIRECTION('',(0.,1.,0.));
#8456 = ORIENTED_EDGE('',*,*,#8457,.T.);
#8457 = EDGE_CURVE('',#8448,#8458,#8460,.T.);
#8458 = VERTEX_POINT('',#8459);
#8459 = CARTESIAN_POINT('',(-38.,137.,10.));
#8460 = LINE('',#8461,#8462);
#8461 = CARTESIAN_POINT('',(-89.,137.,10.));
#8462 = VECTOR('',#8463,1.);
#8463 = DIRECTION('',(1.,0.,0.));
#8464 = ORIENTED_EDGE('',*,*,#8465,.F.);
#8465 = EDGE_CURVE('',#8466,#8458,#8468,.T.);
#8466 = VERTEX_POINT('',#8467);
#8467 = CARTESIAN_POINT('',(-38.,145.,10.));
#8468 = LINE('',#8469,#8470);
#8469 = CARTESIAN_POINT('',(-38.,135.,10.));
#8470 = VECTOR('',#8471,1.);
#8471 = DIRECTION('',(0.,-1.,0.));
#8472 = ORIENTED_EDGE('',*,*,#8473,.F.);
#8473 = EDGE_CURVE('',#8474,#8466,#8476,.T.);
#8474 = VERTEX_POINT('',#8475);
#8475 = CARTESIAN_POINT('',(-36.,147.,10.));
#8476 = CIRCLE('',#8477,2.);
#8477 = AXIS2_PLACEMENT_3D('',#8478,#8479,#8480);
#8478 = CARTESIAN_POINT('',(-36.,145.,10.));
#8479 = DIRECTION('',(0.,0.,1.));
#8480 = DIRECTION('',(-1.,0.,0.));
#8481 = ORIENTED_EDGE('',*,*,#8482,.T.);
#8482 = EDGE_CURVE('',#8474,#8483,#8485,.T.);
#8483 = VERTEX_POINT('',#8484);
#8484 = CARTESIAN_POINT('',(-26.,147.,10.));
#8485 = LINE('',#8486,#8487);
#8486 = CARTESIAN_POINT('',(-63.5,147.,10.));
#8487 = VECTOR('',#8488,1.);
#8488 = DIRECTION('',(1.,0.,0.));
#8489 = ORIENTED_EDGE('',*,*,#8490,.F.);
#8490 = EDGE_CURVE('',#8355,#8483,#8491,.T.);
#8491 = CIRCLE('',#8492,2.);
#8492 = AXIS2_PLACEMENT_3D('',#8493,#8494,#8495);
#8493 = CARTESIAN_POINT('',(-26.,145.,10.));
#8494 = DIRECTION('',(0.,0.,1.));
#8495 = DIRECTION('',(1.,0.,0.));
#8496 = ORIENTED_EDGE('',*,*,#8354,.T.);
#8497 = ORIENTED_EDGE('',*,*,#8332,.T.);
#8498 = ORIENTED_EDGE('',*,*,#8301,.F.);
#8499 = ORIENTED_EDGE('',*,*,#8385,.F.);
#8500 = ORIENTED_EDGE('',*,*,#8501,.T.);
#8501 = EDGE_CURVE('',#8386,#8502,#8504,.T.);
#8502 = VERTEX_POINT('',#8503);
#8503 = CARTESIAN_POINT('',(36.,147.,10.));
#8504 = LINE('',#8505,#8506);
#8505 = CARTESIAN_POINT('',(-32.5,147.,10.));
#8506 = VECTOR('',#8507,1.);
#8507 = DIRECTION('',(1.,0.,0.));
#8508 = ORIENTED_EDGE('',*,*,#8509,.F.);
#8509 = EDGE_CURVE('',#8510,#8502,#8512,.T.);
#8510 = VERTEX_POINT('',#8511);
#8511 = CARTESIAN_POINT('',(38.,145.,10.));
#8512 = CIRCLE('',#8513,2.);
#8513 = AXIS2_PLACEMENT_3D('',#8514,#8515,#8516);
#8514 = CARTESIAN_POINT('',(36.,145.,10.));
#8515 = DIRECTION('',(0.,0.,1.));
#8516 = DIRECTION('',(1.,0.,0.));
#8517 = ORIENTED_EDGE('',*,*,#8518,.T.);
#8518 = EDGE_CURVE('',#8510,#8519,#8521,.T.);
#8519 = VERTEX_POINT('',#8520);
#8520 = CARTESIAN_POINT('',(38.,137.,10.));
#8521 = LINE('',#8522,#8523);
#8522 = CARTESIAN_POINT('',(38.,135.,10.));
#8523 = VECTOR('',#8524,1.);
#8524 = DIRECTION('',(0.,-1.,0.));
#8525 = ORIENTED_EDGE('',*,*,#8526,.T.);
#8526 = EDGE_CURVE('',#8519,#8527,#8529,.T.);
#8527 = VERTEX_POINT('',#8528);
#8528 = CARTESIAN_POINT('',(87.,137.,10.));
#8529 = LINE('',#8530,#8531);
#8530 = CARTESIAN_POINT('',(-89.,137.,10.));
#8531 = VECTOR('',#8532,1.);
#8532 = DIRECTION('',(1.,0.,0.));
#8533 = ORIENTED_EDGE('',*,*,#8534,.T.);
#8534 = EDGE_CURVE('',#8527,#8535,#8537,.T.);
#8535 = VERTEX_POINT('',#8536);
#8536 = CARTESIAN_POINT('',(87.,145.,10.));
#8537 = LINE('',#8538,#8539);
#8538 = CARTESIAN_POINT('',(87.,135.,10.));
#8539 = VECTOR('',#8540,1.);
#8540 = DIRECTION('',(0.,1.,0.));
#8541 = ORIENTED_EDGE('',*,*,#8542,.T.);
#8542 = EDGE_CURVE('',#8535,#8543,#8545,.T.);
#8543 = VERTEX_POINT('',#8544);
#8544 = CARTESIAN_POINT('',(82.,145.,10.));
#8545 = LINE('',#8546,#8547);
#8546 = CARTESIAN_POINT('',(-4.,145.,10.));
#8547 = VECTOR('',#8548,1.);
#8548 = DIRECTION('',(-1.,0.,0.));
#8549 = ORIENTED_EDGE('',*,*,#8550,.F.);
#8550 = EDGE_CURVE('',#8551,#8543,#8553,.T.);
#8551 = VERTEX_POINT('',#8552);
#8552 = CARTESIAN_POINT('',(81.,146.,10.));
#8553 = CIRCLE('',#8554,1.);
#8554 = AXIS2_PLACEMENT_3D('',#8555,#8556,#8557);
#8555 = CARTESIAN_POINT('',(82.,146.,10.));
#8556 = DIRECTION('',(0.,0.,1.));
#8557 = DIRECTION('',(-1.,0.,0.));
#8558 = ORIENTED_EDGE('',*,*,#8559,.T.);
#8559 = EDGE_CURVE('',#8551,#8560,#8562,.T.);
#8560 = VERTEX_POINT('',#8561);
#8561 = CARTESIAN_POINT('',(81.,299.,10.));
#8562 = LINE('',#8563,#8564);
#8563 = CARTESIAN_POINT('',(81.,140.,10.));
#8564 = VECTOR('',#8565,1.);
#8565 = DIRECTION('',(0.,1.,0.));
#8566 = ORIENTED_EDGE('',*,*,#8567,.T.);
#8567 = EDGE_CURVE('',#8560,#8568,#8570,.T.);
#8568 = VERTEX_POINT('',#8569);
#8569 = CARTESIAN_POINT('',(-81.,299.,10.));
#8570 = LINE('',#8571,#8572);
#8571 = CARTESIAN_POINT('',(-89.,299.,10.));
#8572 = VECTOR('',#8573,1.);
#8573 = DIRECTION('',(-1.,0.,0.));
#8574 = ORIENTED_EDGE('',*,*,#8575,.F.);
#8575 = EDGE_CURVE('',#8576,#8568,#8578,.T.);
#8576 = VERTEX_POINT('',#8577);
#8577 = CARTESIAN_POINT('',(-81.,146.,10.));
#8578 = LINE('',#8579,#8580);
#8579 = CARTESIAN_POINT('',(-81.,140.,10.));
#8580 = VECTOR('',#8581,1.);
#8581 = DIRECTION('',(0.,1.,0.));
#8582 = ORIENTED_EDGE('',*,*,#8583,.F.);
#8583 = EDGE_CURVE('',#8584,#8576,#8586,.T.);
#8584 = VERTEX_POINT('',#8585);
#8585 = CARTESIAN_POINT('',(-82.,145.,10.));
#8586 = CIRCLE('',#8587,1.);
#8587 = AXIS2_PLACEMENT_3D('',#8588,#8589,#8590);
#8588 = CARTESIAN_POINT('',(-82.,146.,10.));
#8589 = DIRECTION('',(0.,0.,1.));
#8590 = DIRECTION('',(1.,0.,0.));
#8591 = ORIENTED_EDGE('',*,*,#8592,.T.);
#8592 = EDGE_CURVE('',#8584,#8450,#8593,.T.);
#8593 = LINE('',#8594,#8595);
#8594 = CARTESIAN_POINT('',(-89.,145.,10.));
#8595 = VECTOR('',#8596,1.);
#8596 = DIRECTION('',(-1.,0.,0.));
#8597 = PLANE('',#8598);
#8598 = AXIS2_PLACEMENT_3D('',#8599,#8600,#8601);
#8599 = CARTESIAN_POINT('',(-89.,135.,10.));
#8600 = DIRECTION('',(0.,0.,1.));
#8601 = DIRECTION('',(1.,0.,0.));
#8602 = ADVANCED_FACE('',(#8603),#8614,.T.);
#8603 = FACE_BOUND('',#8604,.T.);
#8604 = EDGE_LOOP('',(#8605,#8606,#8607,#8613));
#8605 = ORIENTED_EDGE('',*,*,#8362,.F.);
#8606 = ORIENTED_EDGE('',*,*,#8490,.T.);
#8607 = ORIENTED_EDGE('',*,*,#8608,.T.);
#8608 = EDGE_CURVE('',#8483,#8418,#8609,.T.);
#8609 = LINE('',#8610,#8611);
#8610 = CARTESIAN_POINT('',(-26.,147.,6.));
#8611 = VECTOR('',#8612,1.);
#8612 = DIRECTION('',(0.,0.,1.));
#8613 = ORIENTED_EDGE('',*,*,#8417,.F.);
#8614 = CYLINDRICAL_SURFACE('',#8615,2.);
#8615 = AXIS2_PLACEMENT_3D('',#8616,#8617,#8618);
#8616 = CARTESIAN_POINT('',(-26.,145.,6.));
#8617 = DIRECTION('',(0.,0.,1.));
#8618 = DIRECTION('',(1.,0.,0.));
#8619 = ADVANCED_FACE('',(#8620),#8647,.T.);
#8620 = FACE_BOUND('',#8621,.F.);
#8621 = EDGE_LOOP('',(#8622,#8631,#8632,#8641));
#8622 = ORIENTED_EDGE('',*,*,#8623,.F.);
#8623 = EDGE_CURVE('',#8448,#8624,#8626,.T.);
#8624 = VERTEX_POINT('',#8625);
#8625 = CARTESIAN_POINT('',(-87.,135.,8.));
#8626 = CIRCLE('',#8627,2.);
#8627 = AXIS2_PLACEMENT_3D('',#8628,#8629,#8630);
#8628 = CARTESIAN_POINT('',(-87.,137.,8.));
#8629 = DIRECTION('',(1.,-6.123233995737E-17,0.));
#8630 = DIRECTION('',(-6.123233995737E-17,-1.,0.));
#8631 = ORIENTED_EDGE('',*,*,#8457,.T.);
#8632 = ORIENTED_EDGE('',*,*,#8633,.T.);
#8633 = EDGE_CURVE('',#8458,#8634,#8636,.T.);
#8634 = VERTEX_POINT('',#8635);
#8635 = CARTESIAN_POINT('',(-36.,135.,8.));
#8636 = ELLIPSE('',#8637,2.828427124746,2.);
#8637 = AXIS2_PLACEMENT_3D('',#8638,#8639,#8640);
#8638 = CARTESIAN_POINT('',(-36.,137.,8.));
#8639 = DIRECTION('',(0.707106781187,0.,0.707106781187));
#8640 = DIRECTION('',(-0.707106781187,0.,0.707106781187));
#8641 = ORIENTED_EDGE('',*,*,#8642,.F.);
#8642 = EDGE_CURVE('',#8624,#8634,#8643,.T.);
#8643 = LINE('',#8644,#8645);
#8644 = CARTESIAN_POINT('',(-89.,135.,8.));
#8645 = VECTOR('',#8646,1.);
#8646 = DIRECTION('',(1.,0.,0.));
#8647 = CYLINDRICAL_SURFACE('',#8648,2.);
#8648 = AXIS2_PLACEMENT_3D('',#8649,#8650,#8651);
#8649 = CARTESIAN_POINT('',(-89.,137.,8.));
#8650 = DIRECTION('',(1.,0.,0.));
#8651 = DIRECTION('',(0.,-1.,0.));
#8652 = ADVANCED_FACE('',(#8653),#8680,.T.);
#8653 = FACE_BOUND('',#8654,.F.);
#8654 = EDGE_LOOP('',(#8655,#8664,#8665,#8674));
#8655 = ORIENTED_EDGE('',*,*,#8656,.T.);
#8656 = EDGE_CURVE('',#8657,#8519,#8659,.T.);
#8657 = VERTEX_POINT('',#8658);
#8658 = CARTESIAN_POINT('',(36.,135.,8.));
#8659 = ELLIPSE('',#8660,2.828427124746,2.);
#8660 = AXIS2_PLACEMENT_3D('',#8661,#8662,#8663);
#8661 = CARTESIAN_POINT('',(36.,137.,8.));
#8662 = DIRECTION('',(-0.707106781187,0.,0.707106781187));
#8663 = DIRECTION('',(0.707106781187,0.,0.707106781187));
#8664 = ORIENTED_EDGE('',*,*,#8526,.T.);
#8665 = ORIENTED_EDGE('',*,*,#8666,.T.);
#8666 = EDGE_CURVE('',#8527,#8667,#8669,.T.);
#8667 = VERTEX_POINT('',#8668);
#8668 = CARTESIAN_POINT('',(87.,135.,8.));
#8669 = CIRCLE('',#8670,2.);
#8670 = AXIS2_PLACEMENT_3D('',#8671,#8672,#8673);
#8671 = CARTESIAN_POINT('',(87.,137.,8.));
#8672 = DIRECTION('',(1.,6.123233995737E-17,0.));
#8673 = DIRECTION('',(6.123233995737E-17,-1.,0.));
#8674 = ORIENTED_EDGE('',*,*,#8675,.F.);
#8675 = EDGE_CURVE('',#8657,#8667,#8676,.T.);
#8676 = LINE('',#8677,#8678);
#8677 = CARTESIAN_POINT('',(-89.,135.,8.));
#8678 = VECTOR('',#8679,1.);
#8679 = DIRECTION('',(1.,0.,0.));
#8680 = CYLINDRICAL_SURFACE('',#8681,2.);
#8681 = AXIS2_PLACEMENT_3D('',#8682,#8683,#8684);
#8682 = CARTESIAN_POINT('',(-89.,137.,8.));
#8683 = DIRECTION('',(1.,0.,0.));
#8684 = DIRECTION('',(0.,-1.,0.));
#8685 = ADVANCED_FACE('',(#8686),#8797,.T.);
#8686 = FACE_BOUND('',#8687,.T.);
#8687 = EDGE_LOOP('',(#8688,#8697,#8698,#8707,#8791));
#8688 = ORIENTED_EDGE('',*,*,#8689,.F.);
#8689 = EDGE_CURVE('',#8448,#8690,#8692,.T.);
#8690 = VERTEX_POINT('',#8691);
#8691 = CARTESIAN_POINT('',(-89.,137.,8.));
#8692 = CIRCLE('',#8693,2.);
#8693 = AXIS2_PLACEMENT_3D('',#8694,#8695,#8696);
#8694 = CARTESIAN_POINT('',(-87.,137.,8.));
#8695 = DIRECTION('',(0.,-1.,0.));
#8696 = DIRECTION('',(-1.,0.,0.));
#8697 = ORIENTED_EDGE('',*,*,#8447,.T.);
#8698 = ORIENTED_EDGE('',*,*,#8699,.F.);
#8699 = EDGE_CURVE('',#8700,#8450,#8702,.T.);
#8700 = VERTEX_POINT('',#8701);
#8701 = CARTESIAN_POINT('',(-88.,145.,9.732050807569));
#8702 = CIRCLE('',#8703,2.);
#8703 = AXIS2_PLACEMENT_3D('',#8704,#8705,#8706);
#8704 = CARTESIAN_POINT('',(-87.,145.,8.));
#8705 = DIRECTION('',(0.,1.,-0.));
#8706 = DIRECTION('',(-1.,0.,0.));
#8707 = ORIENTED_EDGE('',*,*,#8708,.F.);
#8708 = EDGE_CURVE('',#8709,#8700,#8711,.T.);
#8709 = VERTEX_POINT('',#8710);
#8710 = CARTESIAN_POINT('',(-89.,146.,8.));
#8711 = B_SPLINE_CURVE_WITH_KNOTS('',8,(#8712,#8713,#8714,#8715,#8716,
    #8717,#8718,#8719,#8720,#8721,#8722,#8723,#8724,#8725,#8726,#8727,
    #8728,#8729,#8730,#8731,#8732,#8733,#8734,#8735,#8736,#8737,#8738,
    #8739,#8740,#8741,#8742,#8743,#8744,#8745,#8746,#8747,#8748,#8749,
    #8750,#8751,#8752,#8753,#8754,#8755,#8756,#8757,#8758,#8759,#8760,
    #8761,#8762,#8763,#8764,#8765,#8766,#8767,#8768,#8769,#8770,#8771,
    #8772,#8773,#8774,#8775,#8776,#8777,#8778,#8779,#8780,#8781,#8782,
    #8783,#8784,#8785,#8786,#8787,#8788,#8789,#8790),.UNSPECIFIED.,.F.,
  .F.,(9,7,7,7,7,7,7,7,7,7,7,9),(0.,8.940666493183E-04,
    1.788132846879E-03,2.682198140977E-03,3.576262079768E-03,
    4.470324211452E-03,5.364384084434E-03,5.857657365635E-03,
    6.751712839103E-03,7.6457649011E-03,0.778567628813,1.),
  .UNSPECIFIED.);
#8712 = CARTESIAN_POINT('',(-89.,146.,8.));
#8713 = CARTESIAN_POINT('',(-89.,145.99984980884,8.000212402376));
#8714 = CARTESIAN_POINT('',(-88.99999997422,145.99969961768,
    8.000424804751));
#8715 = CARTESIAN_POINT('',(-88.99999992266,145.99954942652,
    8.000637207125));
#8716 = CARTESIAN_POINT('',(-88.99999984532,145.99939923537,
    8.000849609497));
#8717 = CARTESIAN_POINT('',(-88.9999997422,145.99924904422,
    8.001062011866));
#8718 = CARTESIAN_POINT('',(-88.9999996133,145.99909885309,
    8.001274414231));
#8719 = CARTESIAN_POINT('',(-88.99999945862,145.99894866197,
    8.00148681659));
#8720 = CARTESIAN_POINT('',(-88.9999990977,145.99864827984,
    8.001911621187));
#8721 = CARTESIAN_POINT('',(-88.99999889146,145.99849808883,
    8.002124023426));
#8722 = CARTESIAN_POINT('',(-88.99999865944,145.99834789784,
    8.002336425657));
#8723 = CARTESIAN_POINT('',(-88.99999840164,145.99819770687,
    8.002548827879));
#8724 = CARTESIAN_POINT('',(-88.99999811807,145.99804751592,
    8.002761230091));
#8725 = CARTESIAN_POINT('',(-88.99999780871,145.997897325,8.002973632292
    ));
#8726 = CARTESIAN_POINT('',(-88.99999747357,145.99774713411,
    8.003186034481));
#8727 = CARTESIAN_POINT('',(-88.99999675173,145.99744675255,
    8.003610838619));
#8728 = CARTESIAN_POINT('',(-88.99999636503,145.99729656188,
    8.003823240567));
#8729 = CARTESIAN_POINT('',(-88.99999595256,145.99714637124,
    8.004035642501));
#8730 = CARTESIAN_POINT('',(-88.9999955143,145.99699618064,8.00424804442
    ));
#8731 = CARTESIAN_POINT('',(-88.99999505026,145.99684599009,
    8.004460446322));
#8732 = CARTESIAN_POINT('',(-88.99999456045,145.99669579957,
    8.004672848207));
#8733 = CARTESIAN_POINT('',(-88.99999404485,145.9965456091,
    8.004885250073));
#8734 = CARTESIAN_POINT('',(-88.99999296209,145.99624522849,
    8.005310053444));
#8735 = CARTESIAN_POINT('',(-88.99999239494,145.99609503835,
    8.005522454949));
#8736 = CARTESIAN_POINT('',(-88.999991802,145.99594484825,8.005734856433
    ));
#8737 = CARTESIAN_POINT('',(-88.99999118329,145.99579465822,
    8.005947257895));
#8738 = CARTESIAN_POINT('',(-88.99999053879,145.99564446823,
    8.006159659334));
#8739 = CARTESIAN_POINT('',(-88.99998986852,145.99549427831,
    8.006372060749));
#8740 = CARTESIAN_POINT('',(-88.99998917246,145.99534408845,
    8.006584462139));
#8741 = CARTESIAN_POINT('',(-88.99998772879,145.99504370917,
    8.007009264437));
#8742 = CARTESIAN_POINT('',(-88.99998698118,145.99489351974,
    8.007221665345));
#8743 = CARTESIAN_POINT('',(-88.99998620778,145.99474333039,
    8.007434066225));
#8744 = CARTESIAN_POINT('',(-88.99998540861,145.9945931411,
    8.007646467077));
#8745 = CARTESIAN_POINT('',(-88.99998458365,145.99444295189,8.0078588679
    ));
#8746 = CARTESIAN_POINT('',(-88.99998373292,145.99429276275,
    8.008071268692));
#8747 = CARTESIAN_POINT('',(-88.99998285641,145.99414257369,
    8.008283669452));
#8748 = CARTESIAN_POINT('',(-88.99998105182,145.99384219611,
    8.00870847037));
#8749 = CARTESIAN_POINT('',(-88.99998012375,145.99369200759,
    8.008920870528));
#8750 = CARTESIAN_POINT('',(-88.9999791699,145.99354181916,
    8.009133270651));
#8751 = CARTESIAN_POINT('',(-88.99997819027,145.99339163081,
    8.00934567074));
#8752 = CARTESIAN_POINT('',(-88.99997718485,145.99324144256,
    8.009558070793));
#8753 = CARTESIAN_POINT('',(-88.99997615366,145.99309125439,
    8.009770470808));
#8754 = CARTESIAN_POINT('',(-88.99997509669,145.99294106632,
    8.009982870785));
#8755 = CARTESIAN_POINT('',(-88.99997341656,145.99270801621,
    8.010312456627));
#8756 = CARTESIAN_POINT('',(-88.99997281134,145.9926251541,
    8.010429642518));
#8757 = CARTESIAN_POINT('',(-88.99997219826,145.99254229202,
    8.010546828398));
#8758 = CARTESIAN_POINT('',(-88.99997157734,145.99245942997,
    8.010664014265));
#8759 = CARTESIAN_POINT('',(-88.99997094857,145.99237656795,
    8.01078120012));
#8760 = CARTESIAN_POINT('',(-88.99997031196,145.99229370597,
    8.010898385961));
#8761 = CARTESIAN_POINT('',(-88.99996966749,145.99221084401,
    8.01101557179));
#8762 = CARTESIAN_POINT('',(-88.99996783287,145.99197779525,
    8.011345156339));
#8763 = CARTESIAN_POINT('',(-88.99996662478,145.99182760852,
    8.01155755503));
#8764 = CARTESIAN_POINT('',(-88.99996539091,145.99167742189,
    8.011769953676));
#8765 = CARTESIAN_POINT('',(-88.99996413126,145.99152723538,
    8.011982352276));
#8766 = CARTESIAN_POINT('',(-88.99996284583,145.99137704898,
    8.012194750831));
#8767 = CARTESIAN_POINT('',(-88.99996153462,145.9912268627,
    8.012407149338));
#8768 = CARTESIAN_POINT('',(-88.99996019763,145.99107667654,
    8.012619547796));
#8769 = CARTESIAN_POINT('',(-88.9999574721,145.99077630504,
    8.013044343804));
#8770 = CARTESIAN_POINT('',(-88.99995608355,145.9906261197,
    8.013256741352));
#8771 = CARTESIAN_POINT('',(-88.99995466923,145.99047593449,
    8.013469138851));
#8772 = CARTESIAN_POINT('',(-88.99995322912,145.9903257494,
    8.013681536297));
#8773 = CARTESIAN_POINT('',(-88.99995176323,145.99017556444,
    8.01389393369));
#8774 = CARTESIAN_POINT('',(-88.99995027157,145.99002537962,
    8.014106331029));
#8775 = CARTESIAN_POINT('',(-88.99994875412,145.98987519494,
    8.014318728314));
#8776 = CARTESIAN_POINT('',(-88.9986165202,145.86022410562,
    8.197676687069));
#8777 = CARTESIAN_POINT('',(-88.97813506372,145.73242284025,
    8.378524399583));
#8778 = CARTESIAN_POINT('',(-88.93927500316,145.60657479666,
    8.558455816557));
#8779 = CARTESIAN_POINT('',(-88.88100881764,145.48353017191,
    8.737902617372));
#8780 = CARTESIAN_POINT('',(-88.80145787537,145.36527333462,
    8.916186037087));
#8781 = CARTESIAN_POINT('',(-88.69830527402,145.25557968052,
    9.09121602275));
#8782 = CARTESIAN_POINT('',(-88.56937797624,145.16053690049,
    9.258939436707));
#8783 = CARTESIAN_POINT('',(-88.37028986796,145.06980171734,
    9.458168541268));
#8784 = CARTESIAN_POINT('',(-88.3235451409,145.05149109681,
    9.501753370579));
#8785 = CARTESIAN_POINT('',(-88.27454579123,145.03542729766,
    9.544218996662));
#8786 = CARTESIAN_POINT('',(-88.2233844071,145.02192460431,
    9.585329987888));
#8787 = CARTESIAN_POINT('',(-88.1701810544,145.01130146592,
    9.624864714159));
#8788 = CARTESIAN_POINT('',(-88.11508590126,145.00388225936,
    9.66261730695));
#8789 = CARTESIAN_POINT('',(-88.0582836819,145.,9.698400708131));
#8790 = CARTESIAN_POINT('',(-88.,145.,9.732050807569));
#8791 = ORIENTED_EDGE('',*,*,#8792,.F.);
#8792 = EDGE_CURVE('',#8690,#8709,#8793,.T.);
#8793 = LINE('',#8794,#8795);
#8794 = CARTESIAN_POINT('',(-89.,135.,8.));
#8795 = VECTOR('',#8796,1.);
#8796 = DIRECTION('',(0.,1.,0.));
#8797 = CYLINDRICAL_SURFACE('',#8798,2.);
#8798 = AXIS2_PLACEMENT_3D('',#8799,#8800,#8801);
#8799 = CARTESIAN_POINT('',(-87.,135.,8.));
#8800 = DIRECTION('',(0.,1.,0.));
#8801 = DIRECTION('',(-1.,0.,0.));
#8802 = ADVANCED_FACE('',(#8803),#8829,.F.);
#8803 = FACE_BOUND('',#8804,.F.);
#8804 = EDGE_LOOP('',(#8805,#8806,#8814,#8822,#8828));
#8805 = ORIENTED_EDGE('',*,*,#8699,.F.);
#8806 = ORIENTED_EDGE('',*,*,#8807,.T.);
#8807 = EDGE_CURVE('',#8700,#8808,#8810,.T.);
#8808 = VERTEX_POINT('',#8809);
#8809 = CARTESIAN_POINT('',(-88.,145.,67.4));
#8810 = LINE('',#8811,#8812);
#8811 = CARTESIAN_POINT('',(-88.,145.,6.));
#8812 = VECTOR('',#8813,1.);
#8813 = DIRECTION('',(0.,0.,1.));
#8814 = ORIENTED_EDGE('',*,*,#8815,.T.);
#8815 = EDGE_CURVE('',#8808,#8816,#8818,.T.);
#8816 = VERTEX_POINT('',#8817);
#8817 = CARTESIAN_POINT('',(-82.,145.,67.4));
#8818 = LINE('',#8819,#8820);
#8819 = CARTESIAN_POINT('',(-89.,145.,67.4));
#8820 = VECTOR('',#8821,1.);
#8821 = DIRECTION('',(1.,0.,0.));
#8822 = ORIENTED_EDGE('',*,*,#8823,.F.);
#8823 = EDGE_CURVE('',#8584,#8816,#8824,.T.);
#8824 = LINE('',#8825,#8826);
#8825 = CARTESIAN_POINT('',(-82.,145.,6.));
#8826 = VECTOR('',#8827,1.);
#8827 = DIRECTION('',(0.,0.,1.));
#8828 = ORIENTED_EDGE('',*,*,#8592,.T.);
#8829 = PLANE('',#8830);
#8830 = AXIS2_PLACEMENT_3D('',#8831,#8832,#8833);
#8831 = CARTESIAN_POINT('',(-89.,145.,6.));
#8832 = DIRECTION('',(0.,1.,0.));
#8833 = DIRECTION('',(0.,0.,1.));
#8834 = ADVANCED_FACE('',(#8835),#8854,.T.);
#8835 = FACE_BOUND('',#8836,.F.);
#8836 = EDGE_LOOP('',(#8837,#8845,#8846,#8847));
#8837 = ORIENTED_EDGE('',*,*,#8838,.F.);
#8838 = EDGE_CURVE('',#8576,#8839,#8841,.T.);
#8839 = VERTEX_POINT('',#8840);
#8840 = CARTESIAN_POINT('',(-81.,146.,67.4));
#8841 = LINE('',#8842,#8843);
#8842 = CARTESIAN_POINT('',(-81.,146.,6.));
#8843 = VECTOR('',#8844,1.);
#8844 = DIRECTION('',(0.,0.,1.));
#8845 = ORIENTED_EDGE('',*,*,#8583,.F.);
#8846 = ORIENTED_EDGE('',*,*,#8823,.T.);
#8847 = ORIENTED_EDGE('',*,*,#8848,.F.);
#8848 = EDGE_CURVE('',#8839,#8816,#8849,.T.);
#8849 = CIRCLE('',#8850,1.);
#8850 = AXIS2_PLACEMENT_3D('',#8851,#8852,#8853);
#8851 = CARTESIAN_POINT('',(-82.,146.,67.4));
#8852 = DIRECTION('',(0.,0.,-1.));
#8853 = DIRECTION('',(1.,0.,0.));
#8854 = CYLINDRICAL_SURFACE('',#8855,1.);
#8855 = AXIS2_PLACEMENT_3D('',#8856,#8857,#8858);
#8856 = CARTESIAN_POINT('',(-82.,146.,6.));
#8857 = DIRECTION('',(0.,0.,1.));
#8858 = DIRECTION('',(1.,0.,0.));
#8859 = ADVANCED_FACE('',(#8860),#8885,.F.);
#8860 = FACE_BOUND('',#8861,.F.);
#8861 = EDGE_LOOP('',(#8862,#8870,#8871,#8879));
#8862 = ORIENTED_EDGE('',*,*,#8863,.T.);
#8863 = EDGE_CURVE('',#8864,#8560,#8866,.T.);
#8864 = VERTEX_POINT('',#8865);
#8865 = CARTESIAN_POINT('',(81.,299.,25.));
#8866 = LINE('',#8867,#8868);
#8867 = CARTESIAN_POINT('',(81.,299.,6.));
#8868 = VECTOR('',#8869,1.);
#8869 = DIRECTION('',(0.,0.,-1.));
#8870 = ORIENTED_EDGE('',*,*,#8567,.T.);
#8871 = ORIENTED_EDGE('',*,*,#8872,.F.);
#8872 = EDGE_CURVE('',#8873,#8568,#8875,.T.);
#8873 = VERTEX_POINT('',#8874);
#8874 = CARTESIAN_POINT('',(-81.,299.,25.));
#8875 = LINE('',#8876,#8877);
#8876 = CARTESIAN_POINT('',(-81.,299.,6.));
#8877 = VECTOR('',#8878,1.);
#8878 = DIRECTION('',(0.,0.,-1.));
#8879 = ORIENTED_EDGE('',*,*,#8880,.T.);
#8880 = EDGE_CURVE('',#8873,#8864,#8881,.T.);
#8881 = LINE('',#8882,#8883);
#8882 = CARTESIAN_POINT('',(-89.,299.,25.));
#8883 = VECTOR('',#8884,1.);
#8884 = DIRECTION('',(1.,0.,0.));
#8885 = PLANE('',#8886);
#8886 = AXIS2_PLACEMENT_3D('',#8887,#8888,#8889);
#8887 = CARTESIAN_POINT('',(-89.,299.,6.));
#8888 = DIRECTION('',(0.,1.,0.));
#8889 = DIRECTION('',(0.,0.,1.));
#8890 = ADVANCED_FACE('',(#8891),#8907,.T.);
#8891 = FACE_BOUND('',#8892,.T.);
#8892 = EDGE_LOOP('',(#8893,#8899,#8900,#8906));
#8893 = ORIENTED_EDGE('',*,*,#8894,.F.);
#8894 = EDGE_CURVE('',#8551,#7377,#8895,.T.);
#8895 = LINE('',#8896,#8897);
#8896 = CARTESIAN_POINT('',(81.,146.,6.));
#8897 = VECTOR('',#8898,1.);
#8898 = DIRECTION('',(0.,0.,1.));
#8899 = ORIENTED_EDGE('',*,*,#8550,.T.);
#8900 = ORIENTED_EDGE('',*,*,#8901,.T.);
#8901 = EDGE_CURVE('',#8543,#7416,#8902,.T.);
#8902 = LINE('',#8903,#8904);
#8903 = CARTESIAN_POINT('',(82.,145.,6.));
#8904 = VECTOR('',#8905,1.);
#8905 = DIRECTION('',(0.,0.,1.));
#8906 = ORIENTED_EDGE('',*,*,#7424,.F.);
#8907 = CYLINDRICAL_SURFACE('',#8908,1.);
#8908 = AXIS2_PLACEMENT_3D('',#8909,#8910,#8911);
#8909 = CARTESIAN_POINT('',(82.,146.,6.));
#8910 = DIRECTION('',(0.,0.,1.));
#8911 = DIRECTION('',(-1.,0.,0.));
#8912 = ADVANCED_FACE('',(#8913),#8940,.F.);
#8913 = FACE_BOUND('',#8914,.F.);
#8914 = EDGE_LOOP('',(#8915,#8916,#8917,#8925,#8933));
#8915 = ORIENTED_EDGE('',*,*,#8542,.T.);
#8916 = ORIENTED_EDGE('',*,*,#8901,.T.);
#8917 = ORIENTED_EDGE('',*,*,#8918,.T.);
#8918 = EDGE_CURVE('',#7416,#8919,#8921,.T.);
#8919 = VERTEX_POINT('',#8920);
#8920 = CARTESIAN_POINT('',(88.,145.,67.4));
#8921 = LINE('',#8922,#8923);
#8922 = CARTESIAN_POINT('',(81.,145.,67.4));
#8923 = VECTOR('',#8924,1.);
#8924 = DIRECTION('',(1.,0.,0.));
#8925 = ORIENTED_EDGE('',*,*,#8926,.F.);
#8926 = EDGE_CURVE('',#8927,#8919,#8929,.T.);
#8927 = VERTEX_POINT('',#8928);
#8928 = CARTESIAN_POINT('',(88.,145.,9.732050807569));
#8929 = LINE('',#8930,#8931);
#8930 = CARTESIAN_POINT('',(88.,145.,6.));
#8931 = VECTOR('',#8932,1.);
#8932 = DIRECTION('',(0.,0.,1.));
#8933 = ORIENTED_EDGE('',*,*,#8934,.F.);
#8934 = EDGE_CURVE('',#8535,#8927,#8935,.T.);
#8935 = CIRCLE('',#8936,2.);
#8936 = AXIS2_PLACEMENT_3D('',#8937,#8938,#8939);
#8937 = CARTESIAN_POINT('',(87.,145.,8.));
#8938 = DIRECTION('',(-0.,1.,0.));
#8939 = DIRECTION('',(1.,0.,0.));
#8940 = PLANE('',#8941);
#8941 = AXIS2_PLACEMENT_3D('',#8942,#8943,#8944);
#8942 = CARTESIAN_POINT('',(81.,145.,6.));
#8943 = DIRECTION('',(0.,1.,0.));
#8944 = DIRECTION('',(0.,0.,1.));
#8945 = ADVANCED_FACE('',(#8946),#9049,.T.);
#8946 = FACE_BOUND('',#8947,.F.);
#8947 = EDGE_LOOP('',(#8948,#8957,#8958,#8959,#9043));
#8948 = ORIENTED_EDGE('',*,*,#8949,.F.);
#8949 = EDGE_CURVE('',#8527,#8950,#8952,.T.);
#8950 = VERTEX_POINT('',#8951);
#8951 = CARTESIAN_POINT('',(89.,137.,8.));
#8952 = CIRCLE('',#8953,2.);
#8953 = AXIS2_PLACEMENT_3D('',#8954,#8955,#8956);
#8954 = CARTESIAN_POINT('',(87.,137.,8.));
#8955 = DIRECTION('',(-0.,1.,0.));
#8956 = DIRECTION('',(1.,0.,0.));
#8957 = ORIENTED_EDGE('',*,*,#8534,.T.);
#8958 = ORIENTED_EDGE('',*,*,#8934,.T.);
#8959 = ORIENTED_EDGE('',*,*,#8960,.F.);
#8960 = EDGE_CURVE('',#8961,#8927,#8963,.T.);
#8961 = VERTEX_POINT('',#8962);
#8962 = CARTESIAN_POINT('',(89.,146.,8.));
#8963 = B_SPLINE_CURVE_WITH_KNOTS('',8,(#8964,#8965,#8966,#8967,#8968,
    #8969,#8970,#8971,#8972,#8973,#8974,#8975,#8976,#8977,#8978,#8979,
    #8980,#8981,#8982,#8983,#8984,#8985,#8986,#8987,#8988,#8989,#8990,
    #8991,#8992,#8993,#8994,#8995,#8996,#8997,#8998,#8999,#9000,#9001,
    #9002,#9003,#9004,#9005,#9006,#9007,#9008,#9009,#9010,#9011,#9012,
    #9013,#9014,#9015,#9016,#9017,#9018,#9019,#9020,#9021,#9022,#9023,
    #9024,#9025,#9026,#9027,#9028,#9029,#9030,#9031,#9032,#9033,#9034,
    #9035,#9036,#9037,#9038,#9039,#9040,#9041,#9042),.UNSPECIFIED.,.F.,
  .F.,(9,7,7,7,7,7,7,7,7,7,7,9),(0.,8.940666493784E-04,1.788132847E-03,
    2.682198141157E-03,3.576262080024E-03,4.470324211782E-03,
    5.364384084845E-03,5.85765736609E-03,6.751712839638E-03,
    7.645764901715E-03,0.778567628824,1.),.UNSPECIFIED.);
#8964 = CARTESIAN_POINT('',(89.,146.,8.));
#8965 = CARTESIAN_POINT('',(89.,145.99984980884,8.000212402376));
#8966 = CARTESIAN_POINT('',(88.99999997422,145.99969961768,
    8.000424804751));
#8967 = CARTESIAN_POINT('',(88.99999992266,145.99954942652,
    8.000637207125));
#8968 = CARTESIAN_POINT('',(88.999999845321,145.99939923537,
    8.000849609497));
#8969 = CARTESIAN_POINT('',(88.999999742201,145.99924904422,
    8.001062011866));
#8970 = CARTESIAN_POINT('',(88.999999613302,145.99909885309,
    8.001274414231));
#8971 = CARTESIAN_POINT('',(88.999999458623,145.99894866197,
    8.00148681659));
#8972 = CARTESIAN_POINT('',(88.999999097705,145.99864827984,
    8.001911621187));
#8973 = CARTESIAN_POINT('',(88.999998891466,145.99849808883,
    8.002124023426));
#8974 = CARTESIAN_POINT('',(88.999998659447,145.99834789784,
    8.002336425657));
#8975 = CARTESIAN_POINT('',(88.999998401648,145.99819770687,
    8.002548827879));
#8976 = CARTESIAN_POINT('',(88.99999811807,145.99804751592,
    8.002761230091));
#8977 = CARTESIAN_POINT('',(88.999997808711,145.997897325,8.002973632292
    ));
#8978 = CARTESIAN_POINT('',(88.999997473573,145.99774713411,
    8.003186034481));
#8979 = CARTESIAN_POINT('',(88.999996751737,145.99744675255,
    8.003610838619));
#8980 = CARTESIAN_POINT('',(88.999996365039,145.99729656188,
    8.003823240567));
#8981 = CARTESIAN_POINT('',(88.999995952562,145.99714637124,
    8.004035642501));
#8982 = CARTESIAN_POINT('',(88.999995514305,145.99699618064,
    8.00424804442));
#8983 = CARTESIAN_POINT('',(88.999995050267,145.99684599009,
    8.004460446322));
#8984 = CARTESIAN_POINT('',(88.99999456045,145.99669579957,
    8.004672848207));
#8985 = CARTESIAN_POINT('',(88.999994044853,145.9965456091,
    8.004885250073));
#8986 = CARTESIAN_POINT('',(88.999992962099,145.99624522849,
    8.005310053444));
#8987 = CARTESIAN_POINT('',(88.999992394943,145.99609503835,
    8.005522454949));
#8988 = CARTESIAN_POINT('',(88.999991802007,145.99594484825,
    8.005734856433));
#8989 = CARTESIAN_POINT('',(88.999991183291,145.99579465822,
    8.005947257895));
#8990 = CARTESIAN_POINT('',(88.999990538795,145.99564446823,
    8.006159659334));
#8991 = CARTESIAN_POINT('',(88.99998986852,145.99549427831,
    8.006372060749));
#8992 = CARTESIAN_POINT('',(88.999989172464,145.99534408845,
    8.006584462139));
#8993 = CARTESIAN_POINT('',(88.999987728794,145.99504370917,
    8.007009264437));
#8994 = CARTESIAN_POINT('',(88.99998698118,145.99489351974,
    8.007221665345));
#8995 = CARTESIAN_POINT('',(88.999986207786,145.99474333039,
    8.007434066225));
#8996 = CARTESIAN_POINT('',(88.999985408612,145.9945931411,
    8.007646467077));
#8997 = CARTESIAN_POINT('',(88.999984583658,145.99444295189,8.0078588679
    ));
#8998 = CARTESIAN_POINT('',(88.999983732924,145.99429276275,
    8.008071268692));
#8999 = CARTESIAN_POINT('',(88.99998285641,145.99414257369,
    8.008283669452));
#9000 = CARTESIAN_POINT('',(88.999981051825,145.99384219611,
    8.00870847037));
#9001 = CARTESIAN_POINT('',(88.999980123753,145.99369200759,
    8.008920870528));
#9002 = CARTESIAN_POINT('',(88.999979169902,145.99354181916,
    8.009133270651));
#9003 = CARTESIAN_POINT('',(88.999978190271,145.99339163081,
    8.00934567074));
#9004 = CARTESIAN_POINT('',(88.999977184859,145.99324144256,
    8.009558070793));
#9005 = CARTESIAN_POINT('',(88.999976153668,145.99309125439,
    8.009770470808));
#9006 = CARTESIAN_POINT('',(88.999975096696,145.99294106632,
    8.009982870785));
#9007 = CARTESIAN_POINT('',(88.999973416566,145.99270801621,
    8.010312456627));
#9008 = CARTESIAN_POINT('',(88.99997281134,145.9926251541,8.010429642518
    ));
#9009 = CARTESIAN_POINT('',(88.999972198266,145.99254229202,
    8.010546828398));
#9010 = CARTESIAN_POINT('',(88.999971577345,145.99245942997,
    8.010664014265));
#9011 = CARTESIAN_POINT('',(88.999970948577,145.99237656795,
    8.01078120012));
#9012 = CARTESIAN_POINT('',(88.999970311961,145.99229370597,
    8.010898385961));
#9013 = CARTESIAN_POINT('',(88.999969667498,145.99221084401,
    8.01101557179));
#9014 = CARTESIAN_POINT('',(88.999967832877,145.99197779525,
    8.011345156339));
#9015 = CARTESIAN_POINT('',(88.999966624787,145.99182760852,
    8.01155755503));
#9016 = CARTESIAN_POINT('',(88.999965390917,145.99167742189,
    8.011769953676));
#9017 = CARTESIAN_POINT('',(88.999964131267,145.99152723538,
    8.011982352276));
#9018 = CARTESIAN_POINT('',(88.999962845837,145.99137704898,
    8.012194750831));
#9019 = CARTESIAN_POINT('',(88.999961534626,145.9912268627,
    8.012407149338));
#9020 = CARTESIAN_POINT('',(88.999960197636,145.99107667654,
    8.012619547796));
#9021 = CARTESIAN_POINT('',(88.9999574721,145.99077630504,8.013044343804
    ));
#9022 = CARTESIAN_POINT('',(88.999956083555,145.9906261197,
    8.013256741352));
#9023 = CARTESIAN_POINT('',(88.99995466923,145.99047593449,
    8.013469138851));
#9024 = CARTESIAN_POINT('',(88.999953229124,145.9903257494,
    8.013681536297));
#9025 = CARTESIAN_POINT('',(88.999951763239,145.99017556444,
    8.01389393369));
#9026 = CARTESIAN_POINT('',(88.999950271573,145.99002537962,
    8.014106331029));
#9027 = CARTESIAN_POINT('',(88.999948754127,145.98987519494,
    8.014318728314));
#9028 = CARTESIAN_POINT('',(88.998616520205,145.86022410563,
    8.197676687056));
#9029 = CARTESIAN_POINT('',(88.978135063723,145.73242284025,
    8.37852439959));
#9030 = CARTESIAN_POINT('',(88.939275003163,145.60657479665,
    8.558455816573));
#9031 = CARTESIAN_POINT('',(88.881008817637,145.48353017191,
    8.73790261737));
#9032 = CARTESIAN_POINT('',(88.801457875382,145.36527333463,
    8.916186037071));
#9033 = CARTESIAN_POINT('',(88.698305274035,145.25557968052,
    9.091216022747));
#9034 = CARTESIAN_POINT('',(88.569377976228,145.16053690049,
    9.258939436719));
#9035 = CARTESIAN_POINT('',(88.370289867972,145.06980171734,
    9.458168541262));
#9036 = CARTESIAN_POINT('',(88.32354514091,145.05149109681,
    9.501753370577));
#9037 = CARTESIAN_POINT('',(88.274545791233,145.03542729765,
    9.544218996665));
#9038 = CARTESIAN_POINT('',(88.223384407099,145.02192460431,
    9.585329987892));
#9039 = CARTESIAN_POINT('',(88.170181054403,145.01130146592,
    9.624864714161));
#9040 = CARTESIAN_POINT('',(88.115085901263,145.00388225936,
    9.662617306948));
#9041 = CARTESIAN_POINT('',(88.058283681912,145.,9.698400708127));
#9042 = CARTESIAN_POINT('',(88.,145.,9.732050807569));
#9043 = ORIENTED_EDGE('',*,*,#9044,.F.);
#9044 = EDGE_CURVE('',#8950,#8961,#9045,.T.);
#9045 = LINE('',#9046,#9047);
#9046 = CARTESIAN_POINT('',(89.,135.,8.));
#9047 = VECTOR('',#9048,1.);
#9048 = DIRECTION('',(0.,1.,0.));
#9049 = CYLINDRICAL_SURFACE('',#9050,2.);
#9050 = AXIS2_PLACEMENT_3D('',#9051,#9052,#9053);
#9051 = CARTESIAN_POINT('',(87.,135.,8.));
#9052 = DIRECTION('',(0.,1.,0.));
#9053 = DIRECTION('',(1.,0.,0.));
#9054 = ADVANCED_FACE('',(#9055),#9066,.T.);
#9055 = FACE_BOUND('',#9056,.F.);
#9056 = EDGE_LOOP('',(#9057,#9058,#9059));
#9057 = ORIENTED_EDGE('',*,*,#8689,.F.);
#9058 = ORIENTED_EDGE('',*,*,#8623,.T.);
#9059 = ORIENTED_EDGE('',*,*,#9060,.F.);
#9060 = EDGE_CURVE('',#8690,#8624,#9061,.T.);
#9061 = CIRCLE('',#9062,2.);
#9062 = AXIS2_PLACEMENT_3D('',#9063,#9064,#9065);
#9063 = CARTESIAN_POINT('',(-87.,137.,8.));
#9064 = DIRECTION('',(0.,0.,1.));
#9065 = DIRECTION('',(-1.,0.,0.));
#9066 = SPHERICAL_SURFACE('',#9067,2.);
#9067 = AXIS2_PLACEMENT_3D('',#9068,#9069,#9070);
#9068 = CARTESIAN_POINT('',(-87.,137.,8.));
#9069 = DIRECTION('',(-0.,-0.,-1.));
#9070 = DIRECTION('',(-1.,0.,0.));
#9071 = ADVANCED_FACE('',(#9072),#9088,.T.);
#9072 = FACE_BOUND('',#9073,.T.);
#9073 = EDGE_LOOP('',(#9074,#9080,#9081,#9087));
#9074 = ORIENTED_EDGE('',*,*,#9075,.F.);
#9075 = EDGE_CURVE('',#7482,#8690,#9076,.T.);
#9076 = LINE('',#9077,#9078);
#9077 = CARTESIAN_POINT('',(-89.,137.,0.));
#9078 = VECTOR('',#9079,1.);
#9079 = DIRECTION('',(0.,0.,1.));
#9080 = ORIENTED_EDGE('',*,*,#7491,.T.);
#9081 = ORIENTED_EDGE('',*,*,#9082,.T.);
#9082 = EDGE_CURVE('',#7442,#8624,#9083,.T.);
#9083 = LINE('',#9084,#9085);
#9084 = CARTESIAN_POINT('',(-87.,135.,0.));
#9085 = VECTOR('',#9086,1.);
#9086 = DIRECTION('',(0.,0.,1.));
#9087 = ORIENTED_EDGE('',*,*,#9060,.F.);
#9088 = CYLINDRICAL_SURFACE('',#9089,2.);
#9089 = AXIS2_PLACEMENT_3D('',#9090,#9091,#9092);
#9090 = CARTESIAN_POINT('',(-87.,137.,0.));
#9091 = DIRECTION('',(0.,0.,1.));
#9092 = DIRECTION('',(-1.,0.,0.));
#9093 = ADVANCED_FACE('',(#9094),#9119,.F.);
#9094 = FACE_BOUND('',#9095,.F.);
#9095 = EDGE_LOOP('',(#9096,#9104,#9105,#9113));
#9096 = ORIENTED_EDGE('',*,*,#9097,.F.);
#9097 = EDGE_CURVE('',#7440,#9098,#9100,.T.);
#9098 = VERTEX_POINT('',#9099);
#9099 = CARTESIAN_POINT('',(-87.,301.,0.));
#9100 = LINE('',#9101,#9102);
#9101 = CARTESIAN_POINT('',(-87.,135.,-4.440892098501E-16));
#9102 = VECTOR('',#9103,1.);
#9103 = DIRECTION('',(0.,1.,0.));
#9104 = ORIENTED_EDGE('',*,*,#7450,.T.);
#9105 = ORIENTED_EDGE('',*,*,#9106,.T.);
#9106 = EDGE_CURVE('',#7451,#9107,#9109,.T.);
#9107 = VERTEX_POINT('',#9108);
#9108 = CARTESIAN_POINT('',(87.,301.,0.));
#9109 = LINE('',#9110,#9111);
#9110 = CARTESIAN_POINT('',(87.,135.,-4.440892098501E-16));
#9111 = VECTOR('',#9112,1.);
#9112 = DIRECTION('',(0.,1.,0.));
#9113 = ORIENTED_EDGE('',*,*,#9114,.F.);
#9114 = EDGE_CURVE('',#9098,#9107,#9115,.T.);
#9115 = LINE('',#9116,#9117);
#9116 = CARTESIAN_POINT('',(-89.,301.,-4.440892098501E-16));
#9117 = VECTOR('',#9118,1.);
#9118 = DIRECTION('',(1.,0.,0.));
#9119 = PLANE('',#9120);
#9120 = AXIS2_PLACEMENT_3D('',#9121,#9122,#9123);
#9121 = CARTESIAN_POINT('',(-89.,135.,0.));
#9122 = DIRECTION('',(0.,0.,1.));
#9123 = DIRECTION('',(1.,0.,0.));
#9124 = ADVANCED_FACE('',(#9125),#9144,.T.);
#9125 = FACE_BOUND('',#9126,.F.);
#9126 = EDGE_LOOP('',(#9127,#9136,#9137));
#9127 = ORIENTED_EDGE('',*,*,#9128,.F.);
#9128 = EDGE_CURVE('',#7451,#9129,#9131,.T.);
#9129 = VERTEX_POINT('',#9130);
#9130 = CARTESIAN_POINT('',(89.,137.,2.));
#9131 = CIRCLE('',#9132,2.);
#9132 = AXIS2_PLACEMENT_3D('',#9133,#9134,#9135);
#9133 = CARTESIAN_POINT('',(87.,137.,2.));
#9134 = DIRECTION('',(0.,-1.,0.));
#9135 = DIRECTION('',(1.,0.,0.));
#9136 = ORIENTED_EDGE('',*,*,#7458,.T.);
#9137 = ORIENTED_EDGE('',*,*,#9138,.F.);
#9138 = EDGE_CURVE('',#9129,#7459,#9139,.T.);
#9139 = CIRCLE('',#9140,2.);
#9140 = AXIS2_PLACEMENT_3D('',#9141,#9142,#9143);
#9141 = CARTESIAN_POINT('',(87.,137.,2.));
#9142 = DIRECTION('',(0.,0.,-1.));
#9143 = DIRECTION('',(1.,0.,0.));
#9144 = SPHERICAL_SURFACE('',#9145,2.);
#9145 = AXIS2_PLACEMENT_3D('',#9146,#9147,#9148);
#9146 = CARTESIAN_POINT('',(87.,137.,2.));
#9147 = DIRECTION('',(0.,0.,1.));
#9148 = DIRECTION('',(1.,0.,0.));
#9149 = ADVANCED_FACE('',(#9150),#9172,.T.);
#9150 = FACE_BOUND('',#9151,.F.);
#9151 = EDGE_LOOP('',(#9152,#9158,#9159,#9165));
#9152 = ORIENTED_EDGE('',*,*,#9153,.F.);
#9153 = EDGE_CURVE('',#9129,#8950,#9154,.T.);
#9154 = LINE('',#9155,#9156);
#9155 = CARTESIAN_POINT('',(89.,137.,0.));
#9156 = VECTOR('',#9157,1.);
#9157 = DIRECTION('',(0.,0.,1.));
#9158 = ORIENTED_EDGE('',*,*,#9138,.T.);
#9159 = ORIENTED_EDGE('',*,*,#9160,.T.);
#9160 = EDGE_CURVE('',#7459,#8667,#9161,.T.);
#9161 = LINE('',#9162,#9163);
#9162 = CARTESIAN_POINT('',(87.,135.,0.));
#9163 = VECTOR('',#9164,1.);
#9164 = DIRECTION('',(0.,0.,1.));
#9165 = ORIENTED_EDGE('',*,*,#9166,.F.);
#9166 = EDGE_CURVE('',#8950,#8667,#9167,.T.);
#9167 = CIRCLE('',#9168,2.);
#9168 = AXIS2_PLACEMENT_3D('',#9169,#9170,#9171);
#9169 = CARTESIAN_POINT('',(87.,137.,8.));
#9170 = DIRECTION('',(0.,0.,-1.));
#9171 = DIRECTION('',(1.,0.,0.));
#9172 = CYLINDRICAL_SURFACE('',#9173,2.);
#9173 = AXIS2_PLACEMENT_3D('',#9174,#9175,#9176);
#9174 = CARTESIAN_POINT('',(87.,137.,0.));
#9175 = DIRECTION('',(0.,0.,1.));
#9176 = DIRECTION('',(1.,0.,0.));
#9177 = ADVANCED_FACE('',(#9178),#9183,.T.);
#9178 = FACE_BOUND('',#9179,.T.);
#9179 = EDGE_LOOP('',(#9180,#9181,#9182));
#9180 = ORIENTED_EDGE('',*,*,#8949,.F.);
#9181 = ORIENTED_EDGE('',*,*,#8666,.T.);
#9182 = ORIENTED_EDGE('',*,*,#9166,.F.);
#9183 = SPHERICAL_SURFACE('',#9184,2.);
#9184 = AXIS2_PLACEMENT_3D('',#9185,#9186,#9187);
#9185 = CARTESIAN_POINT('',(87.,137.,8.));
#9186 = DIRECTION('',(-0.,-0.,-1.));
#9187 = DIRECTION('',(1.,0.,0.));
#9188 = ADVANCED_FACE('',(#9189),#9208,.T.);
#9189 = FACE_BOUND('',#9190,.T.);
#9190 = EDGE_LOOP('',(#9191,#9199,#9200,#9201));
#9191 = ORIENTED_EDGE('',*,*,#9192,.F.);
#9192 = EDGE_CURVE('',#8709,#9193,#9195,.T.);
#9193 = VERTEX_POINT('',#9194);
#9194 = CARTESIAN_POINT('',(-89.,146.,67.4));
#9195 = LINE('',#9196,#9197);
#9196 = CARTESIAN_POINT('',(-89.,146.,6.));
#9197 = VECTOR('',#9198,1.);
#9198 = DIRECTION('',(0.,0.,1.));
#9199 = ORIENTED_EDGE('',*,*,#8708,.T.);
#9200 = ORIENTED_EDGE('',*,*,#8807,.T.);
#9201 = ORIENTED_EDGE('',*,*,#9202,.F.);
#9202 = EDGE_CURVE('',#9193,#8808,#9203,.T.);
#9203 = CIRCLE('',#9204,1.);
#9204 = AXIS2_PLACEMENT_3D('',#9205,#9206,#9207);
#9205 = CARTESIAN_POINT('',(-88.,146.,67.4));
#9206 = DIRECTION('',(0.,0.,1.));
#9207 = DIRECTION('',(-1.,0.,0.));
#9208 = CYLINDRICAL_SURFACE('',#9209,1.);
#9209 = AXIS2_PLACEMENT_3D('',#9210,#9211,#9212);
#9210 = CARTESIAN_POINT('',(-88.,146.,6.));
#9211 = DIRECTION('',(0.,0.,1.));
#9212 = DIRECTION('',(-1.,0.,0.));
#9213 = ADVANCED_FACE('',(#9214),#9241,.T.);
#9214 = FACE_BOUND('',#9215,.F.);
#9215 = EDGE_LOOP('',(#9216,#9225,#9233,#9240));
#9216 = ORIENTED_EDGE('',*,*,#9217,.F.);
#9217 = EDGE_CURVE('',#9218,#8808,#9220,.T.);
#9218 = VERTEX_POINT('',#9219);
#9219 = CARTESIAN_POINT('',(-88.,146.,68.4));
#9220 = CIRCLE('',#9221,1.);
#9221 = AXIS2_PLACEMENT_3D('',#9222,#9223,#9224);
#9222 = CARTESIAN_POINT('',(-88.,146.,67.4));
#9223 = DIRECTION('',(1.,-6.123233995737E-17,0.));
#9224 = DIRECTION('',(-6.123233995737E-17,-1.,0.));
#9225 = ORIENTED_EDGE('',*,*,#9226,.T.);
#9226 = EDGE_CURVE('',#9218,#9227,#9229,.T.);
#9227 = VERTEX_POINT('',#9228);
#9228 = CARTESIAN_POINT('',(-82.,146.,68.4));
#9229 = LINE('',#9230,#9231);
#9230 = CARTESIAN_POINT('',(-89.,146.,68.4));
#9231 = VECTOR('',#9232,1.);
#9232 = DIRECTION('',(1.,0.,0.));
#9233 = ORIENTED_EDGE('',*,*,#9234,.T.);
#9234 = EDGE_CURVE('',#9227,#8816,#9235,.T.);
#9235 = CIRCLE('',#9236,1.);
#9236 = AXIS2_PLACEMENT_3D('',#9237,#9238,#9239);
#9237 = CARTESIAN_POINT('',(-82.,146.,67.4));
#9238 = DIRECTION('',(1.,6.123233995737E-17,0.));
#9239 = DIRECTION('',(6.123233995737E-17,-1.,0.));
#9240 = ORIENTED_EDGE('',*,*,#8815,.F.);
#9241 = CYLINDRICAL_SURFACE('',#9242,1.);
#9242 = AXIS2_PLACEMENT_3D('',#9243,#9244,#9245);
#9243 = CARTESIAN_POINT('',(-89.,146.,67.4));
#9244 = DIRECTION('',(1.,0.,0.));
#9245 = DIRECTION('',(0.,-1.,0.));
#9246 = ADVANCED_FACE('',(#9247),#9258,.T.);
#9247 = FACE_BOUND('',#9248,.T.);
#9248 = EDGE_LOOP('',(#9249,#9256,#9257));
#9249 = ORIENTED_EDGE('',*,*,#9250,.F.);
#9250 = EDGE_CURVE('',#9227,#8839,#9251,.T.);
#9251 = CIRCLE('',#9252,1.);
#9252 = AXIS2_PLACEMENT_3D('',#9253,#9254,#9255);
#9253 = CARTESIAN_POINT('',(-82.,146.,67.4));
#9254 = DIRECTION('',(-0.,1.,0.));
#9255 = DIRECTION('',(1.,0.,0.));
#9256 = ORIENTED_EDGE('',*,*,#9234,.T.);
#9257 = ORIENTED_EDGE('',*,*,#8848,.F.);
#9258 = SPHERICAL_SURFACE('',#9259,1.);
#9259 = AXIS2_PLACEMENT_3D('',#9260,#9261,#9262);
#9260 = CARTESIAN_POINT('',(-82.,146.,67.4));
#9261 = DIRECTION('',(-0.,-0.,-1.));
#9262 = DIRECTION('',(1.,0.,0.));
#9263 = ADVANCED_FACE('',(#9264),#9280,.T.);
#9264 = FACE_BOUND('',#9265,.F.);
#9265 = EDGE_LOOP('',(#9266,#9267,#9273,#9274));
#9266 = ORIENTED_EDGE('',*,*,#9250,.F.);
#9267 = ORIENTED_EDGE('',*,*,#9268,.T.);
#9268 = EDGE_CURVE('',#9227,#7351,#9269,.T.);
#9269 = LINE('',#9270,#9271);
#9270 = CARTESIAN_POINT('',(-82.,145.,68.4));
#9271 = VECTOR('',#9272,1.);
#9272 = DIRECTION('',(0.,1.,0.));
#9273 = ORIENTED_EDGE('',*,*,#7359,.F.);
#9274 = ORIENTED_EDGE('',*,*,#9275,.F.);
#9275 = EDGE_CURVE('',#8839,#7318,#9276,.T.);
#9276 = LINE('',#9277,#9278);
#9277 = CARTESIAN_POINT('',(-81.,145.,67.4));
#9278 = VECTOR('',#9279,1.);
#9279 = DIRECTION('',(0.,1.,0.));
#9280 = CYLINDRICAL_SURFACE('',#9281,1.);
#9281 = AXIS2_PLACEMENT_3D('',#9282,#9283,#9284);
#9282 = CARTESIAN_POINT('',(-82.,145.,67.4));
#9283 = DIRECTION('',(0.,1.,0.));
#9284 = DIRECTION('',(1.,0.,0.));
#9285 = ADVANCED_FACE('',(#9286),#9313,.T.);
#9286 = FACE_BOUND('',#9287,.F.);
#9287 = EDGE_LOOP('',(#9288,#9297,#9305,#9312));
#9288 = ORIENTED_EDGE('',*,*,#9289,.F.);
#9289 = EDGE_CURVE('',#9290,#8873,#9292,.T.);
#9290 = VERTEX_POINT('',#9291);
#9291 = CARTESIAN_POINT('',(-81.,300.,26.));
#9292 = CIRCLE('',#9293,1.);
#9293 = AXIS2_PLACEMENT_3D('',#9294,#9295,#9296);
#9294 = CARTESIAN_POINT('',(-81.,300.,25.));
#9295 = DIRECTION('',(1.,0.,0.));
#9296 = DIRECTION('',(0.,-1.,0.));
#9297 = ORIENTED_EDGE('',*,*,#9298,.T.);
#9298 = EDGE_CURVE('',#9290,#9299,#9301,.T.);
#9299 = VERTEX_POINT('',#9300);
#9300 = CARTESIAN_POINT('',(81.,300.,26.));
#9301 = LINE('',#9302,#9303);
#9302 = CARTESIAN_POINT('',(-89.,300.,26.));
#9303 = VECTOR('',#9304,1.);
#9304 = DIRECTION('',(1.,0.,0.));
#9305 = ORIENTED_EDGE('',*,*,#9306,.T.);
#9306 = EDGE_CURVE('',#9299,#8864,#9307,.T.);
#9307 = CIRCLE('',#9308,1.);
#9308 = AXIS2_PLACEMENT_3D('',#9309,#9310,#9311);
#9309 = CARTESIAN_POINT('',(81.,300.,25.));
#9310 = DIRECTION('',(1.,0.,0.));
#9311 = DIRECTION('',(0.,-1.,0.));
#9312 = ORIENTED_EDGE('',*,*,#8880,.F.);
#9313 = CYLINDRICAL_SURFACE('',#9314,1.);
#9314 = AXIS2_PLACEMENT_3D('',#9315,#9316,#9317);
#9315 = CARTESIAN_POINT('',(-89.,300.,25.));
#9316 = DIRECTION('',(1.,0.,0.));
#9317 = DIRECTION('',(0.,-1.,0.));
#9318 = ADVANCED_FACE('',(#9319),#9335,.T.);
#9319 = FACE_BOUND('',#9320,.T.);
#9320 = EDGE_LOOP('',(#9321,#9327,#9328,#9334));
#9321 = ORIENTED_EDGE('',*,*,#9322,.F.);
#9322 = EDGE_CURVE('',#9290,#7294,#9323,.T.);
#9323 = LINE('',#9324,#9325);
#9324 = CARTESIAN_POINT('',(-81.,222.,26.));
#9325 = VECTOR('',#9326,1.);
#9326 = DIRECTION('',(0.,1.,0.));
#9327 = ORIENTED_EDGE('',*,*,#9298,.T.);
#9328 = ORIENTED_EDGE('',*,*,#9329,.T.);
#9329 = EDGE_CURVE('',#9299,#7244,#9330,.T.);
#9330 = LINE('',#9331,#9332);
#9331 = CARTESIAN_POINT('',(81.,222.,26.));
#9332 = VECTOR('',#9333,1.);
#9333 = DIRECTION('',(0.,1.,0.));
#9334 = ORIENTED_EDGE('',*,*,#7302,.F.);
#9335 = PLANE('',#9336);
#9336 = AXIS2_PLACEMENT_3D('',#9337,#9338,#9339);
#9337 = CARTESIAN_POINT('',(-89.,299.,26.));
#9338 = DIRECTION('',(0.,0.,1.));
#9339 = DIRECTION('',(1.,0.,0.));
#9340 = ADVANCED_FACE('',(#9341),#9360,.T.);
#9341 = FACE_BOUND('',#9342,.F.);
#9342 = EDGE_LOOP('',(#9343,#9351,#9352,#9353));
#9343 = ORIENTED_EDGE('',*,*,#9344,.F.);
#9344 = EDGE_CURVE('',#8961,#9345,#9347,.T.);
#9345 = VERTEX_POINT('',#9346);
#9346 = CARTESIAN_POINT('',(89.,146.,67.4));
#9347 = LINE('',#9348,#9349);
#9348 = CARTESIAN_POINT('',(89.,146.,6.));
#9349 = VECTOR('',#9350,1.);
#9350 = DIRECTION('',(0.,0.,1.));
#9351 = ORIENTED_EDGE('',*,*,#8960,.T.);
#9352 = ORIENTED_EDGE('',*,*,#8926,.T.);
#9353 = ORIENTED_EDGE('',*,*,#9354,.F.);
#9354 = EDGE_CURVE('',#9345,#8919,#9355,.T.);
#9355 = CIRCLE('',#9356,1.);
#9356 = AXIS2_PLACEMENT_3D('',#9357,#9358,#9359);
#9357 = CARTESIAN_POINT('',(88.,146.,67.4));
#9358 = DIRECTION('',(0.,0.,-1.));
#9359 = DIRECTION('',(1.,0.,0.));
#9360 = CYLINDRICAL_SURFACE('',#9361,1.);
#9361 = AXIS2_PLACEMENT_3D('',#9362,#9363,#9364);
#9362 = CARTESIAN_POINT('',(88.,146.,6.));
#9363 = DIRECTION('',(0.,0.,1.));
#9364 = DIRECTION('',(1.,0.,0.));
#9365 = ADVANCED_FACE('',(#9366),#9385,.T.);
#9366 = FACE_BOUND('',#9367,.F.);
#9367 = EDGE_LOOP('',(#9368,#9369,#9377,#9384));
#9368 = ORIENTED_EDGE('',*,*,#7415,.F.);
#9369 = ORIENTED_EDGE('',*,*,#9370,.T.);
#9370 = EDGE_CURVE('',#7375,#9371,#9373,.T.);
#9371 = VERTEX_POINT('',#9372);
#9372 = CARTESIAN_POINT('',(88.,146.,68.4));
#9373 = LINE('',#9374,#9375);
#9374 = CARTESIAN_POINT('',(81.,146.,68.4));
#9375 = VECTOR('',#9376,1.);
#9376 = DIRECTION('',(1.,0.,0.));
#9377 = ORIENTED_EDGE('',*,*,#9378,.T.);
#9378 = EDGE_CURVE('',#9371,#8919,#9379,.T.);
#9379 = CIRCLE('',#9380,1.);
#9380 = AXIS2_PLACEMENT_3D('',#9381,#9382,#9383);
#9381 = CARTESIAN_POINT('',(88.,146.,67.4));
#9382 = DIRECTION('',(1.,6.123233995737E-17,0.));
#9383 = DIRECTION('',(6.123233995737E-17,-1.,0.));
#9384 = ORIENTED_EDGE('',*,*,#8918,.F.);
#9385 = CYLINDRICAL_SURFACE('',#9386,1.);
#9386 = AXIS2_PLACEMENT_3D('',#9387,#9388,#9389);
#9387 = CARTESIAN_POINT('',(81.,146.,67.4));
#9388 = DIRECTION('',(1.,0.,0.));
#9389 = DIRECTION('',(0.,-1.,0.));
#9390 = ADVANCED_FACE('',(#9391),#9410,.T.);
#9391 = FACE_BOUND('',#9392,.F.);
#9392 = EDGE_LOOP('',(#9393,#9394,#9395,#9404));
#9393 = ORIENTED_EDGE('',*,*,#7481,.F.);
#9394 = ORIENTED_EDGE('',*,*,#9097,.T.);
#9395 = ORIENTED_EDGE('',*,*,#9396,.T.);
#9396 = EDGE_CURVE('',#9098,#9397,#9399,.T.);
#9397 = VERTEX_POINT('',#9398);
#9398 = CARTESIAN_POINT('',(-89.,301.,2.));
#9399 = CIRCLE('',#9400,2.);
#9400 = AXIS2_PLACEMENT_3D('',#9401,#9402,#9403);
#9401 = CARTESIAN_POINT('',(-87.,301.,2.));
#9402 = DIRECTION('',(0.,1.,-0.));
#9403 = DIRECTION('',(-1.,0.,0.));
#9404 = ORIENTED_EDGE('',*,*,#9405,.F.);
#9405 = EDGE_CURVE('',#7482,#9397,#9406,.T.);
#9406 = LINE('',#9407,#9408);
#9407 = CARTESIAN_POINT('',(-89.,135.,2.));
#9408 = VECTOR('',#9409,1.);
#9409 = DIRECTION('',(0.,1.,0.));
#9410 = CYLINDRICAL_SURFACE('',#9411,2.);
#9411 = AXIS2_PLACEMENT_3D('',#9412,#9413,#9414);
#9412 = CARTESIAN_POINT('',(-87.,135.,2.));
#9413 = DIRECTION('',(0.,1.,0.));
#9414 = DIRECTION('',(-1.,0.,0.));
#9415 = ADVANCED_FACE('',(#9416),#9443,.T.);
#9416 = FACE_BOUND('',#9417,.F.);
#9417 = EDGE_LOOP('',(#9418,#9427,#9428,#9437));
#9418 = ORIENTED_EDGE('',*,*,#9419,.F.);
#9419 = EDGE_CURVE('',#9098,#9420,#9422,.T.);
#9420 = VERTEX_POINT('',#9421);
#9421 = CARTESIAN_POINT('',(-87.,303.,2.));
#9422 = CIRCLE('',#9423,2.);
#9423 = AXIS2_PLACEMENT_3D('',#9424,#9425,#9426);
#9424 = CARTESIAN_POINT('',(-87.,301.,2.));
#9425 = DIRECTION('',(1.,6.123233995737E-17,-0.));
#9426 = DIRECTION('',(-6.123233995737E-17,1.,0.));
#9427 = ORIENTED_EDGE('',*,*,#9114,.T.);
#9428 = ORIENTED_EDGE('',*,*,#9429,.T.);
#9429 = EDGE_CURVE('',#9107,#9430,#9432,.T.);
#9430 = VERTEX_POINT('',#9431);
#9431 = CARTESIAN_POINT('',(87.,303.,2.));
#9432 = CIRCLE('',#9433,2.);
#9433 = AXIS2_PLACEMENT_3D('',#9434,#9435,#9436);
#9434 = CARTESIAN_POINT('',(87.,301.,2.));
#9435 = DIRECTION('',(1.,-6.123233995737E-17,0.));
#9436 = DIRECTION('',(6.123233995737E-17,1.,0.));
#9437 = ORIENTED_EDGE('',*,*,#9438,.F.);
#9438 = EDGE_CURVE('',#9420,#9430,#9439,.T.);
#9439 = LINE('',#9440,#9441);
#9440 = CARTESIAN_POINT('',(-89.,303.,2.));
#9441 = VECTOR('',#9442,1.);
#9442 = DIRECTION('',(1.,0.,0.));
#9443 = CYLINDRICAL_SURFACE('',#9444,2.);
#9444 = AXIS2_PLACEMENT_3D('',#9445,#9446,#9447);
#9445 = CARTESIAN_POINT('',(-89.,301.,2.));
#9446 = DIRECTION('',(1.,0.,0.));
#9447 = DIRECTION('',(0.,1.,0.));
#9448 = ADVANCED_FACE('',(#9449),#9468,.T.);
#9449 = FACE_BOUND('',#9450,.T.);
#9450 = EDGE_LOOP('',(#9451,#9452,#9453,#9462));
#9451 = ORIENTED_EDGE('',*,*,#9128,.F.);
#9452 = ORIENTED_EDGE('',*,*,#9106,.T.);
#9453 = ORIENTED_EDGE('',*,*,#9454,.T.);
#9454 = EDGE_CURVE('',#9107,#9455,#9457,.T.);
#9455 = VERTEX_POINT('',#9456);
#9456 = CARTESIAN_POINT('',(89.,301.,2.));
#9457 = CIRCLE('',#9458,2.);
#9458 = AXIS2_PLACEMENT_3D('',#9459,#9460,#9461);
#9459 = CARTESIAN_POINT('',(87.,301.,2.));
#9460 = DIRECTION('',(0.,-1.,0.));
#9461 = DIRECTION('',(1.,0.,0.));
#9462 = ORIENTED_EDGE('',*,*,#9463,.F.);
#9463 = EDGE_CURVE('',#9129,#9455,#9464,.T.);
#9464 = LINE('',#9465,#9466);
#9465 = CARTESIAN_POINT('',(89.,135.,2.));
#9466 = VECTOR('',#9467,1.);
#9467 = DIRECTION('',(0.,1.,0.));
#9468 = CYLINDRICAL_SURFACE('',#9469,2.);
#9469 = AXIS2_PLACEMENT_3D('',#9470,#9471,#9472);
#9470 = CARTESIAN_POINT('',(87.,135.,2.));
#9471 = DIRECTION('',(0.,1.,0.));
#9472 = DIRECTION('',(1.,0.,0.));
#9473 = ADVANCED_FACE('',(#9474),#9485,.T.);
#9474 = FACE_BOUND('',#9475,.F.);
#9475 = EDGE_LOOP('',(#9476,#9483,#9484));
#9476 = ORIENTED_EDGE('',*,*,#9477,.F.);
#9477 = EDGE_CURVE('',#9218,#9193,#9478,.T.);
#9478 = CIRCLE('',#9479,1.);
#9479 = AXIS2_PLACEMENT_3D('',#9480,#9481,#9482);
#9480 = CARTESIAN_POINT('',(-88.,146.,67.4));
#9481 = DIRECTION('',(0.,-1.,0.));
#9482 = DIRECTION('',(-1.,0.,0.));
#9483 = ORIENTED_EDGE('',*,*,#9217,.T.);
#9484 = ORIENTED_EDGE('',*,*,#9202,.F.);
#9485 = SPHERICAL_SURFACE('',#9486,1.);
#9486 = AXIS2_PLACEMENT_3D('',#9487,#9488,#9489);
#9487 = CARTESIAN_POINT('',(-88.,146.,67.4));
#9488 = DIRECTION('',(-0.,-0.,-1.));
#9489 = DIRECTION('',(-1.,0.,0.));
#9490 = ADVANCED_FACE('',(#9491),#9509,.T.);
#9491 = FACE_BOUND('',#9492,.T.);
#9492 = EDGE_LOOP('',(#9493,#9501,#9502,#9503));
#9493 = ORIENTED_EDGE('',*,*,#9494,.F.);
#9494 = EDGE_CURVE('',#9218,#9495,#9497,.T.);
#9495 = VERTEX_POINT('',#9496);
#9496 = CARTESIAN_POINT('',(-88.,302.,68.4));
#9497 = LINE('',#9498,#9499);
#9498 = CARTESIAN_POINT('',(-88.,145.,68.4));
#9499 = VECTOR('',#9500,1.);
#9500 = DIRECTION('',(0.,1.,0.));
#9501 = ORIENTED_EDGE('',*,*,#9226,.T.);
#9502 = ORIENTED_EDGE('',*,*,#9268,.T.);
#9503 = ORIENTED_EDGE('',*,*,#9504,.F.);
#9504 = EDGE_CURVE('',#9495,#7351,#9505,.T.);
#9505 = LINE('',#9506,#9507);
#9506 = CARTESIAN_POINT('',(-89.,302.,68.4));
#9507 = VECTOR('',#9508,1.);
#9508 = DIRECTION('',(1.,0.,0.));
#9509 = PLANE('',#9510);
#9510 = AXIS2_PLACEMENT_3D('',#9511,#9512,#9513);
#9511 = CARTESIAN_POINT('',(-89.,145.,68.4));
#9512 = DIRECTION('',(0.,0.,1.));
#9513 = DIRECTION('',(1.,0.,0.));
#9514 = ADVANCED_FACE('',(#9515),#9533,.T.);
#9515 = FACE_BOUND('',#9516,.T.);
#9516 = EDGE_LOOP('',(#9517,#9518,#9519,#9527));
#9517 = ORIENTED_EDGE('',*,*,#7385,.F.);
#9518 = ORIENTED_EDGE('',*,*,#9370,.T.);
#9519 = ORIENTED_EDGE('',*,*,#9520,.T.);
#9520 = EDGE_CURVE('',#9371,#9521,#9523,.T.);
#9521 = VERTEX_POINT('',#9522);
#9522 = CARTESIAN_POINT('',(88.,302.,68.4));
#9523 = LINE('',#9524,#9525);
#9524 = CARTESIAN_POINT('',(88.,145.,68.4));
#9525 = VECTOR('',#9526,1.);
#9526 = DIRECTION('',(0.,1.,0.));
#9527 = ORIENTED_EDGE('',*,*,#9528,.F.);
#9528 = EDGE_CURVE('',#7386,#9521,#9529,.T.);
#9529 = LINE('',#9530,#9531);
#9530 = CARTESIAN_POINT('',(81.,302.,68.4));
#9531 = VECTOR('',#9532,1.);
#9532 = DIRECTION('',(1.,0.,0.));
#9533 = PLANE('',#9534);
#9534 = AXIS2_PLACEMENT_3D('',#9535,#9536,#9537);
#9535 = CARTESIAN_POINT('',(81.,145.,68.4));
#9536 = DIRECTION('',(0.,0.,1.));
#9537 = DIRECTION('',(1.,0.,0.));
#9538 = ADVANCED_FACE('',(#9539),#9550,.T.);
#9539 = FACE_BOUND('',#9540,.F.);
#9540 = EDGE_LOOP('',(#9541,#9542,#9549));
#9541 = ORIENTED_EDGE('',*,*,#7270,.F.);
#9542 = ORIENTED_EDGE('',*,*,#9543,.T.);
#9543 = EDGE_CURVE('',#7263,#7386,#9544,.T.);
#9544 = CIRCLE('',#9545,1.);
#9545 = AXIS2_PLACEMENT_3D('',#9546,#9547,#9548);
#9546 = CARTESIAN_POINT('',(82.,302.,67.4));
#9547 = DIRECTION('',(1.,0.,6.123233995737E-17));
#9548 = DIRECTION('',(-6.123233995737E-17,0.,1.));
#9549 = ORIENTED_EDGE('',*,*,#7393,.F.);
#9550 = SPHERICAL_SURFACE('',#9551,1.);
#9551 = AXIS2_PLACEMENT_3D('',#9552,#9553,#9554);
#9552 = CARTESIAN_POINT('',(82.,302.,67.4));
#9553 = DIRECTION('',(0.,-1.,0.));
#9554 = DIRECTION('',(-1.,0.,0.));
#9555 = ADVANCED_FACE('',(#9556),#9567,.T.);
#9556 = FACE_BOUND('',#9557,.T.);
#9557 = EDGE_LOOP('',(#9558,#9565,#9566));
#9558 = ORIENTED_EDGE('',*,*,#9559,.F.);
#9559 = EDGE_CURVE('',#9371,#9345,#9560,.T.);
#9560 = CIRCLE('',#9561,1.);
#9561 = AXIS2_PLACEMENT_3D('',#9562,#9563,#9564);
#9562 = CARTESIAN_POINT('',(88.,146.,67.4));
#9563 = DIRECTION('',(-0.,1.,0.));
#9564 = DIRECTION('',(1.,0.,0.));
#9565 = ORIENTED_EDGE('',*,*,#9378,.T.);
#9566 = ORIENTED_EDGE('',*,*,#9354,.F.);
#9567 = SPHERICAL_SURFACE('',#9568,1.);
#9568 = AXIS2_PLACEMENT_3D('',#9569,#9570,#9571);
#9569 = CARTESIAN_POINT('',(88.,146.,67.4));
#9570 = DIRECTION('',(-0.,-0.,-1.));
#9571 = DIRECTION('',(1.,0.,0.));
#9572 = ADVANCED_FACE('',(#9573),#9584,.T.);
#9573 = FACE_BOUND('',#9574,.F.);
#9574 = EDGE_LOOP('',(#9575,#9576,#9577));
#9575 = ORIENTED_EDGE('',*,*,#9396,.F.);
#9576 = ORIENTED_EDGE('',*,*,#9419,.T.);
#9577 = ORIENTED_EDGE('',*,*,#9578,.F.);
#9578 = EDGE_CURVE('',#9397,#9420,#9579,.T.);
#9579 = CIRCLE('',#9580,2.);
#9580 = AXIS2_PLACEMENT_3D('',#9581,#9582,#9583);
#9581 = CARTESIAN_POINT('',(-87.,301.,2.));
#9582 = DIRECTION('',(0.,0.,-1.));
#9583 = DIRECTION('',(-1.,0.,0.));
#9584 = SPHERICAL_SURFACE('',#9585,2.);
#9585 = AXIS2_PLACEMENT_3D('',#9586,#9587,#9588);
#9586 = CARTESIAN_POINT('',(-87.,301.,2.));
#9587 = DIRECTION('',(0.,0.,1.));
#9588 = DIRECTION('',(-1.,0.,0.));
#9589 = ADVANCED_FACE('',(#9590),#9714,.T.);
#9590 = FACE_BOUND('',#9591,.F.);
#9591 = EDGE_LOOP('',(#9592,#9600,#9601,#9609,#9622,#9649));
#9592 = ORIENTED_EDGE('',*,*,#9593,.F.);
#9593 = EDGE_CURVE('',#9397,#9594,#9596,.T.);
#9594 = VERTEX_POINT('',#9595);
#9595 = CARTESIAN_POINT('',(-89.,301.,7.));
#9596 = LINE('',#9597,#9598);
#9597 = CARTESIAN_POINT('',(-89.,301.,0.));
#9598 = VECTOR('',#9599,1.);
#9599 = DIRECTION('',(0.,0.,1.));
#9600 = ORIENTED_EDGE('',*,*,#9578,.T.);
#9601 = ORIENTED_EDGE('',*,*,#9602,.T.);
#9602 = EDGE_CURVE('',#9420,#9603,#9605,.T.);
#9603 = VERTEX_POINT('',#9604);
#9604 = CARTESIAN_POINT('',(-87.,303.,7.));
#9605 = LINE('',#9606,#9607);
#9606 = CARTESIAN_POINT('',(-87.,303.,0.));
#9607 = VECTOR('',#9608,1.);
#9608 = DIRECTION('',(0.,0.,1.));
#9609 = ORIENTED_EDGE('',*,*,#9610,.F.);
#9610 = EDGE_CURVE('',#9611,#9603,#9613,.T.);
#9611 = VERTEX_POINT('',#9612);
#9612 = CARTESIAN_POINT('',(-88.,302.73205080756,6.318749961367));
#9613 = B_SPLINE_CURVE_WITH_KNOTS('',7,(#9614,#9615,#9616,#9617,#9618,
    #9619,#9620,#9621),.UNSPECIFIED.,.F.,.F.,(8,8),(0.,1.),
  .PIECEWISE_BEZIER_KNOTS.);
#9614 = CARTESIAN_POINT('',(-88.0000006,302.73205046115,6.318749589125)
  );
#9615 = CARTESIAN_POINT('',(-87.86247546415,302.81145069888,
    6.404070610166));
#9616 = CARTESIAN_POINT('',(-87.72142818702,302.87589856246,
    6.496587312954));
#9617 = CARTESIAN_POINT('',(-87.57843135027,302.92619008965,
    6.593622404947));
#9618 = CARTESIAN_POINT('',(-87.434488571,302.96321149694,6.693434998715
    ));
#9619 = CARTESIAN_POINT('',(-87.29008112606,302.98768493541,
    6.794881441935));
#9620 = CARTESIAN_POINT('',(-87.14529923276,302.9999999655,
    6.897257974034));
#9621 = CARTESIAN_POINT('',(-87.,303.,7.));
#9622 = ORIENTED_EDGE('',*,*,#9623,.F.);
#9623 = EDGE_CURVE('',#9624,#9611,#9626,.T.);
#9624 = VERTEX_POINT('',#9625);
#9625 = CARTESIAN_POINT('',(-88.73205080756,302.,6.318749961367));
#9626 = B_SPLINE_CURVE_WITH_KNOTS('',6,(#9627,#9628,#9629,#9630,#9631,
    #9632,#9633,#9634,#9635,#9636,#9637,#9638,#9639,#9640,#9641,#9642,
    #9643,#9644,#9645,#9646,#9647,#9648),.UNSPECIFIED.,.F.,.F.,(7,5,5,5,
    7),(0.,0.231172860202,0.500746294895,0.768615858528,1.),
  .UNSPECIFIED.);
#9627 = CARTESIAN_POINT('',(-88.73205080756,302.,6.318749961367));
#9628 = CARTESIAN_POINT('',(-88.71157941737,302.03545748792,
    6.296752020998));
#9629 = CARTESIAN_POINT('',(-88.68994369153,302.07092029152,
    6.277307964921));
#9630 = CARTESIAN_POINT('',(-88.66732958666,302.10595682075,
    6.260406004156));
#9631 = CARTESIAN_POINT('',(-88.64393851047,302.14025776309,
    6.245912742645));
#9632 = CARTESIAN_POINT('',(-88.61992708038,302.17366588084,
    6.233651571649));
#9633 = CARTESIAN_POINT('',(-88.56677918397,302.24396702365,
    6.211562415776));
#9634 = CARTESIAN_POINT('',(-88.53745640324,302.2805139255,
    6.202478096131));
#9635 = CARTESIAN_POINT('',(-88.50753564817,302.31572058832,
    6.195914484667));
#9636 = CARTESIAN_POINT('',(-88.47701511077,302.34971189541,
    6.191632216945));
#9637 = CARTESIAN_POINT('',(-88.44579014686,302.3826609759,
    6.189504937446));
#9638 = CARTESIAN_POINT('',(-88.38177353169,302.44662934607,
    6.189564464987));
#9639 = CARTESIAN_POINT('',(-88.34901048961,302.47764206781,
    6.191724077388));
#9640 = CARTESIAN_POINT('',(-88.31521563902,302.50796084183,
    6.19601359603));
#9641 = CARTESIAN_POINT('',(-88.2802194951,302.53768740884,
    6.202558117531));
#9642 = CARTESIAN_POINT('',(-88.24390038838,302.56682296425,
    6.211592697598));
#9643 = CARTESIAN_POINT('',(-88.17381823735,302.61981756715,
    6.233595669379));
#9644 = CARTESIAN_POINT('',(-88.140382908,302.64385316416,6.245859875682
    ));
#9645 = CARTESIAN_POINT('',(-88.10605270168,302.6672676957,
    6.260359757516));
#9646 = CARTESIAN_POINT('',(-88.07098499877,302.68990421353,
    6.277272488249));
#9647 = CARTESIAN_POINT('',(-88.03548983452,302.71156074205,
    6.296731953065));
#9648 = CARTESIAN_POINT('',(-88.,302.73205080756,6.318749961367));
#9649 = ORIENTED_EDGE('',*,*,#9650,.F.);
#9650 = EDGE_CURVE('',#9594,#9624,#9651,.T.);
#9651 = B_SPLINE_CURVE_WITH_KNOTS('',7,(#9652,#9653,#9654,#9655,#9656,
    #9657,#9658,#9659,#9660,#9661,#9662,#9663,#9664,#9665,#9666,#9667,
    #9668,#9669,#9670,#9671,#9672,#9673,#9674,#9675,#9676,#9677,#9678,
    #9679,#9680,#9681,#9682,#9683,#9684,#9685,#9686,#9687,#9688,#9689,
    #9690,#9691,#9692,#9693,#9694,#9695,#9696,#9697,#9698,#9699,#9700,
    #9701,#9702,#9703,#9704,#9705,#9706,#9707,#9708,#9709,#9710,#9711,
    #9712,#9713),.UNSPECIFIED.,.F.,.F.,(8,6,6,6,6,6,6,6,6,6,8),(0.,
    1.114144471069E-03,2.228288691737E-03,3.342432411663E-03,
    4.456575380728E-03,5.570717348809E-03,6.684858065795E-03,
    7.798997282363E-03,8.913134747332E-03,9.796759602183E-03,1.),
  .UNSPECIFIED.);
#9652 = CARTESIAN_POINT('',(-89.,301.,7.));
#9653 = CARTESIAN_POINT('',(-89.,301.00016183044,6.999885568593));
#9654 = CARTESIAN_POINT('',(-88.99999998472,301.00032366089,
    6.999771137185));
#9655 = CARTESIAN_POINT('',(-88.99999995416,301.00048549134,
    6.999656705779));
#9656 = CARTESIAN_POINT('',(-88.99999990833,301.00064732179,
    6.999542274376));
#9657 = CARTESIAN_POINT('',(-88.99999984723,301.00080915223,
    6.999427842976));
#9658 = CARTESIAN_POINT('',(-88.99999977084,301.00097098267,
    6.999313411582));
#9659 = CARTESIAN_POINT('',(-88.99999958752,301.00129464352,
    6.999084548831));
#9660 = CARTESIAN_POINT('',(-88.99999948058,301.00145647392,
    6.998970117475));
#9661 = CARTESIAN_POINT('',(-88.99999935836,301.00161830432,
    6.998855686127));
#9662 = CARTESIAN_POINT('',(-88.99999922087,301.00178013471,
    6.998741254788));
#9663 = CARTESIAN_POINT('',(-88.9999990681,301.0019419651,6.998626823459
    ));
#9664 = CARTESIAN_POINT('',(-88.99999890005,301.00210379549,
    6.998512392142));
#9665 = CARTESIAN_POINT('',(-88.99999853341,301.00242745618,
    6.998283529584));
#9666 = CARTESIAN_POINT('',(-88.99999833481,301.00258928648,
    6.998169098344));
#9667 = CARTESIAN_POINT('',(-88.99999812093,301.00275111678,
    6.998054667118));
#9668 = CARTESIAN_POINT('',(-88.99999789177,301.00291294707,
    6.997940235907));
#9669 = CARTESIAN_POINT('',(-88.99999764734,301.00307477735,
    6.997825804713));
#9670 = CARTESIAN_POINT('',(-88.99999738763,301.00323660763,
    6.997711373537));
#9671 = CARTESIAN_POINT('',(-88.99999683766,301.00356026806,
    6.997482511301));
#9672 = CARTESIAN_POINT('',(-88.9999965474,301.00372209821,6.99736808024
    ));
#9673 = CARTESIAN_POINT('',(-88.99999624186,301.00388392836,6.9972536492
    ));
#9674 = CARTESIAN_POINT('',(-88.99999592105,301.00404575849,
    6.997139218182));
#9675 = CARTESIAN_POINT('',(-88.99999558495,301.00420758862,
    6.997024787187));
#9676 = CARTESIAN_POINT('',(-88.99999523358,301.00436941873,
    6.996910356217));
#9677 = CARTESIAN_POINT('',(-88.99999450029,301.0046930788,6.99668149443
    ));
#9678 = CARTESIAN_POINT('',(-88.99999411836,301.00485490875,
    6.996567063614));
#9679 = CARTESIAN_POINT('',(-88.99999372116,301.00501673869,
    6.996452632825));
#9680 = CARTESIAN_POINT('',(-88.99999330869,301.00517856861,
    6.996338202064));
#9681 = CARTESIAN_POINT('',(-88.99999288093,301.00534039853,
    6.996223771332));
#9682 = CARTESIAN_POINT('',(-88.9999924379,301.00550222843,
    6.996109340632));
#9683 = CARTESIAN_POINT('',(-88.99999152128,301.00582588803,
    6.995880479423));
#9684 = CARTESIAN_POINT('',(-88.9999910477,301.00598771773,
    6.995766048915));
#9685 = CARTESIAN_POINT('',(-88.99999055883,301.00614954741,
    6.995651618441));
#9686 = CARTESIAN_POINT('',(-88.9999900547,301.00631137708,
    6.995537188001));
#9687 = CARTESIAN_POINT('',(-88.99998953528,301.00647320673,
    6.995422757597));
#9688 = CARTESIAN_POINT('',(-88.99998900059,301.00663503637,
    6.995308327231));
#9689 = CARTESIAN_POINT('',(-88.99998790065,301.0069586954,
    6.995079466729));
#9690 = CARTESIAN_POINT('',(-88.9999873354,301.00712052478,
    6.994965036594));
#9691 = CARTESIAN_POINT('',(-88.99998675488,301.00728235416,
    6.994850606498));
#9692 = CARTESIAN_POINT('',(-88.99998615908,301.00744418351,
    6.994736176444));
#9693 = CARTESIAN_POINT('',(-88.999985548,301.00760601285,6.994621746432
    ));
#9694 = CARTESIAN_POINT('',(-88.99998492164,301.00776784217,
    6.994507316464));
#9695 = CARTESIAN_POINT('',(-88.99998363838,301.00809150053,
    6.994278456797));
#9696 = CARTESIAN_POINT('',(-88.99998298147,301.00825332956,
    6.994164027099));
#9697 = CARTESIAN_POINT('',(-88.99998230929,301.00841515857,
    6.994049597447));
#9698 = CARTESIAN_POINT('',(-88.99998162183,301.00857698756,
    6.993935167842));
#9699 = CARTESIAN_POINT('',(-88.99998091909,301.00873881654,
    6.993820738286));
#9700 = CARTESIAN_POINT('',(-88.99998020107,301.00890064549,
    6.993706308781));
#9701 = CARTESIAN_POINT('',(-88.9999788862,301.0091908213,6.993501125077
    ));
#9702 = CARTESIAN_POINT('',(-88.99997829502,301.00931916817,
    6.993410370859));
#9703 = CARTESIAN_POINT('',(-88.99997769422,301.00944751502,
    6.993319616674));
#9704 = CARTESIAN_POINT('',(-88.99997708382,301.00957586186,
    6.993228862524));
#9705 = CARTESIAN_POINT('',(-88.9999764638,301.00970420868,
    6.993138108407));
#9706 = CARTESIAN_POINT('',(-88.99997583418,301.00983255549,
    6.993047354325));
#9707 = CARTESIAN_POINT('',(-88.99925886101,301.15378824428,
    6.89125625747));
#9708 = CARTESIAN_POINT('',(-88.98647732392,301.29717838002,
    6.789896831912));
#9709 = CARTESIAN_POINT('',(-88.96174359434,301.4401854809,6.68948475867
    ));
#9710 = CARTESIAN_POINT('',(-88.92468871762,301.58266711013,
    6.590749678575));
#9711 = CARTESIAN_POINT('',(-88.87463551434,301.72416770512,
    6.494793700989));
#9712 = CARTESIAN_POINT('',(-88.81070246064,301.86377144975,
    6.403266576674));
#9713 = CARTESIAN_POINT('',(-88.73205046115,302.0000006,6.318749589125)
  );
#9714 = CYLINDRICAL_SURFACE('',#9715,2.);
#9715 = AXIS2_PLACEMENT_3D('',#9716,#9717,#9718);
#9716 = CARTESIAN_POINT('',(-87.,301.,0.));
#9717 = DIRECTION('',(0.,0.,1.));
#9718 = DIRECTION('',(-1.,0.,0.));
#9719 = ADVANCED_FACE('',(#9720),#9738,.T.);
#9720 = FACE_BOUND('',#9721,.F.);
#9721 = EDGE_LOOP('',(#9722,#9730,#9731));
#9722 = ORIENTED_EDGE('',*,*,#9723,.F.);
#9723 = EDGE_CURVE('',#9594,#9724,#9726,.T.);
#9724 = VERTEX_POINT('',#9725);
#9725 = CARTESIAN_POINT('',(-89.,302.,7.));
#9726 = LINE('',#9727,#9728);
#9727 = CARTESIAN_POINT('',(-89.,299.,7.));
#9728 = VECTOR('',#9729,1.);
#9729 = DIRECTION('',(0.,1.,0.));
#9730 = ORIENTED_EDGE('',*,*,#9650,.T.);
#9731 = ORIENTED_EDGE('',*,*,#9732,.T.);
#9732 = EDGE_CURVE('',#9624,#9724,#9733,.T.);
#9733 = CIRCLE('',#9734,1.);
#9734 = AXIS2_PLACEMENT_3D('',#9735,#9736,#9737);
#9735 = CARTESIAN_POINT('',(-88.,302.,7.));
#9736 = DIRECTION('',(0.,1.,-0.));
#9737 = DIRECTION('',(-1.,0.,0.));
#9738 = CYLINDRICAL_SURFACE('',#9739,1.);
#9739 = AXIS2_PLACEMENT_3D('',#9740,#9741,#9742);
#9740 = CARTESIAN_POINT('',(-88.,299.,7.));
#9741 = DIRECTION('',(0.,1.,0.));
#9742 = DIRECTION('',(-1.,0.,0.));
#9743 = ADVANCED_FACE('',(#9744),#9764,.T.);
#9744 = FACE_BOUND('',#9745,.F.);
#9745 = EDGE_LOOP('',(#9746,#9747,#9748,#9757));
#9746 = ORIENTED_EDGE('',*,*,#9732,.F.);
#9747 = ORIENTED_EDGE('',*,*,#9623,.T.);
#9748 = ORIENTED_EDGE('',*,*,#9749,.T.);
#9749 = EDGE_CURVE('',#9611,#9750,#9752,.T.);
#9750 = VERTEX_POINT('',#9751);
#9751 = CARTESIAN_POINT('',(-88.,303.,7.));
#9752 = CIRCLE('',#9753,1.);
#9753 = AXIS2_PLACEMENT_3D('',#9754,#9755,#9756);
#9754 = CARTESIAN_POINT('',(-88.,302.,7.));
#9755 = DIRECTION('',(1.,6.123233995737E-17,-0.));
#9756 = DIRECTION('',(-6.123233995737E-17,1.,0.));
#9757 = ORIENTED_EDGE('',*,*,#9758,.F.);
#9758 = EDGE_CURVE('',#9724,#9750,#9759,.T.);
#9759 = CIRCLE('',#9760,1.);
#9760 = AXIS2_PLACEMENT_3D('',#9761,#9762,#9763);
#9761 = CARTESIAN_POINT('',(-88.,302.,7.));
#9762 = DIRECTION('',(0.,0.,-1.));
#9763 = DIRECTION('',(-1.,0.,0.));
#9764 = SPHERICAL_SURFACE('',#9765,1.);
#9765 = AXIS2_PLACEMENT_3D('',#9766,#9767,#9768);
#9766 = CARTESIAN_POINT('',(-88.,302.,7.));
#9767 = DIRECTION('',(0.,0.,1.));
#9768 = DIRECTION('',(-1.,0.,0.));
#9769 = ADVANCED_FACE('',(#9770),#9780,.T.);
#9770 = FACE_BOUND('',#9771,.F.);
#9771 = EDGE_LOOP('',(#9772,#9773,#9774));
#9772 = ORIENTED_EDGE('',*,*,#9749,.F.);
#9773 = ORIENTED_EDGE('',*,*,#9610,.T.);
#9774 = ORIENTED_EDGE('',*,*,#9775,.F.);
#9775 = EDGE_CURVE('',#9750,#9603,#9776,.T.);
#9776 = LINE('',#9777,#9778);
#9777 = CARTESIAN_POINT('',(-89.,303.,7.));
#9778 = VECTOR('',#9779,1.);
#9779 = DIRECTION('',(1.,0.,0.));
#9780 = CYLINDRICAL_SURFACE('',#9781,1.);
#9781 = AXIS2_PLACEMENT_3D('',#9782,#9783,#9784);
#9782 = CARTESIAN_POINT('',(-89.,302.,7.));
#9783 = DIRECTION('',(1.,0.,0.));
#9784 = DIRECTION('',(0.,1.,0.));
#9785 = ADVANCED_FACE('',(#9786),#9797,.T.);
#9786 = FACE_BOUND('',#9787,.T.);
#9787 = EDGE_LOOP('',(#9788,#9789,#9790));
#9788 = ORIENTED_EDGE('',*,*,#9454,.F.);
#9789 = ORIENTED_EDGE('',*,*,#9429,.T.);
#9790 = ORIENTED_EDGE('',*,*,#9791,.F.);
#9791 = EDGE_CURVE('',#9455,#9430,#9792,.T.);
#9792 = CIRCLE('',#9793,2.);
#9793 = AXIS2_PLACEMENT_3D('',#9794,#9795,#9796);
#9794 = CARTESIAN_POINT('',(87.,301.,2.));
#9795 = DIRECTION('',(0.,0.,1.));
#9796 = DIRECTION('',(1.,0.,0.));
#9797 = SPHERICAL_SURFACE('',#9798,2.);
#9798 = AXIS2_PLACEMENT_3D('',#9799,#9800,#9801);
#9799 = CARTESIAN_POINT('',(87.,301.,2.));
#9800 = DIRECTION('',(0.,0.,1.));
#9801 = DIRECTION('',(1.,0.,0.));
#9802 = ADVANCED_FACE('',(#9803),#9927,.T.);
#9803 = FACE_BOUND('',#9804,.T.);
#9804 = EDGE_LOOP('',(#9805,#9813,#9814,#9822,#9835,#9862));
#9805 = ORIENTED_EDGE('',*,*,#9806,.F.);
#9806 = EDGE_CURVE('',#9455,#9807,#9809,.T.);
#9807 = VERTEX_POINT('',#9808);
#9808 = CARTESIAN_POINT('',(89.,301.,7.));
#9809 = LINE('',#9810,#9811);
#9810 = CARTESIAN_POINT('',(89.,301.,0.));
#9811 = VECTOR('',#9812,1.);
#9812 = DIRECTION('',(0.,0.,1.));
#9813 = ORIENTED_EDGE('',*,*,#9791,.T.);
#9814 = ORIENTED_EDGE('',*,*,#9815,.T.);
#9815 = EDGE_CURVE('',#9430,#9816,#9818,.T.);
#9816 = VERTEX_POINT('',#9817);
#9817 = CARTESIAN_POINT('',(87.,303.,7.));
#9818 = LINE('',#9819,#9820);
#9819 = CARTESIAN_POINT('',(87.,303.,0.));
#9820 = VECTOR('',#9821,1.);
#9821 = DIRECTION('',(0.,0.,1.));
#9822 = ORIENTED_EDGE('',*,*,#9823,.F.);
#9823 = EDGE_CURVE('',#9824,#9816,#9826,.T.);
#9824 = VERTEX_POINT('',#9825);
#9825 = CARTESIAN_POINT('',(88.,302.73205080756,6.318749961367));
#9826 = B_SPLINE_CURVE_WITH_KNOTS('',7,(#9827,#9828,#9829,#9830,#9831,
    #9832,#9833,#9834),.UNSPECIFIED.,.F.,.F.,(8,8),(0.,1.),
  .PIECEWISE_BEZIER_KNOTS.);
#9827 = CARTESIAN_POINT('',(88.0000006,302.73205046115,6.318749589125));
#9828 = CARTESIAN_POINT('',(87.862475464147,302.81145069888,
    6.404070610169));
#9829 = CARTESIAN_POINT('',(87.721428187027,302.87589856245,
    6.496587312953));
#9830 = CARTESIAN_POINT('',(87.578431350282,302.92619008965,
    6.593622404939));
#9831 = CARTESIAN_POINT('',(87.434488571003,302.96321149694,
    6.693434998716));
#9832 = CARTESIAN_POINT('',(87.29008112605,302.9876849354,6.794881441948
    ));
#9833 = CARTESIAN_POINT('',(87.145299232775,302.9999999655,
    6.897257974024));
#9834 = CARTESIAN_POINT('',(87.,303.,7.));
#9835 = ORIENTED_EDGE('',*,*,#9836,.F.);
#9836 = EDGE_CURVE('',#9837,#9824,#9839,.T.);
#9837 = VERTEX_POINT('',#9838);
#9838 = CARTESIAN_POINT('',(88.732050807569,302.,6.318749961367));
#9839 = B_SPLINE_CURVE_WITH_KNOTS('',6,(#9840,#9841,#9842,#9843,#9844,
    #9845,#9846,#9847,#9848,#9849,#9850,#9851,#9852,#9853,#9854,#9855,
    #9856,#9857,#9858,#9859,#9860,#9861),.UNSPECIFIED.,.F.,.F.,(7,5,5,5,
    7),(0.,0.231172860202,0.500746294895,0.768615858527,1.),
  .UNSPECIFIED.);
#9840 = CARTESIAN_POINT('',(88.732050807569,302.,6.318749961367));
#9841 = CARTESIAN_POINT('',(88.711579417372,302.03545748792,
    6.296752020998));
#9842 = CARTESIAN_POINT('',(88.689943691532,302.07092029152,
    6.277307964921));
#9843 = CARTESIAN_POINT('',(88.667329586665,302.10595682075,
    6.260406004156));
#9844 = CARTESIAN_POINT('',(88.643938510478,302.14025776309,
    6.245912742645));
#9845 = CARTESIAN_POINT('',(88.619927080387,302.17366588084,
    6.233651571649));
#9846 = CARTESIAN_POINT('',(88.566779183974,302.24396702365,
    6.211562415776));
#9847 = CARTESIAN_POINT('',(88.537456403242,302.2805139255,
    6.202478096131));
#9848 = CARTESIAN_POINT('',(88.507535648176,302.31572058832,
    6.195914484667));
#9849 = CARTESIAN_POINT('',(88.477015110771,302.34971189541,
    6.191632216945));
#9850 = CARTESIAN_POINT('',(88.445790146863,302.3826609759,
    6.189504937446));
#9851 = CARTESIAN_POINT('',(88.381773531696,302.44662934607,
    6.189564464987));
#9852 = CARTESIAN_POINT('',(88.349010489611,302.47764206781,
    6.191724077388));
#9853 = CARTESIAN_POINT('',(88.31521563902,302.50796084183,6.19601359603
    ));
#9854 = CARTESIAN_POINT('',(88.280219495107,302.53768740884,
    6.20255811753));
#9855 = CARTESIAN_POINT('',(88.243900388383,302.56682296425,
    6.211592697598));
#9856 = CARTESIAN_POINT('',(88.173818237358,302.61981756715,
    6.233595669379));
#9857 = CARTESIAN_POINT('',(88.140382908003,302.64385316416,
    6.245859875682));
#9858 = CARTESIAN_POINT('',(88.106052701684,302.6672676957,
    6.260359757516));
#9859 = CARTESIAN_POINT('',(88.070984998775,302.68990421353,
    6.277272488249));
#9860 = CARTESIAN_POINT('',(88.03548983452,302.71156074205,
    6.296731953065));
#9861 = CARTESIAN_POINT('',(88.,302.73205080756,6.318749961367));
#9862 = ORIENTED_EDGE('',*,*,#9863,.F.);
#9863 = EDGE_CURVE('',#9807,#9837,#9864,.T.);
#9864 = B_SPLINE_CURVE_WITH_KNOTS('',7,(#9865,#9866,#9867,#9868,#9869,
    #9870,#9871,#9872,#9873,#9874,#9875,#9876,#9877,#9878,#9879,#9880,
    #9881,#9882,#9883,#9884,#9885,#9886,#9887,#9888,#9889,#9890,#9891,
    #9892,#9893,#9894,#9895,#9896,#9897,#9898,#9899,#9900,#9901,#9902,
    #9903,#9904,#9905,#9906,#9907,#9908,#9909,#9910,#9911,#9912,#9913,
    #9914,#9915,#9916,#9917,#9918,#9919,#9920,#9921,#9922,#9923,#9924,
    #9925,#9926),.UNSPECIFIED.,.F.,.F.,(8,6,6,6,6,6,6,6,6,6,8),(0.,
    1.114144471085E-03,2.228288691769E-03,3.342432411702E-03,
    4.456575380774E-03,5.570717348863E-03,6.684858065856E-03,
    7.798997282431E-03,8.913134747408E-03,9.796759602262E-03,1.),
  .UNSPECIFIED.);
#9865 = CARTESIAN_POINT('',(89.,301.,7.));
#9866 = CARTESIAN_POINT('',(89.,301.00016183044,6.999885568593));
#9867 = CARTESIAN_POINT('',(88.999999984723,301.00032366089,
    6.999771137185));
#9868 = CARTESIAN_POINT('',(88.999999954169,301.00048549134,
    6.999656705779));
#9869 = CARTESIAN_POINT('',(88.999999908338,301.00064732179,
    6.999542274376));
#9870 = CARTESIAN_POINT('',(88.99999984723,301.00080915223,
    6.999427842976));
#9871 = CARTESIAN_POINT('',(88.999999770845,301.00097098267,
    6.999313411582));
#9872 = CARTESIAN_POINT('',(88.999999587522,301.00129464352,
    6.999084548831));
#9873 = CARTESIAN_POINT('',(88.999999480583,301.00145647392,
    6.998970117475));
#9874 = CARTESIAN_POINT('',(88.999999358367,301.00161830432,
    6.998855686127));
#9875 = CARTESIAN_POINT('',(88.999999220874,301.00178013471,
    6.998741254788));
#9876 = CARTESIAN_POINT('',(88.999999068105,301.0019419651,
    6.998626823459));
#9877 = CARTESIAN_POINT('',(88.999998900058,301.00210379549,
    6.998512392142));
#9878 = CARTESIAN_POINT('',(88.999998533411,301.00242745618,
    6.998283529584));
#9879 = CARTESIAN_POINT('',(88.99999833481,301.00258928648,
    6.998169098344));
#9880 = CARTESIAN_POINT('',(88.999998120933,301.00275111678,
    6.998054667118));
#9881 = CARTESIAN_POINT('',(88.999997891778,301.00291294707,
    6.997940235907));
#9882 = CARTESIAN_POINT('',(88.999997647347,301.00307477735,
    6.997825804713));
#9883 = CARTESIAN_POINT('',(88.999997387638,301.00323660763,
    6.997711373537));
#9884 = CARTESIAN_POINT('',(88.999996837668,301.00356026806,
    6.997482511301));
#9885 = CARTESIAN_POINT('',(88.999996547405,301.00372209821,
    6.99736808024));
#9886 = CARTESIAN_POINT('',(88.999996241866,301.00388392836,6.9972536492
    ));
#9887 = CARTESIAN_POINT('',(88.99999592105,301.00404575849,
    6.997139218182));
#9888 = CARTESIAN_POINT('',(88.999995584957,301.00420758862,
    6.997024787187));
#9889 = CARTESIAN_POINT('',(88.999995233587,301.00436941873,
    6.996910356217));
#9890 = CARTESIAN_POINT('',(88.999994500293,301.0046930788,6.99668149443
    ));
#9891 = CARTESIAN_POINT('',(88.999994118369,301.00485490875,
    6.996567063614));
#9892 = CARTESIAN_POINT('',(88.999993721168,301.00501673869,
    6.996452632825));
#9893 = CARTESIAN_POINT('',(88.99999330869,301.00517856861,
    6.996338202064));
#9894 = CARTESIAN_POINT('',(88.999992880935,301.00534039853,
    6.996223771332));
#9895 = CARTESIAN_POINT('',(88.999992437904,301.00550222843,
    6.996109340632));
#9896 = CARTESIAN_POINT('',(88.999991521286,301.00582588803,
    6.995880479423));
#9897 = CARTESIAN_POINT('',(88.999991047701,301.00598771773,
    6.995766048915));
#9898 = CARTESIAN_POINT('',(88.999990558839,301.00614954741,
    6.995651618441));
#9899 = CARTESIAN_POINT('',(88.9999900547,301.00631137708,6.995537188001
    ));
#9900 = CARTESIAN_POINT('',(88.999989535283,301.00647320673,
    6.995422757597));
#9901 = CARTESIAN_POINT('',(88.99998900059,301.00663503637,
    6.995308327231));
#9902 = CARTESIAN_POINT('',(88.99998790065,301.0069586954,6.995079466729
    ));
#9903 = CARTESIAN_POINT('',(88.999987335404,301.00712052478,
    6.994965036594));
#9904 = CARTESIAN_POINT('',(88.99998675488,301.00728235416,
    6.994850606498));
#9905 = CARTESIAN_POINT('',(88.99998615908,301.00744418351,
    6.994736176444));
#9906 = CARTESIAN_POINT('',(88.999985548002,301.00760601285,
    6.994621746432));
#9907 = CARTESIAN_POINT('',(88.999984921647,301.00776784217,
    6.994507316464));
#9908 = CARTESIAN_POINT('',(88.999983638385,301.00809150053,
    6.994278456797));
#9909 = CARTESIAN_POINT('',(88.999982981478,301.00825332956,
    6.994164027099));
#9910 = CARTESIAN_POINT('',(88.999982309293,301.00841515857,
    6.994049597447));
#9911 = CARTESIAN_POINT('',(88.999981621831,301.00857698756,
    6.993935167842));
#9912 = CARTESIAN_POINT('',(88.999980919092,301.00873881654,
    6.993820738286));
#9913 = CARTESIAN_POINT('',(88.999980201077,301.00890064549,
    6.993706308781));
#9914 = CARTESIAN_POINT('',(88.999978886208,301.0091908213,
    6.993501125077));
#9915 = CARTESIAN_POINT('',(88.999978295022,301.00931916817,
    6.993410370859));
#9916 = CARTESIAN_POINT('',(88.999977694227,301.00944751502,
    6.993319616674));
#9917 = CARTESIAN_POINT('',(88.999977083823,301.00957586186,
    6.993228862524));
#9918 = CARTESIAN_POINT('',(88.999976463809,301.00970420868,
    6.993138108407));
#9919 = CARTESIAN_POINT('',(88.999975834185,301.00983255549,
    6.993047354325));
#9920 = CARTESIAN_POINT('',(88.999258861018,301.15378824428,
    6.891256257471));
#9921 = CARTESIAN_POINT('',(88.986477323925,301.29717838002,
    6.789896831912));
#9922 = CARTESIAN_POINT('',(88.961743594341,301.4401854809,6.68948475867
    ));
#9923 = CARTESIAN_POINT('',(88.924688717627,301.58266711013,
    6.590749678575));
#9924 = CARTESIAN_POINT('',(88.874635514346,301.72416770512,
    6.49479370099));
#9925 = CARTESIAN_POINT('',(88.810702460643,301.86377144976,
    6.403266576674));
#9926 = CARTESIAN_POINT('',(88.732050461159,302.0000006,6.318749589125)
  );
#9927 = CYLINDRICAL_SURFACE('',#9928,2.);
#9928 = AXIS2_PLACEMENT_3D('',#9929,#9930,#9931);
#9929 = CARTESIAN_POINT('',(87.,301.,0.));
#9930 = DIRECTION('',(0.,0.,1.));
#9931 = DIRECTION('',(1.,0.,0.));
#9932 = ADVANCED_FACE('',(#9933),#9951,.T.);
#9933 = FACE_BOUND('',#9934,.T.);
#9934 = EDGE_LOOP('',(#9935,#9943,#9944));
#9935 = ORIENTED_EDGE('',*,*,#9936,.F.);
#9936 = EDGE_CURVE('',#9807,#9937,#9939,.T.);
#9937 = VERTEX_POINT('',#9938);
#9938 = CARTESIAN_POINT('',(89.,302.,7.));
#9939 = LINE('',#9940,#9941);
#9940 = CARTESIAN_POINT('',(89.,299.,7.));
#9941 = VECTOR('',#9942,1.);
#9942 = DIRECTION('',(0.,1.,0.));
#9943 = ORIENTED_EDGE('',*,*,#9863,.T.);
#9944 = ORIENTED_EDGE('',*,*,#9945,.T.);
#9945 = EDGE_CURVE('',#9837,#9937,#9946,.T.);
#9946 = CIRCLE('',#9947,1.);
#9947 = AXIS2_PLACEMENT_3D('',#9948,#9949,#9950);
#9948 = CARTESIAN_POINT('',(88.,302.,7.));
#9949 = DIRECTION('',(0.,-1.,0.));
#9950 = DIRECTION('',(1.,0.,0.));
#9951 = CYLINDRICAL_SURFACE('',#9952,1.);
#9952 = AXIS2_PLACEMENT_3D('',#9953,#9954,#9955);
#9953 = CARTESIAN_POINT('',(88.,299.,7.));
#9954 = DIRECTION('',(0.,1.,0.));
#9955 = DIRECTION('',(1.,0.,0.));
#9956 = ADVANCED_FACE('',(#9957),#9977,.T.);
#9957 = FACE_BOUND('',#9958,.T.);
#9958 = EDGE_LOOP('',(#9959,#9960,#9961,#9970));
#9959 = ORIENTED_EDGE('',*,*,#9945,.F.);
#9960 = ORIENTED_EDGE('',*,*,#9836,.T.);
#9961 = ORIENTED_EDGE('',*,*,#9962,.T.);
#9962 = EDGE_CURVE('',#9824,#9963,#9965,.T.);
#9963 = VERTEX_POINT('',#9964);
#9964 = CARTESIAN_POINT('',(88.,303.,7.));
#9965 = CIRCLE('',#9966,1.);
#9966 = AXIS2_PLACEMENT_3D('',#9967,#9968,#9969);
#9967 = CARTESIAN_POINT('',(88.,302.,7.));
#9968 = DIRECTION('',(1.,-6.123233995737E-17,0.));
#9969 = DIRECTION('',(6.123233995737E-17,1.,0.));
#9970 = ORIENTED_EDGE('',*,*,#9971,.F.);
#9971 = EDGE_CURVE('',#9937,#9963,#9972,.T.);
#9972 = CIRCLE('',#9973,1.);
#9973 = AXIS2_PLACEMENT_3D('',#9974,#9975,#9976);
#9974 = CARTESIAN_POINT('',(88.,302.,7.));
#9975 = DIRECTION('',(0.,0.,1.));
#9976 = DIRECTION('',(1.,0.,0.));
#9977 = SPHERICAL_SURFACE('',#9978,1.);
#9978 = AXIS2_PLACEMENT_3D('',#9979,#9980,#9981);
#9979 = CARTESIAN_POINT('',(88.,302.,7.));
#9980 = DIRECTION('',(0.,0.,1.));
#9981 = DIRECTION('',(1.,0.,0.));
#9982 = ADVANCED_FACE('',(#9983),#9993,.T.);
#9983 = FACE_BOUND('',#9984,.F.);
#9984 = EDGE_LOOP('',(#9985,#9986,#9987));
#9985 = ORIENTED_EDGE('',*,*,#9823,.F.);
#9986 = ORIENTED_EDGE('',*,*,#9962,.T.);
#9987 = ORIENTED_EDGE('',*,*,#9988,.F.);
#9988 = EDGE_CURVE('',#9816,#9963,#9989,.T.);
#9989 = LINE('',#9990,#9991);
#9990 = CARTESIAN_POINT('',(-89.,303.,7.));
#9991 = VECTOR('',#9992,1.);
#9992 = DIRECTION('',(1.,0.,0.));
#9993 = CYLINDRICAL_SURFACE('',#9994,1.);
#9994 = AXIS2_PLACEMENT_3D('',#9995,#9996,#9997);
#9995 = CARTESIAN_POINT('',(-89.,302.,7.));
#9996 = DIRECTION('',(1.,0.,0.));
#9997 = DIRECTION('',(0.,1.,0.));
#9998 = ADVANCED_FACE('',(#9999),#10018,.T.);
#9999 = FACE_BOUND('',#10000,.T.);
#10000 = EDGE_LOOP('',(#10001,#10002,#10003,#10012));
#10001 = ORIENTED_EDGE('',*,*,#9477,.F.);
#10002 = ORIENTED_EDGE('',*,*,#9494,.T.);
#10003 = ORIENTED_EDGE('',*,*,#10004,.F.);
#10004 = EDGE_CURVE('',#10005,#9495,#10007,.T.);
#10005 = VERTEX_POINT('',#10006);
#10006 = CARTESIAN_POINT('',(-89.,302.,67.4));
#10007 = CIRCLE('',#10008,1.);
#10008 = AXIS2_PLACEMENT_3D('',#10009,#10010,#10011);
#10009 = CARTESIAN_POINT('',(-88.,302.,67.4));
#10010 = DIRECTION('',(0.,1.,-0.));
#10011 = DIRECTION('',(-1.,0.,0.));
#10012 = ORIENTED_EDGE('',*,*,#10013,.F.);
#10013 = EDGE_CURVE('',#9193,#10005,#10014,.T.);
#10014 = LINE('',#10015,#10016);
#10015 = CARTESIAN_POINT('',(-89.,145.,67.4));
#10016 = VECTOR('',#10017,1.);
#10017 = DIRECTION('',(0.,1.,0.));
#10018 = CYLINDRICAL_SURFACE('',#10019,1.);
#10019 = AXIS2_PLACEMENT_3D('',#10020,#10021,#10022);
#10020 = CARTESIAN_POINT('',(-88.,145.,67.4));
#10021 = DIRECTION('',(0.,1.,0.));
#10022 = DIRECTION('',(-1.,0.,0.));
#10023 = ADVANCED_FACE('',(#10024),#10043,.T.);
#10024 = FACE_BOUND('',#10025,.T.);
#10025 = EDGE_LOOP('',(#10026,#10035,#10036,#10037));
#10026 = ORIENTED_EDGE('',*,*,#10027,.T.);
#10027 = EDGE_CURVE('',#10028,#9495,#10030,.T.);
#10028 = VERTEX_POINT('',#10029);
#10029 = CARTESIAN_POINT('',(-88.,303.,67.4));
#10030 = CIRCLE('',#10031,1.);
#10031 = AXIS2_PLACEMENT_3D('',#10032,#10033,#10034);
#10032 = CARTESIAN_POINT('',(-88.,302.,67.4));
#10033 = DIRECTION('',(1.,0.,6.123233995737E-17));
#10034 = DIRECTION('',(-6.123233995737E-17,0.,1.));
#10035 = ORIENTED_EDGE('',*,*,#9504,.T.);
#10036 = ORIENTED_EDGE('',*,*,#7350,.F.);
#10037 = ORIENTED_EDGE('',*,*,#10038,.F.);
#10038 = EDGE_CURVE('',#10028,#7327,#10039,.T.);
#10039 = LINE('',#10040,#10041);
#10040 = CARTESIAN_POINT('',(-89.,303.,67.4));
#10041 = VECTOR('',#10042,1.);
#10042 = DIRECTION('',(1.,0.,0.));
#10043 = CYLINDRICAL_SURFACE('',#10044,1.);
#10044 = AXIS2_PLACEMENT_3D('',#10045,#10046,#10047);
#10045 = CARTESIAN_POINT('',(-89.,302.,67.4));
#10046 = DIRECTION('',(1.,0.,0.));
#10047 = DIRECTION('',(0.,1.,0.));
#10048 = ADVANCED_FACE('',(#10049),#10068,.T.);
#10049 = FACE_BOUND('',#10050,.T.);
#10050 = EDGE_LOOP('',(#10051,#10052,#10053,#10062));
#10051 = ORIENTED_EDGE('',*,*,#9543,.T.);
#10052 = ORIENTED_EDGE('',*,*,#9528,.T.);
#10053 = ORIENTED_EDGE('',*,*,#10054,.F.);
#10054 = EDGE_CURVE('',#10055,#9521,#10057,.T.);
#10055 = VERTEX_POINT('',#10056);
#10056 = CARTESIAN_POINT('',(88.,303.,67.4));
#10057 = CIRCLE('',#10058,1.);
#10058 = AXIS2_PLACEMENT_3D('',#10059,#10060,#10061);
#10059 = CARTESIAN_POINT('',(88.,302.,67.4));
#10060 = DIRECTION('',(1.,0.,-6.123233995737E-17));
#10061 = DIRECTION('',(6.123233995737E-17,0.,1.));
#10062 = ORIENTED_EDGE('',*,*,#10063,.F.);
#10063 = EDGE_CURVE('',#7263,#10055,#10064,.T.);
#10064 = LINE('',#10065,#10066);
#10065 = CARTESIAN_POINT('',(81.,303.,67.4));
#10066 = VECTOR('',#10067,1.);
#10067 = DIRECTION('',(1.,0.,0.));
#10068 = CYLINDRICAL_SURFACE('',#10069,1.);
#10069 = AXIS2_PLACEMENT_3D('',#10070,#10071,#10072);
#10070 = CARTESIAN_POINT('',(81.,302.,67.4));
#10071 = DIRECTION('',(1.,0.,0.));
#10072 = DIRECTION('',(0.,1.,0.));
#10073 = ADVANCED_FACE('',(#10074),#10093,.T.);
#10074 = FACE_BOUND('',#10075,.F.);
#10075 = EDGE_LOOP('',(#10076,#10077,#10078,#10087));
#10076 = ORIENTED_EDGE('',*,*,#9559,.F.);
#10077 = ORIENTED_EDGE('',*,*,#9520,.T.);
#10078 = ORIENTED_EDGE('',*,*,#10079,.F.);
#10079 = EDGE_CURVE('',#10080,#9521,#10082,.T.);
#10080 = VERTEX_POINT('',#10081);
#10081 = CARTESIAN_POINT('',(89.,302.,67.4));
#10082 = CIRCLE('',#10083,1.);
#10083 = AXIS2_PLACEMENT_3D('',#10084,#10085,#10086);
#10084 = CARTESIAN_POINT('',(88.,302.,67.4));
#10085 = DIRECTION('',(0.,-1.,0.));
#10086 = DIRECTION('',(1.,0.,0.));
#10087 = ORIENTED_EDGE('',*,*,#10088,.F.);
#10088 = EDGE_CURVE('',#9345,#10080,#10089,.T.);
#10089 = LINE('',#10090,#10091);
#10090 = CARTESIAN_POINT('',(89.,145.,67.4));
#10091 = VECTOR('',#10092,1.);
#10092 = DIRECTION('',(0.,1.,0.));
#10093 = CYLINDRICAL_SURFACE('',#10094,1.);
#10094 = AXIS2_PLACEMENT_3D('',#10095,#10096,#10097);
#10095 = CARTESIAN_POINT('',(88.,145.,67.4));
#10096 = DIRECTION('',(0.,1.,0.));
#10097 = DIRECTION('',(1.,0.,0.));
#10098 = ADVANCED_FACE('',(#10099),#10110,.T.);
#10099 = FACE_BOUND('',#10100,.F.);
#10100 = EDGE_LOOP('',(#10101,#10108,#10109));
#10101 = ORIENTED_EDGE('',*,*,#10102,.F.);
#10102 = EDGE_CURVE('',#10028,#10005,#10103,.T.);
#10103 = CIRCLE('',#10104,1.);
#10104 = AXIS2_PLACEMENT_3D('',#10105,#10106,#10107);
#10105 = CARTESIAN_POINT('',(-88.,302.,67.4));
#10106 = DIRECTION('',(0.,0.,1.));
#10107 = DIRECTION('',(-1.,0.,0.));
#10108 = ORIENTED_EDGE('',*,*,#10027,.T.);
#10109 = ORIENTED_EDGE('',*,*,#10004,.F.);
#10110 = SPHERICAL_SURFACE('',#10111,1.);
#10111 = AXIS2_PLACEMENT_3D('',#10112,#10113,#10114);
#10112 = CARTESIAN_POINT('',(-88.,302.,67.4));
#10113 = DIRECTION('',(0.,-1.,0.));
#10114 = DIRECTION('',(-1.,0.,0.));
#10115 = ADVANCED_FACE('',(#10116),#10127,.T.);
#10116 = FACE_BOUND('',#10117,.T.);
#10117 = EDGE_LOOP('',(#10118,#10125,#10126));
#10118 = ORIENTED_EDGE('',*,*,#10119,.F.);
#10119 = EDGE_CURVE('',#10055,#10080,#10120,.T.);
#10120 = CIRCLE('',#10121,1.);
#10121 = AXIS2_PLACEMENT_3D('',#10122,#10123,#10124);
#10122 = CARTESIAN_POINT('',(88.,302.,67.4));
#10123 = DIRECTION('',(0.,0.,-1.));
#10124 = DIRECTION('',(1.,0.,0.));
#10125 = ORIENTED_EDGE('',*,*,#10054,.T.);
#10126 = ORIENTED_EDGE('',*,*,#10079,.F.);
#10127 = SPHERICAL_SURFACE('',#10128,1.);
#10128 = AXIS2_PLACEMENT_3D('',#10129,#10130,#10131);
#10129 = CARTESIAN_POINT('',(88.,302.,67.4));
#10130 = DIRECTION('',(0.,-1.,0.));
#10131 = DIRECTION('',(1.,0.,0.));
#10132 = ADVANCED_FACE('',(#10133),#10148,.T.);
#10133 = FACE_BOUND('',#10134,.T.);
#10134 = EDGE_LOOP('',(#10135,#10136,#10142,#10143,#10144,#10145,#10146,
    #10147));
#10135 = ORIENTED_EDGE('',*,*,#7651,.F.);
#10136 = ORIENTED_EDGE('',*,*,#10137,.T.);
#10137 = EDGE_CURVE('',#7633,#7975,#10138,.T.);
#10138 = LINE('',#10139,#10140);
#10139 = CARTESIAN_POINT('',(-12.,128.43908891458,36.));
#10140 = VECTOR('',#10141,1.);
#10141 = DIRECTION('',(1.,0.,0.));
#10142 = ORIENTED_EDGE('',*,*,#7993,.T.);
#10143 = ORIENTED_EDGE('',*,*,#8059,.T.);
#10144 = ORIENTED_EDGE('',*,*,#8247,.T.);
#10145 = ORIENTED_EDGE('',*,*,#7517,.F.);
#10146 = ORIENTED_EDGE('',*,*,#7871,.F.);
#10147 = ORIENTED_EDGE('',*,*,#7741,.T.);
#10148 = PLANE('',#10149);
#10149 = AXIS2_PLACEMENT_3D('',#10150,#10151,#10152);
#10150 = CARTESIAN_POINT('',(0.,139.23288454709,36.));
#10151 = DIRECTION('',(0.,0.,1.));
#10152 = DIRECTION('',(1.,0.,0.));
#10153 = ADVANCED_FACE('',(#10154,#10166),#10195,.T.);
#10154 = FACE_BOUND('',#10155,.T.);
#10155 = EDGE_LOOP('',(#10156,#10157,#10158,#10159,#10165));
#10156 = ORIENTED_EDGE('',*,*,#7715,.F.);
#10157 = ORIENTED_EDGE('',*,*,#7593,.F.);
#10158 = ORIENTED_EDGE('',*,*,#7668,.T.);
#10159 = ORIENTED_EDGE('',*,*,#10160,.F.);
#10160 = EDGE_CURVE('',#7791,#7660,#10161,.T.);
#10161 = LINE('',#10162,#10163);
#10162 = CARTESIAN_POINT('',(-12.,135.,12.));
#10163 = VECTOR('',#10164,1.);
#10164 = DIRECTION('',(0.,0.,1.));
#10165 = ORIENTED_EDGE('',*,*,#7799,.F.);
#10166 = FACE_BOUND('',#10167,.T.);
#10167 = EDGE_LOOP('',(#10168,#10179,#10188));
#10168 = ORIENTED_EDGE('',*,*,#10169,.T.);
#10169 = EDGE_CURVE('',#10170,#10172,#10174,.T.);
#10170 = VERTEX_POINT('',#10171);
#10171 = CARTESIAN_POINT('',(-12.,112.,25.738533865071));
#10172 = VERTEX_POINT('',#10173);
#10173 = CARTESIAN_POINT('',(-12.,110.,26.65));
#10174 = CIRCLE('',#10175,2.65);
#10175 = AXIS2_PLACEMENT_3D('',#10176,#10177,#10178);
#10176 = CARTESIAN_POINT('',(-12.,110.,24.));
#10177 = DIRECTION('',(1.,0.,-0.));
#10178 = DIRECTION('',(0.,0.,1.));
#10179 = ORIENTED_EDGE('',*,*,#10180,.T.);
#10180 = EDGE_CURVE('',#10172,#10181,#10183,.T.);
#10181 = VERTEX_POINT('',#10182);
#10182 = CARTESIAN_POINT('',(-12.,112.,22.261466134929));
#10183 = CIRCLE('',#10184,2.65);
#10184 = AXIS2_PLACEMENT_3D('',#10185,#10186,#10187);
#10185 = CARTESIAN_POINT('',(-12.,110.,24.));
#10186 = DIRECTION('',(1.,0.,-0.));
#10187 = DIRECTION('',(0.,0.,1.));
#10188 = ORIENTED_EDGE('',*,*,#10189,.T.);
#10189 = EDGE_CURVE('',#10181,#10170,#10190,.T.);
#10190 = CIRCLE('',#10191,2.65);
#10191 = AXIS2_PLACEMENT_3D('',#10192,#10193,#10194);
#10192 = CARTESIAN_POINT('',(-12.,110.,24.));
#10193 = DIRECTION('',(1.,0.,-0.));
#10194 = DIRECTION('',(0.,0.,1.));
#10195 = PLANE('',#10196);
#10196 = AXIS2_PLACEMENT_3D('',#10197,#10198,#10199);
#10197 = CARTESIAN_POINT('',(-12.,113.48715446307,24.660130389734));
#10198 = DIRECTION('',(-1.,-0.,-0.));
#10199 = DIRECTION('',(0.,0.,-1.));
#10200 = ADVANCED_FACE('',(#10201),#10240,.F.);
#10201 = FACE_BOUND('',#10202,.F.);
#10202 = EDGE_LOOP('',(#10203,#10214,#10220,#10221,#10222,#10223,#10224,
    #10233));
#10203 = ORIENTED_EDGE('',*,*,#10204,.F.);
#10204 = EDGE_CURVE('',#10205,#10207,#10209,.T.);
#10205 = VERTEX_POINT('',#10206);
#10206 = CARTESIAN_POINT('',(12.,110.,26.65));
#10207 = VERTEX_POINT('',#10208);
#10208 = CARTESIAN_POINT('',(12.,112.,22.261466134929));
#10209 = CIRCLE('',#10210,2.65);
#10210 = AXIS2_PLACEMENT_3D('',#10211,#10212,#10213);
#10211 = CARTESIAN_POINT('',(12.,110.,24.));
#10212 = DIRECTION('',(1.,0.,-0.));
#10213 = DIRECTION('',(0.,0.,1.));
#10214 = ORIENTED_EDGE('',*,*,#10215,.F.);
#10215 = EDGE_CURVE('',#10172,#10205,#10216,.T.);
#10216 = LINE('',#10217,#10218);
#10217 = CARTESIAN_POINT('',(-14.,110.,26.65));
#10218 = VECTOR('',#10219,1.);
#10219 = DIRECTION('',(1.,0.,0.));
#10220 = ORIENTED_EDGE('',*,*,#10180,.T.);
#10221 = ORIENTED_EDGE('',*,*,#10189,.T.);
#10222 = ORIENTED_EDGE('',*,*,#10169,.T.);
#10223 = ORIENTED_EDGE('',*,*,#10215,.T.);
#10224 = ORIENTED_EDGE('',*,*,#10225,.F.);
#10225 = EDGE_CURVE('',#10226,#10205,#10228,.T.);
#10226 = VERTEX_POINT('',#10227);
#10227 = CARTESIAN_POINT('',(12.,112.,25.738533865071));
#10228 = CIRCLE('',#10229,2.65);
#10229 = AXIS2_PLACEMENT_3D('',#10230,#10231,#10232);
#10230 = CARTESIAN_POINT('',(12.,110.,24.));
#10231 = DIRECTION('',(1.,0.,-0.));
#10232 = DIRECTION('',(0.,0.,1.));
#10233 = ORIENTED_EDGE('',*,*,#10234,.F.);
#10234 = EDGE_CURVE('',#10207,#10226,#10235,.T.);
#10235 = CIRCLE('',#10236,2.65);
#10236 = AXIS2_PLACEMENT_3D('',#10237,#10238,#10239);
#10237 = CARTESIAN_POINT('',(12.,110.,24.));
#10238 = DIRECTION('',(1.,0.,-0.));
#10239 = DIRECTION('',(0.,0.,1.));
#10240 = CYLINDRICAL_SURFACE('',#10241,2.65);
#10241 = AXIS2_PLACEMENT_3D('',#10242,#10243,#10244);
#10242 = CARTESIAN_POINT('',(-14.,110.,24.));
#10243 = DIRECTION('',(1.,0.,0.));
#10244 = DIRECTION('',(0.,0.,1.));
#10245 = ADVANCED_FACE('',(#10246,#10258),#10263,.T.);
#10246 = FACE_BOUND('',#10247,.T.);
#10247 = EDGE_LOOP('',(#10248,#10249,#10250,#10251,#10252));
#10248 = ORIENTED_EDGE('',*,*,#8010,.F.);
#10249 = ORIENTED_EDGE('',*,*,#8042,.T.);
#10250 = ORIENTED_EDGE('',*,*,#8123,.T.);
#10251 = ORIENTED_EDGE('',*,*,#8175,.T.);
#10252 = ORIENTED_EDGE('',*,*,#10253,.T.);
#10253 = EDGE_CURVE('',#8167,#8002,#10254,.T.);
#10254 = LINE('',#10255,#10256);
#10255 = CARTESIAN_POINT('',(12.,135.,12.));
#10256 = VECTOR('',#10257,1.);
#10257 = DIRECTION('',(0.,0.,1.));
#10258 = FACE_BOUND('',#10259,.T.);
#10259 = EDGE_LOOP('',(#10260,#10261,#10262));
#10260 = ORIENTED_EDGE('',*,*,#10234,.F.);
#10261 = ORIENTED_EDGE('',*,*,#10204,.F.);
#10262 = ORIENTED_EDGE('',*,*,#10225,.F.);
#10263 = PLANE('',#10264);
#10264 = AXIS2_PLACEMENT_3D('',#10265,#10266,#10267);
#10265 = CARTESIAN_POINT('',(12.,113.48715446307,24.660130389734));
#10266 = DIRECTION('',(1.,0.,0.));
#10267 = DIRECTION('',(0.,0.,1.));
#10268 = ADVANCED_FACE('',(#10269),#10284,.T.);
#10269 = FACE_BOUND('',#10270,.T.);
#10270 = EDGE_LOOP('',(#10271,#10272,#10273,#10274,#10275,#10276,#10277,
    #10278));
#10271 = ORIENTED_EDGE('',*,*,#7782,.T.);
#10272 = ORIENTED_EDGE('',*,*,#7849,.F.);
#10273 = ORIENTED_EDGE('',*,*,#8370,.T.);
#10274 = ORIENTED_EDGE('',*,*,#8426,.T.);
#10275 = ORIENTED_EDGE('',*,*,#8317,.F.);
#10276 = ORIENTED_EDGE('',*,*,#8223,.F.);
#10277 = ORIENTED_EDGE('',*,*,#8158,.F.);
#10278 = ORIENTED_EDGE('',*,*,#10279,.F.);
#10279 = EDGE_CURVE('',#7764,#8140,#10280,.T.);
#10280 = LINE('',#10281,#10282);
#10281 = CARTESIAN_POINT('',(-12.,128.43908891458,12.));
#10282 = VECTOR('',#10283,1.);
#10283 = DIRECTION('',(1.,0.,0.));
#10284 = PLANE('',#10285);
#10285 = AXIS2_PLACEMENT_3D('',#10286,#10287,#10288);
#10286 = CARTESIAN_POINT('',(4.402309222805E-16,138.57597357486,12.));
#10287 = DIRECTION('',(-0.,-0.,-1.));
#10288 = DIRECTION('',(-1.,0.,0.));
#10289 = ADVANCED_FACE('',(#10290),#10318,.T.);
#10290 = FACE_BOUND('',#10291,.T.);
#10291 = EDGE_LOOP('',(#10292,#10293,#10294,#10295,#10301,#10302,#10303,
    #10304,#10305,#10306,#10312,#10313,#10314,#10315,#10316,#10317));
#10292 = ORIENTED_EDGE('',*,*,#7856,.T.);
#10293 = ORIENTED_EDGE('',*,*,#10160,.T.);
#10294 = ORIENTED_EDGE('',*,*,#7748,.F.);
#10295 = ORIENTED_EDGE('',*,*,#10296,.F.);
#10296 = EDGE_CURVE('',#8634,#7733,#10297,.T.);
#10297 = LINE('',#10298,#10299);
#10298 = CARTESIAN_POINT('',(-36.,135.,12.));
#10299 = VECTOR('',#10300,1.);
#10300 = DIRECTION('',(0.,0.,1.));
#10301 = ORIENTED_EDGE('',*,*,#8642,.F.);
#10302 = ORIENTED_EDGE('',*,*,#9082,.F.);
#10303 = ORIENTED_EDGE('',*,*,#7467,.T.);
#10304 = ORIENTED_EDGE('',*,*,#9160,.T.);
#10305 = ORIENTED_EDGE('',*,*,#8675,.F.);
#10306 = ORIENTED_EDGE('',*,*,#10307,.T.);
#10307 = EDGE_CURVE('',#8657,#8068,#10308,.T.);
#10308 = LINE('',#10309,#10310);
#10309 = CARTESIAN_POINT('',(36.,135.,6.));
#10310 = VECTOR('',#10311,1.);
#10311 = DIRECTION('',(0.,0.,1.));
#10312 = ORIENTED_EDGE('',*,*,#8076,.F.);
#10313 = ORIENTED_EDGE('',*,*,#10253,.F.);
#10314 = ORIENTED_EDGE('',*,*,#8214,.T.);
#10315 = ORIENTED_EDGE('',*,*,#8285,.F.);
#10316 = ORIENTED_EDGE('',*,*,#8339,.F.);
#10317 = ORIENTED_EDGE('',*,*,#7909,.T.);
#10318 = PLANE('',#10319);
#10319 = AXIS2_PLACEMENT_3D('',#10320,#10321,#10322);
#10320 = CARTESIAN_POINT('',(0.,135.,11.246153846154));
#10321 = DIRECTION('',(-0.,-1.,-0.));
#10322 = DIRECTION('',(0.,0.,-1.));
#10323 = ADVANCED_FACE('',(#10324),#10340,.T.);
#10324 = FACE_BOUND('',#10325,.T.);
#10325 = EDGE_LOOP('',(#10326,#10327,#10333,#10334));
#10326 = ORIENTED_EDGE('',*,*,#7878,.T.);
#10327 = ORIENTED_EDGE('',*,*,#10328,.F.);
#10328 = EDGE_CURVE('',#8466,#7549,#10329,.T.);
#10329 = LINE('',#10330,#10331);
#10330 = CARTESIAN_POINT('',(-38.,145.,12.));
#10331 = VECTOR('',#10332,1.);
#10332 = DIRECTION('',(0.,0.,1.));
#10333 = ORIENTED_EDGE('',*,*,#8465,.T.);
#10334 = ORIENTED_EDGE('',*,*,#10335,.T.);
#10335 = EDGE_CURVE('',#8458,#7814,#10336,.T.);
#10336 = LINE('',#10337,#10338);
#10337 = CARTESIAN_POINT('',(-38.,137.,6.));
#10338 = VECTOR('',#10339,1.);
#10339 = DIRECTION('',(0.,0.,1.));
#10340 = PLANE('',#10341);
#10341 = AXIS2_PLACEMENT_3D('',#10342,#10343,#10344);
#10342 = CARTESIAN_POINT('',(-38.,141.,22.));
#10343 = DIRECTION('',(-1.,-0.,-0.));
#10344 = DIRECTION('',(0.,0.,-1.));
#10345 = ADVANCED_FACE('',(#10346),#10366,.T.);
#10346 = FACE_BOUND('',#10347,.T.);
#10347 = EDGE_LOOP('',(#10348,#10349,#10350,#10351,#10357,#10358,#10364,
    #10365));
#10348 = ORIENTED_EDGE('',*,*,#8433,.F.);
#10349 = ORIENTED_EDGE('',*,*,#8608,.F.);
#10350 = ORIENTED_EDGE('',*,*,#8482,.F.);
#10351 = ORIENTED_EDGE('',*,*,#10352,.T.);
#10352 = EDGE_CURVE('',#8474,#7507,#10353,.T.);
#10353 = LINE('',#10354,#10355);
#10354 = CARTESIAN_POINT('',(-36.,147.,6.));
#10355 = VECTOR('',#10356,1.);
#10356 = DIRECTION('',(0.,0.,1.));
#10357 = ORIENTED_EDGE('',*,*,#7534,.T.);
#10358 = ORIENTED_EDGE('',*,*,#10359,.F.);
#10359 = EDGE_CURVE('',#8502,#7526,#10360,.T.);
#10360 = LINE('',#10361,#10362);
#10361 = CARTESIAN_POINT('',(36.,147.,12.));
#10362 = VECTOR('',#10363,1.);
#10363 = DIRECTION('',(0.,0.,1.));
#10364 = ORIENTED_EDGE('',*,*,#8501,.F.);
#10365 = ORIENTED_EDGE('',*,*,#8394,.T.);
#10366 = PLANE('',#10367);
#10367 = AXIS2_PLACEMENT_3D('',#10368,#10369,#10370);
#10368 = CARTESIAN_POINT('',(0.,147.,22.64));
#10369 = DIRECTION('',(0.,1.,0.));
#10370 = DIRECTION('',(0.,0.,1.));
#10371 = ADVANCED_FACE('',(#10372),#10388,.T.);
#10372 = FACE_BOUND('',#10373,.T.);
#10373 = EDGE_LOOP('',(#10374,#10380,#10381,#10387));
#10374 = ORIENTED_EDGE('',*,*,#10375,.F.);
#10375 = EDGE_CURVE('',#8519,#8190,#10376,.T.);
#10376 = LINE('',#10377,#10378);
#10377 = CARTESIAN_POINT('',(38.,137.,12.));
#10378 = VECTOR('',#10379,1.);
#10379 = DIRECTION('',(0.,0.,1.));
#10380 = ORIENTED_EDGE('',*,*,#8518,.F.);
#10381 = ORIENTED_EDGE('',*,*,#10382,.T.);
#10382 = EDGE_CURVE('',#8510,#7925,#10383,.T.);
#10383 = LINE('',#10384,#10385);
#10384 = CARTESIAN_POINT('',(38.,145.,6.));
#10385 = VECTOR('',#10386,1.);
#10386 = DIRECTION('',(0.,0.,1.));
#10387 = ORIENTED_EDGE('',*,*,#8254,.F.);
#10388 = PLANE('',#10389);
#10389 = AXIS2_PLACEMENT_3D('',#10390,#10391,#10392);
#10390 = CARTESIAN_POINT('',(38.,141.,22.));
#10391 = DIRECTION('',(1.,0.,0.));
#10392 = DIRECTION('',(0.,0.,1.));
#10393 = ADVANCED_FACE('',(#10394,#10403,#10414),#10425,.T.);
#10394 = FACE_BOUND('',#10395,.T.);
#10395 = EDGE_LOOP('',(#10396,#10397,#10398,#10399,#10400,#10401,#10402)
  );
#10396 = ORIENTED_EDGE('',*,*,#8838,.F.);
#10397 = ORIENTED_EDGE('',*,*,#8575,.T.);
#10398 = ORIENTED_EDGE('',*,*,#8872,.F.);
#10399 = ORIENTED_EDGE('',*,*,#9289,.F.);
#10400 = ORIENTED_EDGE('',*,*,#9322,.T.);
#10401 = ORIENTED_EDGE('',*,*,#7317,.T.);
#10402 = ORIENTED_EDGE('',*,*,#9275,.F.);
#10403 = FACE_BOUND('',#10404,.T.);
#10404 = EDGE_LOOP('',(#10405));
#10405 = ORIENTED_EDGE('',*,*,#10406,.F.);
#10406 = EDGE_CURVE('',#10407,#10407,#10409,.T.);
#10407 = VERTEX_POINT('',#10408);
#10408 = CARTESIAN_POINT('',(-81.,257.5,51.4));
#10409 = CIRCLE('',#10410,2.8);
#10410 = AXIS2_PLACEMENT_3D('',#10411,#10412,#10413);
#10411 = CARTESIAN_POINT('',(-81.,257.5,48.6));
#10412 = DIRECTION('',(1.,0.,-0.));
#10413 = DIRECTION('',(0.,0.,1.));
#10414 = FACE_BOUND('',#10415,.T.);
#10415 = EDGE_LOOP('',(#10416));
#10416 = ORIENTED_EDGE('',*,*,#10417,.F.);
#10417 = EDGE_CURVE('',#10418,#10418,#10420,.T.);
#10418 = VERTEX_POINT('',#10419);
#10419 = CARTESIAN_POINT('',(-81.,190.,51.4));
#10420 = CIRCLE('',#10421,2.8);
#10421 = AXIS2_PLACEMENT_3D('',#10422,#10423,#10424);
#10422 = CARTESIAN_POINT('',(-81.,190.,48.6));
#10423 = DIRECTION('',(1.,0.,-0.));
#10424 = DIRECTION('',(0.,0.,1.));
#10425 = PLANE('',#10426);
#10426 = AXIS2_PLACEMENT_3D('',#10427,#10428,#10429);
#10427 = CARTESIAN_POINT('',(-81.,145.,6.));
#10428 = DIRECTION('',(1.,0.,0.));
#10429 = DIRECTION('',(0.,0.,1.));
#10430 = ADVANCED_FACE('',(#10431),#10458,.T.);
#10431 = FACE_BOUND('',#10432,.T.);
#10432 = EDGE_LOOP('',(#10433,#10442,#10450,#10457));
#10433 = ORIENTED_EDGE('',*,*,#10434,.T.);
#10434 = EDGE_CURVE('',#10435,#10435,#10437,.T.);
#10435 = VERTEX_POINT('',#10436);
#10436 = CARTESIAN_POINT('',(-92.6,257.5,58.6));
#10437 = CIRCLE('',#10438,10.);
#10438 = AXIS2_PLACEMENT_3D('',#10439,#10440,#10441);
#10439 = CARTESIAN_POINT('',(-92.6,257.5,48.6));
#10440 = DIRECTION('',(1.,0.,-0.));
#10441 = DIRECTION('',(0.,0.,1.));
#10442 = ORIENTED_EDGE('',*,*,#10443,.T.);
#10443 = EDGE_CURVE('',#10435,#10444,#10446,.T.);
#10444 = VERTEX_POINT('',#10445);
#10445 = CARTESIAN_POINT('',(-89.,257.5,58.6));
#10446 = LINE('',#10447,#10448);
#10447 = CARTESIAN_POINT('',(-93.,257.5,58.6));
#10448 = VECTOR('',#10449,1.);
#10449 = DIRECTION('',(1.,0.,0.));
#10450 = ORIENTED_EDGE('',*,*,#10451,.F.);
#10451 = EDGE_CURVE('',#10444,#10444,#10452,.T.);
#10452 = CIRCLE('',#10453,10.);
#10453 = AXIS2_PLACEMENT_3D('',#10454,#10455,#10456);
#10454 = CARTESIAN_POINT('',(-89.,257.5,48.6));
#10455 = DIRECTION('',(1.,0.,-0.));
#10456 = DIRECTION('',(0.,0.,1.));
#10457 = ORIENTED_EDGE('',*,*,#10443,.F.);
#10458 = CYLINDRICAL_SURFACE('',#10459,10.);
#10459 = AXIS2_PLACEMENT_3D('',#10460,#10461,#10462);
#10460 = CARTESIAN_POINT('',(-93.,257.5,48.6));
#10461 = DIRECTION('',(1.,0.,0.));
#10462 = DIRECTION('',(0.,0.,1.));
#10463 = ADVANCED_FACE('',(#10464),#10484,.T.);
#10464 = FACE_BOUND('',#10465,.F.);
#10465 = EDGE_LOOP('',(#10466,#10475,#10476,#10477));
#10466 = ORIENTED_EDGE('',*,*,#10467,.F.);
#10467 = EDGE_CURVE('',#10435,#10468,#10470,.T.);
#10468 = VERTEX_POINT('',#10469);
#10469 = CARTESIAN_POINT('',(-93.,257.5,58.2));
#10470 = CIRCLE('',#10471,0.4);
#10471 = AXIS2_PLACEMENT_3D('',#10472,#10473,#10474);
#10472 = CARTESIAN_POINT('',(-92.6,257.5,58.2));
#10473 = DIRECTION('',(0.,-1.,0.));
#10474 = DIRECTION('',(0.,0.,1.));
#10475 = ORIENTED_EDGE('',*,*,#10434,.F.);
#10476 = ORIENTED_EDGE('',*,*,#10467,.T.);
#10477 = ORIENTED_EDGE('',*,*,#10478,.T.);
#10478 = EDGE_CURVE('',#10468,#10468,#10479,.T.);
#10479 = CIRCLE('',#10480,9.6);
#10480 = AXIS2_PLACEMENT_3D('',#10481,#10482,#10483);
#10481 = CARTESIAN_POINT('',(-93.,257.5,48.6));
#10482 = DIRECTION('',(1.,0.,-0.));
#10483 = DIRECTION('',(0.,0.,1.));
#10484 = TOROIDAL_SURFACE('',#10485,9.6,0.4);
#10485 = AXIS2_PLACEMENT_3D('',#10486,#10487,#10488);
#10486 = CARTESIAN_POINT('',(-92.6,257.5,48.6));
#10487 = DIRECTION('',(-1.,-0.,-0.));
#10488 = DIRECTION('',(0.,0.,1.));
#10489 = ADVANCED_FACE('',(#10490),#10509,.F.);
#10490 = FACE_BOUND('',#10491,.F.);
#10491 = EDGE_LOOP('',(#10492,#10493,#10501,#10508));
#10492 = ORIENTED_EDGE('',*,*,#10406,.F.);
#10493 = ORIENTED_EDGE('',*,*,#10494,.F.);
#10494 = EDGE_CURVE('',#10495,#10407,#10497,.T.);
#10495 = VERTEX_POINT('',#10496);
#10496 = CARTESIAN_POINT('',(-93.,257.5,51.4));
#10497 = LINE('',#10498,#10499);
#10498 = CARTESIAN_POINT('',(-94.,257.5,51.4));
#10499 = VECTOR('',#10500,1.);
#10500 = DIRECTION('',(1.,0.,0.));
#10501 = ORIENTED_EDGE('',*,*,#10502,.T.);
#10502 = EDGE_CURVE('',#10495,#10495,#10503,.T.);
#10503 = CIRCLE('',#10504,2.8);
#10504 = AXIS2_PLACEMENT_3D('',#10505,#10506,#10507);
#10505 = CARTESIAN_POINT('',(-93.,257.5,48.6));
#10506 = DIRECTION('',(1.,0.,-0.));
#10507 = DIRECTION('',(0.,0.,1.));
#10508 = ORIENTED_EDGE('',*,*,#10494,.T.);
#10509 = CYLINDRICAL_SURFACE('',#10510,2.8);
#10510 = AXIS2_PLACEMENT_3D('',#10511,#10512,#10513);
#10511 = CARTESIAN_POINT('',(-94.,257.5,48.6));
#10512 = DIRECTION('',(1.,0.,0.));
#10513 = DIRECTION('',(0.,0.,1.));
#10514 = ADVANCED_FACE('',(#10515,#10518),#10521,.F.);
#10515 = FACE_BOUND('',#10516,.F.);
#10516 = EDGE_LOOP('',(#10517));
#10517 = ORIENTED_EDGE('',*,*,#10478,.T.);
#10518 = FACE_BOUND('',#10519,.F.);
#10519 = EDGE_LOOP('',(#10520));
#10520 = ORIENTED_EDGE('',*,*,#10502,.F.);
#10521 = PLANE('',#10522);
#10522 = AXIS2_PLACEMENT_3D('',#10523,#10524,#10525);
#10523 = CARTESIAN_POINT('',(-93.,257.5,48.6));
#10524 = DIRECTION('',(1.,0.,0.));
#10525 = DIRECTION('',(0.,0.,1.));
#10526 = ADVANCED_FACE('',(#10527),#10554,.T.);
#10527 = FACE_BOUND('',#10528,.T.);
#10528 = EDGE_LOOP('',(#10529,#10538,#10546,#10553));
#10529 = ORIENTED_EDGE('',*,*,#10530,.T.);
#10530 = EDGE_CURVE('',#10531,#10531,#10533,.T.);
#10531 = VERTEX_POINT('',#10532);
#10532 = CARTESIAN_POINT('',(-92.6,190.,58.6));
#10533 = CIRCLE('',#10534,10.);
#10534 = AXIS2_PLACEMENT_3D('',#10535,#10536,#10537);
#10535 = CARTESIAN_POINT('',(-92.6,190.,48.6));
#10536 = DIRECTION('',(1.,0.,-0.));
#10537 = DIRECTION('',(0.,0.,1.));
#10538 = ORIENTED_EDGE('',*,*,#10539,.T.);
#10539 = EDGE_CURVE('',#10531,#10540,#10542,.T.);
#10540 = VERTEX_POINT('',#10541);
#10541 = CARTESIAN_POINT('',(-89.,190.,58.6));
#10542 = LINE('',#10543,#10544);
#10543 = CARTESIAN_POINT('',(-93.,190.,58.6));
#10544 = VECTOR('',#10545,1.);
#10545 = DIRECTION('',(1.,0.,0.));
#10546 = ORIENTED_EDGE('',*,*,#10547,.F.);
#10547 = EDGE_CURVE('',#10540,#10540,#10548,.T.);
#10548 = CIRCLE('',#10549,10.);
#10549 = AXIS2_PLACEMENT_3D('',#10550,#10551,#10552);
#10550 = CARTESIAN_POINT('',(-89.,190.,48.6));
#10551 = DIRECTION('',(1.,0.,-0.));
#10552 = DIRECTION('',(0.,0.,1.));
#10553 = ORIENTED_EDGE('',*,*,#10539,.F.);
#10554 = CYLINDRICAL_SURFACE('',#10555,10.);
#10555 = AXIS2_PLACEMENT_3D('',#10556,#10557,#10558);
#10556 = CARTESIAN_POINT('',(-93.,190.,48.6));
#10557 = DIRECTION('',(1.,0.,0.));
#10558 = DIRECTION('',(0.,0.,1.));
#10559 = ADVANCED_FACE('',(#10560),#10580,.T.);
#10560 = FACE_BOUND('',#10561,.F.);
#10561 = EDGE_LOOP('',(#10562,#10571,#10572,#10573));
#10562 = ORIENTED_EDGE('',*,*,#10563,.F.);
#10563 = EDGE_CURVE('',#10531,#10564,#10566,.T.);
#10564 = VERTEX_POINT('',#10565);
#10565 = CARTESIAN_POINT('',(-93.,190.,58.2));
#10566 = CIRCLE('',#10567,0.4);
#10567 = AXIS2_PLACEMENT_3D('',#10568,#10569,#10570);
#10568 = CARTESIAN_POINT('',(-92.6,190.,58.2));
#10569 = DIRECTION('',(0.,-1.,0.));
#10570 = DIRECTION('',(0.,0.,1.));
#10571 = ORIENTED_EDGE('',*,*,#10530,.F.);
#10572 = ORIENTED_EDGE('',*,*,#10563,.T.);
#10573 = ORIENTED_EDGE('',*,*,#10574,.T.);
#10574 = EDGE_CURVE('',#10564,#10564,#10575,.T.);
#10575 = CIRCLE('',#10576,9.6);
#10576 = AXIS2_PLACEMENT_3D('',#10577,#10578,#10579);
#10577 = CARTESIAN_POINT('',(-93.,190.,48.6));
#10578 = DIRECTION('',(1.,0.,-0.));
#10579 = DIRECTION('',(0.,0.,1.));
#10580 = TOROIDAL_SURFACE('',#10581,9.6,0.4);
#10581 = AXIS2_PLACEMENT_3D('',#10582,#10583,#10584);
#10582 = CARTESIAN_POINT('',(-92.6,190.,48.6));
#10583 = DIRECTION('',(-1.,-0.,-0.));
#10584 = DIRECTION('',(0.,0.,1.));
#10585 = ADVANCED_FACE('',(#10586),#10605,.F.);
#10586 = FACE_BOUND('',#10587,.F.);
#10587 = EDGE_LOOP('',(#10588,#10589,#10597,#10604));
#10588 = ORIENTED_EDGE('',*,*,#10417,.F.);
#10589 = ORIENTED_EDGE('',*,*,#10590,.F.);
#10590 = EDGE_CURVE('',#10591,#10418,#10593,.T.);
#10591 = VERTEX_POINT('',#10592);
#10592 = CARTESIAN_POINT('',(-93.,190.,51.4));
#10593 = LINE('',#10594,#10595);
#10594 = CARTESIAN_POINT('',(-94.,190.,51.4));
#10595 = VECTOR('',#10596,1.);
#10596 = DIRECTION('',(1.,0.,0.));
#10597 = ORIENTED_EDGE('',*,*,#10598,.T.);
#10598 = EDGE_CURVE('',#10591,#10591,#10599,.T.);
#10599 = CIRCLE('',#10600,2.8);
#10600 = AXIS2_PLACEMENT_3D('',#10601,#10602,#10603);
#10601 = CARTESIAN_POINT('',(-93.,190.,48.6));
#10602 = DIRECTION('',(1.,0.,-0.));
#10603 = DIRECTION('',(0.,0.,1.));
#10604 = ORIENTED_EDGE('',*,*,#10590,.T.);
#10605 = CYLINDRICAL_SURFACE('',#10606,2.8);
#10606 = AXIS2_PLACEMENT_3D('',#10607,#10608,#10609);
#10607 = CARTESIAN_POINT('',(-94.,190.,48.6));
#10608 = DIRECTION('',(1.,0.,0.));
#10609 = DIRECTION('',(0.,0.,1.));
#10610 = ADVANCED_FACE('',(#10611,#10614),#10617,.F.);
#10611 = FACE_BOUND('',#10612,.F.);
#10612 = EDGE_LOOP('',(#10613));
#10613 = ORIENTED_EDGE('',*,*,#10574,.T.);
#10614 = FACE_BOUND('',#10615,.F.);
#10615 = EDGE_LOOP('',(#10616));
#10616 = ORIENTED_EDGE('',*,*,#10598,.F.);
#10617 = PLANE('',#10618);
#10618 = AXIS2_PLACEMENT_3D('',#10619,#10620,#10621);
#10619 = CARTESIAN_POINT('',(-93.,190.,48.6));
#10620 = DIRECTION('',(1.,0.,0.));
#10621 = DIRECTION('',(0.,0.,1.));
#10622 = ADVANCED_FACE('',(#10623,#10632,#10643),#10654,.F.);
#10623 = FACE_BOUND('',#10624,.T.);
#10624 = EDGE_LOOP('',(#10625,#10626,#10627,#10628,#10629,#10630,#10631)
  );
#10625 = ORIENTED_EDGE('',*,*,#8894,.T.);
#10626 = ORIENTED_EDGE('',*,*,#7400,.T.);
#10627 = ORIENTED_EDGE('',*,*,#7243,.F.);
#10628 = ORIENTED_EDGE('',*,*,#9329,.F.);
#10629 = ORIENTED_EDGE('',*,*,#9306,.T.);
#10630 = ORIENTED_EDGE('',*,*,#8863,.T.);
#10631 = ORIENTED_EDGE('',*,*,#8559,.F.);
#10632 = FACE_BOUND('',#10633,.F.);
#10633 = EDGE_LOOP('',(#10634));
#10634 = ORIENTED_EDGE('',*,*,#10635,.F.);
#10635 = EDGE_CURVE('',#10636,#10636,#10638,.T.);
#10636 = VERTEX_POINT('',#10637);
#10637 = CARTESIAN_POINT('',(81.,257.5,51.4));
#10638 = CIRCLE('',#10639,2.8);
#10639 = AXIS2_PLACEMENT_3D('',#10640,#10641,#10642);
#10640 = CARTESIAN_POINT('',(81.,257.5,48.6));
#10641 = DIRECTION('',(1.,0.,-0.));
#10642 = DIRECTION('',(0.,0.,1.));
#10643 = FACE_BOUND('',#10644,.F.);
#10644 = EDGE_LOOP('',(#10645));
#10645 = ORIENTED_EDGE('',*,*,#10646,.F.);
#10646 = EDGE_CURVE('',#10647,#10647,#10649,.T.);
#10647 = VERTEX_POINT('',#10648);
#10648 = CARTESIAN_POINT('',(81.,190.,51.4));
#10649 = CIRCLE('',#10650,2.8);
#10650 = AXIS2_PLACEMENT_3D('',#10651,#10652,#10653);
#10651 = CARTESIAN_POINT('',(81.,190.,48.6));
#10652 = DIRECTION('',(1.,0.,-0.));
#10653 = DIRECTION('',(0.,0.,1.));
#10654 = PLANE('',#10655);
#10655 = AXIS2_PLACEMENT_3D('',#10656,#10657,#10658);
#10656 = CARTESIAN_POINT('',(81.,145.,6.));
#10657 = DIRECTION('',(1.,0.,0.));
#10658 = DIRECTION('',(0.,0.,1.));
#10659 = ADVANCED_FACE('',(#10660),#10687,.T.);
#10660 = FACE_BOUND('',#10661,.T.);
#10661 = EDGE_LOOP('',(#10662,#10671,#10679,#10686));
#10662 = ORIENTED_EDGE('',*,*,#10663,.T.);
#10663 = EDGE_CURVE('',#10664,#10664,#10666,.T.);
#10664 = VERTEX_POINT('',#10665);
#10665 = CARTESIAN_POINT('',(89.,257.5,58.6));
#10666 = CIRCLE('',#10667,10.);
#10667 = AXIS2_PLACEMENT_3D('',#10668,#10669,#10670);
#10668 = CARTESIAN_POINT('',(89.,257.5,48.6));
#10669 = DIRECTION('',(1.,0.,-0.));
#10670 = DIRECTION('',(0.,0.,1.));
#10671 = ORIENTED_EDGE('',*,*,#10672,.T.);
#10672 = EDGE_CURVE('',#10664,#10673,#10675,.T.);
#10673 = VERTEX_POINT('',#10674);
#10674 = CARTESIAN_POINT('',(92.6,257.5,58.6));
#10675 = LINE('',#10676,#10677);
#10676 = CARTESIAN_POINT('',(81.,257.5,58.6));
#10677 = VECTOR('',#10678,1.);
#10678 = DIRECTION('',(1.,0.,0.));
#10679 = ORIENTED_EDGE('',*,*,#10680,.F.);
#10680 = EDGE_CURVE('',#10673,#10673,#10681,.T.);
#10681 = CIRCLE('',#10682,10.);
#10682 = AXIS2_PLACEMENT_3D('',#10683,#10684,#10685);
#10683 = CARTESIAN_POINT('',(92.6,257.5,48.6));
#10684 = DIRECTION('',(1.,0.,-0.));
#10685 = DIRECTION('',(0.,0.,1.));
#10686 = ORIENTED_EDGE('',*,*,#10672,.F.);
#10687 = CYLINDRICAL_SURFACE('',#10688,10.);
#10688 = AXIS2_PLACEMENT_3D('',#10689,#10690,#10691);
#10689 = CARTESIAN_POINT('',(81.,257.5,48.6));
#10690 = DIRECTION('',(1.,0.,0.));
#10691 = DIRECTION('',(0.,0.,1.));
#10692 = ADVANCED_FACE('',(#10693),#10713,.T.);
#10693 = FACE_BOUND('',#10694,.T.);
#10694 = EDGE_LOOP('',(#10695,#10704,#10705,#10706));
#10695 = ORIENTED_EDGE('',*,*,#10696,.F.);
#10696 = EDGE_CURVE('',#10673,#10697,#10699,.T.);
#10697 = VERTEX_POINT('',#10698);
#10698 = CARTESIAN_POINT('',(93.,257.5,58.2));
#10699 = CIRCLE('',#10700,0.4);
#10700 = AXIS2_PLACEMENT_3D('',#10701,#10702,#10703);
#10701 = CARTESIAN_POINT('',(92.6,257.5,58.2));
#10702 = DIRECTION('',(0.,1.,0.));
#10703 = DIRECTION('',(0.,0.,1.));
#10704 = ORIENTED_EDGE('',*,*,#10680,.T.);
#10705 = ORIENTED_EDGE('',*,*,#10696,.T.);
#10706 = ORIENTED_EDGE('',*,*,#10707,.F.);
#10707 = EDGE_CURVE('',#10697,#10697,#10708,.T.);
#10708 = CIRCLE('',#10709,9.6);
#10709 = AXIS2_PLACEMENT_3D('',#10710,#10711,#10712);
#10710 = CARTESIAN_POINT('',(93.,257.5,48.6));
#10711 = DIRECTION('',(1.,0.,-0.));
#10712 = DIRECTION('',(0.,0.,1.));
#10713 = TOROIDAL_SURFACE('',#10714,9.6,0.4);
#10714 = AXIS2_PLACEMENT_3D('',#10715,#10716,#10717);
#10715 = CARTESIAN_POINT('',(92.6,257.5,48.6));
#10716 = DIRECTION('',(1.,0.,0.));
#10717 = DIRECTION('',(0.,0.,1.));
#10718 = ADVANCED_FACE('',(#10719),#10738,.F.);
#10719 = FACE_BOUND('',#10720,.F.);
#10720 = EDGE_LOOP('',(#10721,#10730,#10736,#10737));
#10721 = ORIENTED_EDGE('',*,*,#10722,.F.);
#10722 = EDGE_CURVE('',#10723,#10723,#10725,.T.);
#10723 = VERTEX_POINT('',#10724);
#10724 = CARTESIAN_POINT('',(93.,257.5,51.4));
#10725 = CIRCLE('',#10726,2.8);
#10726 = AXIS2_PLACEMENT_3D('',#10727,#10728,#10729);
#10727 = CARTESIAN_POINT('',(93.,257.5,48.6));
#10728 = DIRECTION('',(1.,0.,-0.));
#10729 = DIRECTION('',(0.,0.,1.));
#10730 = ORIENTED_EDGE('',*,*,#10731,.F.);
#10731 = EDGE_CURVE('',#10636,#10723,#10732,.T.);
#10732 = LINE('',#10733,#10734);
#10733 = CARTESIAN_POINT('',(80.,257.5,51.4));
#10734 = VECTOR('',#10735,1.);
#10735 = DIRECTION('',(1.,0.,0.));
#10736 = ORIENTED_EDGE('',*,*,#10635,.T.);
#10737 = ORIENTED_EDGE('',*,*,#10731,.T.);
#10738 = CYLINDRICAL_SURFACE('',#10739,2.8);
#10739 = AXIS2_PLACEMENT_3D('',#10740,#10741,#10742);
#10740 = CARTESIAN_POINT('',(80.,257.5,48.6));
#10741 = DIRECTION('',(1.,0.,0.));
#10742 = DIRECTION('',(0.,0.,1.));
#10743 = ADVANCED_FACE('',(#10744,#10747),#10750,.T.);
#10744 = FACE_BOUND('',#10745,.T.);
#10745 = EDGE_LOOP('',(#10746));
#10746 = ORIENTED_EDGE('',*,*,#10707,.T.);
#10747 = FACE_BOUND('',#10748,.T.);
#10748 = EDGE_LOOP('',(#10749));
#10749 = ORIENTED_EDGE('',*,*,#10722,.F.);
#10750 = PLANE('',#10751);
#10751 = AXIS2_PLACEMENT_3D('',#10752,#10753,#10754);
#10752 = CARTESIAN_POINT('',(93.,257.5,48.6));
#10753 = DIRECTION('',(1.,0.,0.));
#10754 = DIRECTION('',(0.,0.,1.));
#10755 = ADVANCED_FACE('',(#10756),#10783,.T.);
#10756 = FACE_BOUND('',#10757,.T.);
#10757 = EDGE_LOOP('',(#10758,#10767,#10775,#10782));
#10758 = ORIENTED_EDGE('',*,*,#10759,.T.);
#10759 = EDGE_CURVE('',#10760,#10760,#10762,.T.);
#10760 = VERTEX_POINT('',#10761);
#10761 = CARTESIAN_POINT('',(89.,190.,58.6));
#10762 = CIRCLE('',#10763,10.);
#10763 = AXIS2_PLACEMENT_3D('',#10764,#10765,#10766);
#10764 = CARTESIAN_POINT('',(89.,190.,48.6));
#10765 = DIRECTION('',(1.,0.,-0.));
#10766 = DIRECTION('',(0.,0.,1.));
#10767 = ORIENTED_EDGE('',*,*,#10768,.T.);
#10768 = EDGE_CURVE('',#10760,#10769,#10771,.T.);
#10769 = VERTEX_POINT('',#10770);
#10770 = CARTESIAN_POINT('',(92.6,190.,58.6));
#10771 = LINE('',#10772,#10773);
#10772 = CARTESIAN_POINT('',(81.,190.,58.6));
#10773 = VECTOR('',#10774,1.);
#10774 = DIRECTION('',(1.,0.,0.));
#10775 = ORIENTED_EDGE('',*,*,#10776,.F.);
#10776 = EDGE_CURVE('',#10769,#10769,#10777,.T.);
#10777 = CIRCLE('',#10778,10.);
#10778 = AXIS2_PLACEMENT_3D('',#10779,#10780,#10781);
#10779 = CARTESIAN_POINT('',(92.6,190.,48.6));
#10780 = DIRECTION('',(1.,0.,-0.));
#10781 = DIRECTION('',(0.,0.,1.));
#10782 = ORIENTED_EDGE('',*,*,#10768,.F.);
#10783 = CYLINDRICAL_SURFACE('',#10784,10.);
#10784 = AXIS2_PLACEMENT_3D('',#10785,#10786,#10787);
#10785 = CARTESIAN_POINT('',(81.,190.,48.6));
#10786 = DIRECTION('',(1.,0.,0.));
#10787 = DIRECTION('',(0.,0.,1.));
#10788 = ADVANCED_FACE('',(#10789),#10809,.T.);
#10789 = FACE_BOUND('',#10790,.T.);
#10790 = EDGE_LOOP('',(#10791,#10800,#10801,#10802));
#10791 = ORIENTED_EDGE('',*,*,#10792,.F.);
#10792 = EDGE_CURVE('',#10769,#10793,#10795,.T.);
#10793 = VERTEX_POINT('',#10794);
#10794 = CARTESIAN_POINT('',(93.,190.,58.2));
#10795 = CIRCLE('',#10796,0.4);
#10796 = AXIS2_PLACEMENT_3D('',#10797,#10798,#10799);
#10797 = CARTESIAN_POINT('',(92.6,190.,58.2));
#10798 = DIRECTION('',(0.,1.,0.));
#10799 = DIRECTION('',(0.,0.,1.));
#10800 = ORIENTED_EDGE('',*,*,#10776,.T.);
#10801 = ORIENTED_EDGE('',*,*,#10792,.T.);
#10802 = ORIENTED_EDGE('',*,*,#10803,.F.);
#10803 = EDGE_CURVE('',#10793,#10793,#10804,.T.);
#10804 = CIRCLE('',#10805,9.6);
#10805 = AXIS2_PLACEMENT_3D('',#10806,#10807,#10808);
#10806 = CARTESIAN_POINT('',(93.,190.,48.6));
#10807 = DIRECTION('',(1.,0.,-0.));
#10808 = DIRECTION('',(0.,0.,1.));
#10809 = TOROIDAL_SURFACE('',#10810,9.6,0.4);
#10810 = AXIS2_PLACEMENT_3D('',#10811,#10812,#10813);
#10811 = CARTESIAN_POINT('',(92.6,190.,48.6));
#10812 = DIRECTION('',(1.,0.,0.));
#10813 = DIRECTION('',(0.,0.,1.));
#10814 = ADVANCED_FACE('',(#10815),#10834,.F.);
#10815 = FACE_BOUND('',#10816,.F.);
#10816 = EDGE_LOOP('',(#10817,#10826,#10832,#10833));
#10817 = ORIENTED_EDGE('',*,*,#10818,.F.);
#10818 = EDGE_CURVE('',#10819,#10819,#10821,.T.);
#10819 = VERTEX_POINT('',#10820);
#10820 = CARTESIAN_POINT('',(93.,190.,51.4));
#10821 = CIRCLE('',#10822,2.8);
#10822 = AXIS2_PLACEMENT_3D('',#10823,#10824,#10825);
#10823 = CARTESIAN_POINT('',(93.,190.,48.6));
#10824 = DIRECTION('',(1.,0.,-0.));
#10825 = DIRECTION('',(0.,0.,1.));
#10826 = ORIENTED_EDGE('',*,*,#10827,.F.);
#10827 = EDGE_CURVE('',#10647,#10819,#10828,.T.);
#10828 = LINE('',#10829,#10830);
#10829 = CARTESIAN_POINT('',(80.,190.,51.4));
#10830 = VECTOR('',#10831,1.);
#10831 = DIRECTION('',(1.,0.,0.));
#10832 = ORIENTED_EDGE('',*,*,#10646,.T.);
#10833 = ORIENTED_EDGE('',*,*,#10827,.T.);
#10834 = CYLINDRICAL_SURFACE('',#10835,2.8);
#10835 = AXIS2_PLACEMENT_3D('',#10836,#10837,#10838);
#10836 = CARTESIAN_POINT('',(80.,190.,48.6));
#10837 = DIRECTION('',(1.,0.,0.));
#10838 = DIRECTION('',(0.,0.,1.));
#10839 = ADVANCED_FACE('',(#10840,#10843),#10846,.T.);
#10840 = FACE_BOUND('',#10841,.T.);
#10841 = EDGE_LOOP('',(#10842));
#10842 = ORIENTED_EDGE('',*,*,#10803,.T.);
#10843 = FACE_BOUND('',#10844,.T.);
#10844 = EDGE_LOOP('',(#10845));
#10845 = ORIENTED_EDGE('',*,*,#10818,.F.);
#10846 = PLANE('',#10847);
#10847 = AXIS2_PLACEMENT_3D('',#10848,#10849,#10850);
#10848 = CARTESIAN_POINT('',(93.,190.,48.6));
#10849 = DIRECTION('',(1.,0.,0.));
#10850 = DIRECTION('',(0.,0.,1.));
#10851 = ADVANCED_FACE('',(#10852,#10867,#10870),#10873,.T.);
#10852 = FACE_BOUND('',#10853,.T.);
#10853 = EDGE_LOOP('',(#10854,#10855,#10856,#10857,#10858,#10864,#10865,
    #10866));
#10854 = ORIENTED_EDGE('',*,*,#9075,.T.);
#10855 = ORIENTED_EDGE('',*,*,#8792,.T.);
#10856 = ORIENTED_EDGE('',*,*,#9192,.T.);
#10857 = ORIENTED_EDGE('',*,*,#10013,.T.);
#10858 = ORIENTED_EDGE('',*,*,#10859,.F.);
#10859 = EDGE_CURVE('',#9724,#10005,#10860,.T.);
#10860 = LINE('',#10861,#10862);
#10861 = CARTESIAN_POINT('',(-89.,302.,6.));
#10862 = VECTOR('',#10863,1.);
#10863 = DIRECTION('',(0.,0.,1.));
#10864 = ORIENTED_EDGE('',*,*,#9723,.F.);
#10865 = ORIENTED_EDGE('',*,*,#9593,.F.);
#10866 = ORIENTED_EDGE('',*,*,#9405,.F.);
#10867 = FACE_BOUND('',#10868,.T.);
#10868 = EDGE_LOOP('',(#10869));
#10869 = ORIENTED_EDGE('',*,*,#10451,.T.);
#10870 = FACE_BOUND('',#10871,.T.);
#10871 = EDGE_LOOP('',(#10872));
#10872 = ORIENTED_EDGE('',*,*,#10547,.T.);
#10873 = PLANE('',#10874);
#10874 = AXIS2_PLACEMENT_3D('',#10875,#10876,#10877);
#10875 = CARTESIAN_POINT('',(-89.,220.64930555555,33.550694444444));
#10876 = DIRECTION('',(-1.,-0.,-0.));
#10877 = DIRECTION('',(0.,0.,-1.));
#10878 = ADVANCED_FACE('',(#10879,#10894,#10897),#10900,.T.);
#10879 = FACE_BOUND('',#10880,.T.);
#10880 = EDGE_LOOP('',(#10881,#10882,#10883,#10884,#10885,#10891,#10892,
    #10893));
#10881 = ORIENTED_EDGE('',*,*,#9153,.F.);
#10882 = ORIENTED_EDGE('',*,*,#9463,.T.);
#10883 = ORIENTED_EDGE('',*,*,#9806,.T.);
#10884 = ORIENTED_EDGE('',*,*,#9936,.T.);
#10885 = ORIENTED_EDGE('',*,*,#10886,.T.);
#10886 = EDGE_CURVE('',#9937,#10080,#10887,.T.);
#10887 = LINE('',#10888,#10889);
#10888 = CARTESIAN_POINT('',(89.,302.,6.));
#10889 = VECTOR('',#10890,1.);
#10890 = DIRECTION('',(0.,0.,1.));
#10891 = ORIENTED_EDGE('',*,*,#10088,.F.);
#10892 = ORIENTED_EDGE('',*,*,#9344,.F.);
#10893 = ORIENTED_EDGE('',*,*,#9044,.F.);
#10894 = FACE_BOUND('',#10895,.T.);
#10895 = EDGE_LOOP('',(#10896));
#10896 = ORIENTED_EDGE('',*,*,#10663,.F.);
#10897 = FACE_BOUND('',#10898,.T.);
#10898 = EDGE_LOOP('',(#10899));
#10899 = ORIENTED_EDGE('',*,*,#10759,.F.);
#10900 = PLANE('',#10901);
#10901 = AXIS2_PLACEMENT_3D('',#10902,#10903,#10904);
#10902 = CARTESIAN_POINT('',(89.,220.64930555555,33.550694444444));
#10903 = DIRECTION('',(1.,0.,0.));
#10904 = DIRECTION('',(0.,0.,1.));
#10905 = ADVANCED_FACE('',(#10906),#10930,.T.);
#10906 = FACE_BOUND('',#10907,.T.);
#10907 = EDGE_LOOP('',(#10908,#10909,#10910,#10911,#10912,#10918,#10919,
    #10920,#10921,#10922,#10923,#10929));
#10908 = ORIENTED_EDGE('',*,*,#7326,.F.);
#10909 = ORIENTED_EDGE('',*,*,#7285,.T.);
#10910 = ORIENTED_EDGE('',*,*,#7262,.T.);
#10911 = ORIENTED_EDGE('',*,*,#10063,.T.);
#10912 = ORIENTED_EDGE('',*,*,#10913,.F.);
#10913 = EDGE_CURVE('',#9963,#10055,#10914,.T.);
#10914 = LINE('',#10915,#10916);
#10915 = CARTESIAN_POINT('',(88.,303.,6.));
#10916 = VECTOR('',#10917,1.);
#10917 = DIRECTION('',(0.,0.,1.));
#10918 = ORIENTED_EDGE('',*,*,#9988,.F.);
#10919 = ORIENTED_EDGE('',*,*,#9815,.F.);
#10920 = ORIENTED_EDGE('',*,*,#9438,.F.);
#10921 = ORIENTED_EDGE('',*,*,#9602,.T.);
#10922 = ORIENTED_EDGE('',*,*,#9775,.F.);
#10923 = ORIENTED_EDGE('',*,*,#10924,.T.);
#10924 = EDGE_CURVE('',#9750,#10028,#10925,.T.);
#10925 = LINE('',#10926,#10927);
#10926 = CARTESIAN_POINT('',(-88.,303.,6.));
#10927 = VECTOR('',#10928,1.);
#10928 = DIRECTION('',(0.,0.,1.));
#10929 = ORIENTED_EDGE('',*,*,#10038,.T.);
#10930 = PLANE('',#10931);
#10931 = AXIS2_PLACEMENT_3D('',#10932,#10933,#10934);
#10932 = CARTESIAN_POINT('',(0.,303.,24.184848484848));
#10933 = DIRECTION('',(0.,1.,0.));
#10934 = DIRECTION('',(0.,0.,1.));
#10935 = ADVANCED_FACE('',(#10936),#10948,.T.);
#10936 = FACE_BOUND('',#10937,.T.);
#10937 = EDGE_LOOP('',(#10938,#10939,#10940,#10941,#10942,#10943,#10944,
    #10945,#10946,#10947));
#10938 = ORIENTED_EDGE('',*,*,#7683,.T.);
#10939 = ORIENTED_EDGE('',*,*,#7763,.T.);
#10940 = ORIENTED_EDGE('',*,*,#10279,.T.);
#10941 = ORIENTED_EDGE('',*,*,#8139,.F.);
#10942 = ORIENTED_EDGE('',*,*,#8091,.F.);
#10943 = ORIENTED_EDGE('',*,*,#8024,.F.);
#10944 = ORIENTED_EDGE('',*,*,#7974,.T.);
#10945 = ORIENTED_EDGE('',*,*,#10137,.F.);
#10946 = ORIENTED_EDGE('',*,*,#7632,.F.);
#10947 = ORIENTED_EDGE('',*,*,#7573,.T.);
#10948 = CYLINDRICAL_SURFACE('',#10949,22.);
#10949 = AXIS2_PLACEMENT_3D('',#10950,#10951,#10952);
#10950 = CARTESIAN_POINT('',(-12.,110.,24.));
#10951 = DIRECTION('',(1.,0.,0.));
#10952 = DIRECTION('',(0.,0.,1.));
#10953 = ADVANCED_FACE('',(#10954),#10960,.T.);
#10954 = FACE_BOUND('',#10955,.T.);
#10955 = EDGE_LOOP('',(#10956,#10957,#10958,#10959));
#10956 = ORIENTED_EDGE('',*,*,#8633,.T.);
#10957 = ORIENTED_EDGE('',*,*,#10296,.T.);
#10958 = ORIENTED_EDGE('',*,*,#7823,.F.);
#10959 = ORIENTED_EDGE('',*,*,#10335,.F.);
#10960 = CYLINDRICAL_SURFACE('',#10961,2.);
#10961 = AXIS2_PLACEMENT_3D('',#10962,#10963,#10964);
#10962 = CARTESIAN_POINT('',(-36.,137.,12.));
#10963 = DIRECTION('',(0.,0.,1.));
#10964 = DIRECTION('',(-1.,0.,0.));
#10965 = ADVANCED_FACE('',(#10966),#10972,.T.);
#10966 = FACE_BOUND('',#10967,.F.);
#10967 = EDGE_LOOP('',(#10968,#10969,#10970,#10971));
#10968 = ORIENTED_EDGE('',*,*,#10307,.T.);
#10969 = ORIENTED_EDGE('',*,*,#8199,.F.);
#10970 = ORIENTED_EDGE('',*,*,#10375,.F.);
#10971 = ORIENTED_EDGE('',*,*,#8656,.F.);
#10972 = CYLINDRICAL_SURFACE('',#10973,2.);
#10973 = AXIS2_PLACEMENT_3D('',#10974,#10975,#10976);
#10974 = CARTESIAN_POINT('',(36.,137.,12.));
#10975 = DIRECTION('',(0.,0.,1.));
#10976 = DIRECTION('',(1.,0.,0.));
#10977 = ADVANCED_FACE('',(#10978),#10984,.T.);
#10978 = FACE_BOUND('',#10979,.F.);
#10979 = EDGE_LOOP('',(#10980,#10981,#10982,#10983));
#10980 = ORIENTED_EDGE('',*,*,#10352,.T.);
#10981 = ORIENTED_EDGE('',*,*,#7548,.T.);
#10982 = ORIENTED_EDGE('',*,*,#10328,.F.);
#10983 = ORIENTED_EDGE('',*,*,#8473,.F.);
#10984 = CYLINDRICAL_SURFACE('',#10985,2.);
#10985 = AXIS2_PLACEMENT_3D('',#10986,#10987,#10988);
#10986 = CARTESIAN_POINT('',(-36.,145.,12.));
#10987 = DIRECTION('',(0.,0.,1.));
#10988 = DIRECTION('',(-1.,0.,0.));
#10989 = ADVANCED_FACE('',(#10990),#10996,.T.);
#10990 = FACE_BOUND('',#10991,.T.);
#10991 = EDGE_LOOP('',(#10992,#10993,#10994,#10995));
#10992 = ORIENTED_EDGE('',*,*,#8509,.T.);
#10993 = ORIENTED_EDGE('',*,*,#10359,.T.);
#10994 = ORIENTED_EDGE('',*,*,#7924,.T.);
#10995 = ORIENTED_EDGE('',*,*,#10382,.F.);
#10996 = CYLINDRICAL_SURFACE('',#10997,2.);
#10997 = AXIS2_PLACEMENT_3D('',#10998,#10999,#11000);
#10998 = CARTESIAN_POINT('',(36.,145.,12.));
#10999 = DIRECTION('',(0.,0.,1.));
#11000 = DIRECTION('',(1.,0.,0.));
#11001 = ADVANCED_FACE('',(#11002),#11008,.T.);
#11002 = FACE_BOUND('',#11003,.T.);
#11003 = EDGE_LOOP('',(#11004,#11005,#11006,#11007));
#11004 = ORIENTED_EDGE('',*,*,#10924,.F.);
#11005 = ORIENTED_EDGE('',*,*,#9758,.F.);
#11006 = ORIENTED_EDGE('',*,*,#10859,.T.);
#11007 = ORIENTED_EDGE('',*,*,#10102,.F.);
#11008 = CYLINDRICAL_SURFACE('',#11009,1.);
#11009 = AXIS2_PLACEMENT_3D('',#11010,#11011,#11012);
#11010 = CARTESIAN_POINT('',(-88.,302.,6.));
#11011 = DIRECTION('',(0.,0.,1.));
#11012 = DIRECTION('',(-1.,0.,0.));
#11013 = ADVANCED_FACE('',(#11014),#11020,.T.);
#11014 = FACE_BOUND('',#11015,.T.);
#11015 = EDGE_LOOP('',(#11016,#11017,#11018,#11019));
#11016 = ORIENTED_EDGE('',*,*,#10913,.T.);
#11017 = ORIENTED_EDGE('',*,*,#10119,.T.);
#11018 = ORIENTED_EDGE('',*,*,#10886,.F.);
#11019 = ORIENTED_EDGE('',*,*,#9971,.T.);
#11020 = CYLINDRICAL_SURFACE('',#11021,1.);
#11021 = AXIS2_PLACEMENT_3D('',#11022,#11023,#11024);
#11022 = CARTESIAN_POINT('',(88.,302.,6.));
#11023 = DIRECTION('',(0.,0.,1.));
#11024 = DIRECTION('',(1.,0.,0.));
#11025 = ( GEOMETRIC_REPRESENTATION_CONTEXT(3) 
GLOBAL_UNCERTAINTY_ASSIGNED_CONTEXT((#11029)) 
GLOBAL_UNIT_ASSIGNED_CONTEXT((#11026,#11027,#11028)) 
REPRESENTATION_CONTEXT('Context #1',
  '3D Context with UNIT and UNCERTAINTY') );
#11026 = ( LENGTH_UNIT() NAMED_UNIT(*) SI_UNIT(.MILLI.,.METRE.) );
#11027 = ( NAMED_UNIT(*) PLANE_ANGLE_UNIT() SI_UNIT($,.RADIAN.) );
#11028 = ( NAMED_UNIT(*) SI_UNIT($,.STERADIAN.) SOLID_ANGLE_UNIT() );
#11029 = UNCERTAINTY_MEASURE_WITH_UNIT(LENGTH_MEASURE(1.E-07),#11026,
  'distance_accuracy_value','confusion accuracy');
#11030 = PRODUCT_RELATED_PRODUCT_CATEGORY('part',$,(#7));
ENDSEC;
END-ISO-10303-21;
